-- phpMyAdmin SQL Dump
-- version 4.1.12
-- http://www.phpmyadmin.net
--
-- Host: 127.0.0.1
-- Generation Time: Jun 10, 2015 at 10:14 AM
-- Server version: 5.6.16
-- PHP Version: 5.5.11

SET SQL_MODE = "NO_AUTO_VALUE_ON_ZERO";
SET time_zone = "+00:00";


/*!40101 SET @OLD_CHARACTER_SET_CLIENT=@@CHARACTER_SET_CLIENT */;
/*!40101 SET @OLD_CHARACTER_SET_RESULTS=@@CHARACTER_SET_RESULTS */;
/*!40101 SET @OLD_COLLATION_CONNECTION=@@COLLATION_CONNECTION */;
/*!40101 SET NAMES utf8 */;

--
-- Database: `cast`
--

-- --------------------------------------------------------

--
-- Table structure for table `choice`
--

CREATE TABLE IF NOT EXISTS `choice` (
  `choice_id` int(16) NOT NULL AUTO_INCREMENT,
  `content` varchar(64) COLLATE utf8_unicode_ci NOT NULL,
  `jumpto_line_id` int(16) DEFAULT NULL,
  `fk_line_id` int(16) NOT NULL,
  PRIMARY KEY (`choice_id`),
  KEY `choice_id` (`choice_id`),
  KEY `jumpto_line_id` (`jumpto_line_id`),
  KEY `fk_line_id` (`fk_line_id`)
) ENGINE=InnoDB  DEFAULT CHARSET=utf8 COLLATE=utf8_unicode_ci AUTO_INCREMENT=7 ;

--
-- Dumping data for table `choice`
--

INSERT INTO `choice` (`choice_id`, `content`, `jumpto_line_id`, `fk_line_id`) VALUES
(1, 'Yes', 10, 8),
(2, 'Why do you ask?', 9, 8),
(3, 'Visit the person you always go to.', NULL, 19),
(4, 'Visit someone else for a change.', 121, 19),
(5, 'Think together.', NULL, 78),
(6, 'Propose something.', 106, 78);

-- --------------------------------------------------------

--
-- Table structure for table `configuration`
--

CREATE TABLE IF NOT EXISTS `configuration` (
  `configuration_id` int(16) NOT NULL AUTO_INCREMENT,
  `fk_fonttype_id` int(8) NOT NULL,
  `text_speed` int(16) NOT NULL COMMENT 'delay per character',
  `bgm_volume` float NOT NULL,
  `voice_volume` float NOT NULL,
  `sfx_volume` float NOT NULL,
  `fk_user_id` int(16) NOT NULL,
  `fk_project_id` int(16) NOT NULL,
  PRIMARY KEY (`configuration_id`),
  KEY `configuration_id` (`configuration_id`),
  KEY `fk_fonttype_id` (`fk_fonttype_id`),
  KEY `fk_user_id` (`fk_user_id`),
  KEY `fk_project_id` (`fk_project_id`)
) ENGINE=InnoDB  DEFAULT CHARSET=utf8 COLLATE=utf8_unicode_ci AUTO_INCREMENT=2 ;

--
-- Dumping data for table `configuration`
--

INSERT INTO `configuration` (`configuration_id`, `fk_fonttype_id`, `text_speed`, `bgm_volume`, `voice_volume`, `sfx_volume`, `fk_user_id`, `fk_project_id`) VALUES
(1, 4, 1, 1, 1, 1, 2, 1);

-- --------------------------------------------------------

--
-- Table structure for table `effect`
--

CREATE TABLE IF NOT EXISTS `effect` (
  `effect_id` int(16) NOT NULL AUTO_INCREMENT,
  `name` varchar(32) COLLATE utf8_unicode_ci NOT NULL,
  PRIMARY KEY (`effect_id`),
  KEY `effect_id` (`effect_id`)
) ENGINE=InnoDB  DEFAULT CHARSET=utf8 COLLATE=utf8_unicode_ci AUTO_INCREMENT=12 ;

--
-- Dumping data for table `effect`
--

INSERT INTO `effect` (`effect_id`, `name`) VALUES
(1, 'no effect'),
(2, 'fade in (default)'),
(3, 'fade out (default)'),
(4, 'move in from left'),
(5, 'move out to left'),
(6, 'move in from right'),
(7, 'move out to right'),
(8, 'move in from above'),
(9, 'move out to above'),
(10, 'move in from below'),
(11, 'move out to below');

-- --------------------------------------------------------

--
-- Table structure for table `fonttype`
--

CREATE TABLE IF NOT EXISTS `fonttype` (
  `fonttype_id` int(16) NOT NULL AUTO_INCREMENT,
  `name` varchar(32) COLLATE utf8_unicode_ci NOT NULL,
  PRIMARY KEY (`fonttype_id`),
  KEY `fonttype_id` (`fonttype_id`)
) ENGINE=InnoDB  DEFAULT CHARSET=utf8 COLLATE=utf8_unicode_ci AUTO_INCREMENT=8 ;

--
-- Dumping data for table `fonttype`
--

INSERT INTO `fonttype` (`fonttype_id`, `name`) VALUES
(1, 'Arial'),
(2, 'Helvetica'),
(3, 'Times New Roman'),
(4, 'MS UI Gothic'),
(5, 'Verdana'),
(6, 'Tahoma'),
(7, 'Comic Sans MS');

-- --------------------------------------------------------

--
-- Table structure for table `line`
--

CREATE TABLE IF NOT EXISTS `line` (
  `line_id` int(16) NOT NULL AUTO_INCREMENT,
  `sequence` int(16) NOT NULL,
  `label` varchar(32) COLLATE utf8_unicode_ci DEFAULT NULL,
  `speaker` varchar(32) COLLATE utf8_unicode_ci DEFAULT NULL,
  `content` varchar(256) COLLATE utf8_unicode_ci DEFAULT NULL,
  `jumpto_line_id` int(11) DEFAULT NULL,
  `fk_linetype_id` int(8) NOT NULL,
  `fk_project_id` int(16) NOT NULL,
  PRIMARY KEY (`line_id`),
  KEY `line_id` (`line_id`),
  KEY `jumpto_line_id` (`jumpto_line_id`),
  KEY `fk_linetype_id` (`fk_linetype_id`),
  KEY `fk_project_id` (`fk_project_id`)
) ENGINE=InnoDB  DEFAULT CHARSET=utf8 COLLATE=utf8_unicode_ci AUTO_INCREMENT=221 ;

--
-- Dumping data for table `line`
--

INSERT INTO `line` (`line_id`, `sequence`, `label`, `speaker`, `content`, `jumpto_line_id`, `fk_linetype_id`, `fk_project_id`) VALUES
(1, 1, 'first line', 'Gentleman', 'Look here, boy, can you hold my horse a few minutes?', NULL, 1, 1),
(2, 2, NULL, 'Jack', 'Yes, sir, I''ll hold him as long as you like.', NULL, 1, 1),
(3, 3, NULL, 'Gentleman', 'All right! I''m going in at No. 39; I won''t be long.', NULL, 1, 1),
(4, 5, NULL, 'Frank', 'Have you set up a carriage, Jack?', NULL, 1, 1),
(8, 6, NULL, NULL, NULL, NULL, 2, 1),
(9, 7, 'asking answer', 'Frank', 'No real reason, just curious', 11, 1, 1),
(10, 8, 'yes answer', 'Jack', 'but it ain''t for long. I shall set down again pretty soon.', 11, 1, 1),
(11, 10, 'continue', 'Frank', 'I thought your grandmother had left you a fortune, and you had set up a team.', NULL, 1, 1),
(12, 9, NULL, 'Jack', 'No such good news. It belongs to a gentleman that''s inside.', NULL, 1, 1),
(15, 11, NULL, 'Jack', 'No such good news. It belongs to a gentleman that''s inside.', NULL, 1, 1),
(16, 81, NULL, NULL, NULL, NULL, 4, 1),
(17, 1, NULL, 'Aya', 'There''s no good material at all. Ah, hello everyone, it''s your pure and honest Shameimaru!\nI''ve been called disgusting and annoying recently, so I want to improve my mood.', NULL, 1, 2),
(18, 2, NULL, 'Aya', 'Writing about danmaku fights between various people would be too ordinary and there aren''t any big incidents. What so I do?', NULL, 1, 2),
(19, 3, NULL, NULL, NULL, NULL, 2, 2),
(20, 4, 'first branch', 'Aya', 'This time let''s try going to that place that is always in the centre of attention to collect some material and fight boredom...', NULL, 1, 2),
(21, 5, NULL, NULL, '............', NULL, 1, 2),
(22, 6, NULL, 'Reimu', 'Ah... I wish I had money...', NULL, 1, 2),
(23, 7, NULL, 'Reimu', 'Of course... or perhaps needless to say... I don''t have it! I have less money than anyone in Gensokyo!... Money! Yen... Dollars! Not even the smallest banknote! I have nothing.', NULL, 1, 2),
(24, 8, NULL, 'Aya', 'Miss Reimu!', NULL, 1, 2),
(25, 9, NULL, 'Reimu', 'I don''t know if Marisa got the idea from her burglar friends or pulled it out of nowhere, but no matter how loud she tells me, there''s no such thing as hidden Hakurei Tresures!', NULL, 1, 2),
(26, 10, NULL, 'Aya', 'Ehm... Miss Reimu?...', NULL, 1, 2),
(27, 11, NULL, 'Reimu', 'I recently felt bad about the donation box only standing near my shrine, so I took it Underground, to Hell, Springs and other places.', NULL, 1, 2),
(28, 12, NULL, 'Reimu', 'I got about 50 pieces. It''s not like I couldn''t move it. Basically, donation income slacks as well.', NULL, 1, 2),
(29, 13, NULL, 'Aya', 'Miss Reimu...', NULL, 1, 2),
(30, 14, NULL, 'Reimu', 'Fool! There''s nothing in there... Nothing at all!...', NULL, 1, 2),
(31, 15, NULL, 'Aya', 'Miss Re-eimu!', NULL, 1, 2),
(32, 16, NULL, 'Reimu', '...Hm? Woah! You were here? If you are here, then say that you are!', NULL, 1, 2),
(33, 17, NULL, 'Aya', 'Aside from that... What were you doing just...', NULL, 1, 2),
(34, 18, NULL, 'Reimu', 'Traditional Hakurei prayers for money accumulation', NULL, 1, 2),
(35, 19, NULL, 'Aya', 'They don''t seem to work, though.', NULL, 1, 2),
(36, 20, NULL, 'Reimu', 'I have a feeling they squeeze money out instead of bringing it.', NULL, 1, 2),
(37, 21, NULL, 'Aya', 'Ah... I thought that this game suddenly took a change in direction.', NULL, 1, 2),
(38, 22, NULL, 'Reimu', 'What do you mean? "this game"?', NULL, 1, 2),
(39, 23, NULL, 'Aya', 'Just talking to myself.', NULL, 1, 2),
(40, 24, NULL, 'Reimu', 'By the way, it''s a rare sight for you to come.', NULL, 1, 2),
(41, 25, NULL, 'Aya', 'I thought I could come ask you a few things.', NULL, 1, 2),
(42, 26, NULL, 'Reimu', 'I don''t think I have anything to tell that you could use for your newspaper. There''s just sweeping and boredom here.', NULL, 1, 2),
(43, 27, NULL, 'Aya', 'Well then, I''m going to take off my underwear and go make new material that way, is that alright?', NULL, 1, 2),
(44, 28, NULL, 'Reimu', 'It''s not alright! Why do you start telling such shocking stuff all of a sudden?', NULL, 1, 2),
(45, 29, NULL, 'Aya', 'I''m not as bad as you think. After all, I''m pure and honest.', NULL, 1, 2),
(46, 30, NULL, 'Reimu', 'Just where the hell ARE you pure?', NULL, 1, 2),
(47, 31, NULL, 'Aya', 'Well, let me take off my skirt and I''ll show you.', NULL, 1, 2),
(48, 32, NULL, 'Reimu', 'Put that back on!...Actually, put everything back on! This game is for all ages!', NULL, 1, 2),
(49, 33, NULL, 'Aya', 'I''m kidding. There clothes are my body hair.', NULL, 1, 2),
(50, 34, NULL, 'Reimu', 'Not that''s gross... So, why did you come?', NULL, 1, 2),
(51, 35, NULL, 'Aya', 'I thought that something interesting may have happened.', NULL, 1, 2),
(52, 36, NULL, 'Reimu', 'Nothing happened. I swept, I drank tea, I peeked into the donation box, I ate, I slept. And that''s enough for me.', NULL, 1, 2),
(53, 37, NULL, 'Aya', 'If nothing intriguing happens, I won''t have anything to write in my newspaper.', NULL, 1, 2),
(54, 38, NULL, 'Reimu', 'Then don''t!', NULL, 1, 2),
(55, 39, NULL, 'Aya', 'If there''s nothing to report, I''m going to just think articles up and that;s where my era truly beings.', NULL, 1, 2),
(56, 40, NULL, 'Reimu', 'You''re a helpless bastard, aren''t you?', NULL, 1, 2),
(57, 41, NULL, 'Aya', 'Thank you.', NULL, 1, 2),
(58, 42, NULL, 'Reimu', 'If you can''t get wnough materials here, aren''t there many other places you could try? How about visiting those mountain guys? Can''t you get enough materials there?', NULL, 1, 2),
(59, 43, NULL, 'Aya', 'Moriya residents wanted to drive the local Maglev train, so they shouted something like "We''re going to our home country to protest! Don''t stop, both of you!" and they left the world in high spirits.', NULL, 1, 2),
(60, 44, NULL, 'Reimu', 'If they pass through the border this light-heartedly it could be a problem... Or maybe the problem could be that Sanae was also eager to do it.', NULL, 1, 2),
(61, 45, NULL, 'Aya', 'She''s keeping up with times, you know. The gods on the other hand went "Aa Uuu!! Go slower, Iron Box! Aaa Uuu.".', NULL, 1, 2),
(62, 46, NULL, 'Aya', '"The Big Ground is going to hit us!" and "O, o, o! ON- stick!", so they showed they have no idea how it worked.', NULL, 1, 2),
(63, 47, NULL, 'Reimu', 'Fine then, but why don''t you just stop making the newspaper for some time? This should be easy, it''s not like you''re making money with it right?', NULL, 1, 2),
(64, 49, NULL, 'Reimu', 'Eh? "Uffufufufu, as expected, Korindo has a lot of glasses" - wait, has Rinnosuke finally gone insane?', NULL, 1, 2),
(65, 48, NULL, 'Aya', 'To begin with, I actually did start an advertisement column. This is newspaper printed the other day. The ad column is in the frame below.', NULL, 1, 2),
(66, 50, NULL, 'Aya', 'Yes, that''s it. Kourindo doesn''t sell glasses in the first place.', NULL, 1, 2),
(67, 51, NULL, 'Reimu', 'That''s not what I meant! So, how much did you get for this strange message from this Mr.Uffufufu?', NULL, 1, 2),
(68, 52, NULL, 'Aya', 'He subscribed to my newspaper, that''s enough for me.', NULL, 1, 2),
(69, 53, NULL, 'Reimu', 'For a reporter, you sure have a strange priorities in your mind...', NULL, 1, 2),
(70, 54, NULL, 'Aya', 'Ayayayayayayayaya.', NULL, 1, 2),
(71, 55, NULL, 'Reimu', 'What''s up with this reaction?...', NULL, 1, 2),
(72, 56, NULL, 'Aya', 'To have your work seen by people, to have them being touch by it, to have them become happy is a great feeling. That feeling alone is enough to make the effort worthy.', NULL, 1, 2),
(73, 57, NULL, 'Reimu', 'It''s strange for you to say such good word''s even though your newspaper is mostly filled with peeping photos.', NULL, 1, 2),
(74, 58, NULL, 'Aya', 'Yeah, yeah, want to act all smug?', NULL, 1, 2),
(75, 59, NULL, 'Reimu', 'I''m not trying to be smug here...', NULL, 1, 2),
(76, 60, NULL, 'Aya', 'Anyway, aren''t any refreshing, shocking, intriguing or nonsensical ideas running through your head?', NULL, 1, 2),
(77, 62, 'think together', 'Reimu', 'I can give you an idea, but give me something for it first.', NULL, 1, 2),
(78, 61, NULL, NULL, NULL, NULL, 2, 2),
(79, 63, NULL, 'Aya', 'I''ll give you Special Tengu Chestnut Bean Paste', NULL, 1, 2),
(80, 64, NULL, 'Reimu', 'What?! With that I won''t starve for 3 months!', NULL, 1, 2),
(81, 65, NULL, 'Aya', 'It''s good to be well-fd, isn''t it?', NULL, 1, 2),
(82, 66, NULL, 'Reimu', 'Let''s start. Hey, you! You worthless!', NULL, 1, 2),
(83, 67, NULL, 'Aya', 'Who?', NULL, 1, 2),
(84, 68, NULL, 'Reimu', 'I''m taling to you! you can''t make a newspaper from just photos and imaginary articles!', NULL, 1, 2),
(85, 69, NULL, 'Aya', 'But I often get the impression I can make people laugh from them.', NULL, 1, 2),
(86, 70, NULL, 'Reimu', 'So you make people laugh and what next? Act more like a journalist, show your journalist spirit!', NULL, 1, 2),
(87, 71, NULL, 'Aya', 'If you''re going to say something like this right noe, you''re going to raise some bad flags...', NULL, 1, 2),
(88, 72, NULL, 'Reimu', 'There''s no turning back now!! Unleash the fury!', NULL, 1, 2),
(89, 73, NULL, 'Aya', 'Oh, so that''s it... That''s it, huh? I... I''ll do my best!', NULL, 1, 2),
(90, 74, NULL, 'Reimu', 'Once more, from the depth of your stomach!', NULL, 1, 2),
(91, 75, NULL, 'Aya', 'I''ll do my best!', NULL, 1, 2),
(92, 76, NULL, 'Reimu', 'This doesn''t reach at all! Stomach it! Put all you soul into it!', NULL, 1, 2),
(93, 77, NULL, 'Aya', 'I will try. I''ll be working on newspaper as hard as I can.', NULL, 1, 2),
(94, 78, NULL, 'Reimu', 'Okay, my contract period expires here!', NULL, 1, 2),
(96, 79, NULL, 'Aya', 'Uoooo...', NULL, 1, 2),
(97, 80, NULL, NULL, '.............', NULL, 1, 2),
(98, 81, NULL, 'Marisa', 'Oh, every time I come to htis shrine, it''s always hot. It''s always spring with those two around here.', NULL, 1, 2),
(99, 82, NULL, 'Reimu', 'Now, Aya!', NULL, 1, 2),
(100, 83, NULL, 'Aya', 'Shameimaru Smash!', NULL, 1, 2),
(101, 84, NULL, 'Reimu', 'Yes! Now you''ve really become a journalist star!', NULL, 1, 2),
(103, 85, NULL, 'Marisa', 'Whew! Keep going! And so, they lived happily ever after.', NULL, 1, 2),
(104, 86, NULL, NULL, NULL, NULL, 1, 2),
(105, 87, NULL, NULL, NULL, NULL, 4, 2),
(106, 88, 'propose something', 'Reimu', 'Why don''t we find someone who wants to post in your ad column?', NULL, 1, 2),
(107, 89, NULL, 'Aya', 'Oh I see. This way I can reduce the part I''d had to write myself.', NULL, 1, 2),
(108, 90, NULL, 'Reimu', 'I wonder if you really want to write an article in the first place...', NULL, 1, 2),
(109, 91, NULL, 'Aya', 'With this decided, I can quickly, rapidly and swiftly print the next one once I return.', NULL, 1, 2),
(110, 92, NULL, 'Reimu', 'Wait... Did you even listen to me? Why are you full of energy all of a sudden?', NULL, 1, 2),
(111, 93, NULL, 'Aya', 'I think I''ll try to have ads occupy half the space.', NULL, 1, 2),
(112, 94, NULL, 'Reimu', 'That''s too much! Don''t leave just half the space for your writing!', NULL, 1, 2),
(113, 95, NULL, 'Aya', 'No, the rest is for "Uffufufuffu".', NULL, 1, 2),
(114, 96, NULL, 'Reimu', 'That''s not even a newspaper anymore! Don''t you dare to print it! Don''t make more trash!', NULL, 1, 2),
(115, 97, NULL, 'Aya', 'Well then, I''ll be leaving now. If something interesting happens, I''ll be sure to let Miss Reimu know... ow... ow...', NULL, 1, 2),
(116, 98, NULL, 'Reimu', 'Hey, I said listen to me! And stop making this cheesy echo!', NULL, 1, 2),
(117, 99, NULL, 'Reimu', 'And give me my money for offering the idea!!!!', NULL, 1, 2),
(118, 100, NULL, NULL, '..............', NULL, 1, 2),
(119, 101, NULL, NULL, '(to be continued...)', NULL, 1, 2),
(120, 102, NULL, NULL, NULL, NULL, 4, 2),
(121, 103, 'second branch', 'Aya', 'Since I''m always writing mainly about Reimu and Marisa, let''s try to watch a different person once in a while.', NULL, 1, 2),
(122, 104, NULL, 'Aya', 'Let''s go to that person''s house and see!', NULL, 1, 2),
(123, 105, NULL, NULL, '.............', NULL, 1, 2),
(124, 106, NULL, 'Aya', 'As you know, this is the house of Alice the puppeteer. Speaking of which, I wonder whom I''m speaking to all this time?', NULL, 1, 2),
(125, 107, NULL, 'Aya', 'Anyway, let''s casually walk inside and see what''s going on.', NULL, 1, 2),
(126, 108, NULL, NULL, '.............', NULL, 1, 2),
(127, 109, NULL, 'Aya', 'Ah.. What could... it be?...', NULL, 1, 2),
(128, 110, NULL, 'Alice', 'MA-RI-SA-A-A-A-A-A-A!!!', NULL, 1, 2),
(129, 111, NULL, 'Shanghai', 'Sha-a-a-a-!! Uboa-a-a!', NULL, 1, 2),
(130, 112, NULL, 'Aya', 'Good old Alice... Attached Marisa''s phpto to her own dolls and then loves them with all her might.', NULL, 1, 2),
(131, 113, NULL, 'Aya', 'Quickly make a photo.', NULL, 1, 2),
(132, 114, NULL, 'Alice', 'MARISA-AAAA... WHAT THE !?', NULL, 1, 2),
(133, 116, NULL, 'Alice', 'Ah... It''s, it''s not what you think! I made fake Marisa''s to practice for the real thing!', NULL, 1, 2),
(134, 117, NULL, 'Aya', 'No, it totally IS what I think it is.', NULL, 1, 2),
(135, 118, NULL, 'Alice', 'Now that you''ve seen it... I''ll make you into a doll too!!', NULL, 1, 2),
(136, 119, NULL, 'Aya', 'Eh!? W-wait a s!... A-a-a-a-a-a-a.............................', NULL, 1, 2),
(137, 120, NULL, NULL, '.............', NULL, 1, 2),
(138, 121, NULL, 'Marisa', 'Hey, Reimu. I came to ask for tea and sweets again.', NULL, 1, 2),
(139, 122, NULL, 'Reimu', 'There''s no food for you here!', NULL, 1, 2),
(140, 123, NULL, 'Marisa', 'You''re as cruel as always.', NULL, 1, 2),
(141, 124, NULL, 'Reimu', 'Aside from that, look here.', NULL, 1, 2),
(142, 125, NULL, NULL, 'Last night, Crow Tengu Aya Shameimaru went missing. Ms Shameimaru went to look for newspaper material herself yesterday...', NULL, 1, 2),
(143, 126, NULL, 'Marisa', 'Wh-what''s this... There''s a TV set in this tattered shrine...', NULL, 1, 2),
(144, 127, NULL, 'Reimu', 'That''s not what I meant!', NULL, 1, 2),
(145, 128, NULL, NULL, NULL, NULL, 1, 2),
(146, 129, NULL, NULL, NULL, NULL, 4, 2),
(147, 115, NULL, 'Aya', 'Ah...', NULL, 1, 2),
(148, 1, NULL, NULL, NULL, NULL, 1, 3),
(149, 4, NULL, NULL, '........', NULL, 1, 1),
(150, 12, NULL, 'Frank', 'Inside the carriage?', NULL, 1, 1),
(151, 13, NULL, 'Jack', 'No, in No. 39.', NULL, 1, 1),
(152, 14, NULL, 'Frank', 'How long''s he going to stay?', NULL, 1, 1),
(153, 15, NULL, 'Jack', 'I don''t know.', NULL, 1, 1),
(154, 16, NULL, 'Frank', 'If it was half an hour, we might take a ride, and be back in time.', NULL, 1, 1),
(155, 18, NULL, NULL, 'I shook my head in reply.', NULL, 1, 1),
(156, 19, NULL, 'Jack', 'I''ll stay here till he comes out.', NULL, 1, 1),
(157, 17, NULL, 'Jack', 'That ain''t my style,', NULL, 1, 1),
(158, 20, NULL, 'Frank', 'Well, I must be going along. Are you coming to school to-morrow?', NULL, 1, 1),
(159, 21, NULL, 'Jack', 'Yes, if I can''t get anything to do.', NULL, 1, 1),
(160, 22, NULL, 'Frank', 'Are you trying for that?', NULL, 1, 1),
(161, 23, NULL, 'Jack', 'I''d like to get a place. Father''s out of work, and anything I can earn comes in handy.', NULL, 1, 1),
(162, 24, NULL, 'Frank', 'My father''s got plenty of money. There isn''t any need of my working.', NULL, 1, 1),
(163, 25, NULL, 'Jack', 'Then your father''s lucky.', NULL, 1, 1),
(164, 26, NULL, 'Frank', 'And so am I.', NULL, 1, 1),
(165, 27, NULL, 'Jack', 'I don''t know about that. I''d just as lieve work as not.', NULL, 1, 1),
(166, 28, NULL, 'Frank', 'Well, I wouldn''t. I''d rather be my own master, and have my time to myself. But I must be going home.', NULL, 1, 1),
(168, 29, NULL, 'Jack', 'You''re lazy, Frank.', NULL, 1, 1),
(169, 30, NULL, 'Frank', 'Very likely. I''ve a right to be.', NULL, 1, 1),
(170, 31, NULL, NULL, 'Frank Nelson went off, and Jack was left alone.', NULL, 1, 1),
(171, 33, NULL, NULL, 'Half an hour passed, and still the gentleman, who had entered No. 39, didn''t appear.', NULL, 1, 1),
(172, 32, NULL, NULL, '.........', NULL, 1, 1),
(173, 34, NULL, NULL, 'The horse showed signs of impatience, shook his head, and eyed Jack in an unfriendly manner.', NULL, 1, 1),
(174, 35, NULL, 'Jack', '(He thinks it time to be going,)', NULL, 1, 1),
(175, 36, NULL, 'Jack', 'So do I. I wonder what the man''s up to. Perhaps he''s spending the day.', NULL, 1, 1),
(176, 37, NULL, NULL, 'Fifteen minutes more passed, but then relief came. The owner of the carriage came out.', NULL, 1, 1),
(177, 38, NULL, 'Gentleman', 'Did you get tired of waiting for me?', NULL, 1, 1),
(178, 39, NULL, 'Jack', 'No, I knew the longer the job, the bigger the pay.', NULL, 1, 1),
(179, 40, NULL, 'Gentleman', 'I suppose that is a hint,', NULL, 1, 1),
(180, 41, NULL, 'Jack', 'Perhaps so,', NULL, 1, 1),
(181, 42, NULL, 'Gentleman', 'Tell me, now, what are you going to do with the money I give you--buy candy?', NULL, 1, 1),
(182, 43, NULL, 'Jack', 'No, I shall carry it home to my mother.', NULL, 1, 1),
(183, 44, NULL, 'Gentleman', 'That''s well. Does your mother need the money?', NULL, 1, 1),
(184, 45, NULL, 'Jack', 'Yes, sir. Father''s out of work, and we''ve got to live all the same.', NULL, 1, 1),
(185, 46, NULL, 'Gentleman', 'What''s your father''s business?', NULL, 1, 1),
(186, 47, NULL, 'Jack', 'He''s a cooper.', NULL, 1, 1),
(187, 48, NULL, 'Gentleman', 'So he''s out of work?', NULL, 1, 1),
(188, 49, NULL, 'Jack', 'Yes, sir, and has been for six weeks. It''s on account of the panic, I suppose.', NULL, 1, 1),
(189, 50, NULL, 'Gentleman', 'Very likely. He has plenty of company just now.', NULL, 1, 1),
(190, 61, NULL, 'Gentleman', 'You seem to be a good boy and, under the circumstances, I will pay you more than I intended.', NULL, 1, 1),
(191, 51, NULL, NULL, 'It may be remarked that our story opens in the year 1867, memorable for\nits panic, and the business depression which followed.', NULL, 1, 1),
(192, 52, NULL, NULL, 'Nearly every branch of industry suffered, and thousands of men were thrown out of work, and utterly unable to find employment of any kind.', NULL, 1, 1),
(193, 53, NULL, NULL, 'Among them was Timothy Harding, the father of our hero. He was a sober, steady man, and industrious; but his wages had never been large.', NULL, 1, 1),
(194, 54, NULL, NULL, 'And he had been unable to save up a reserve fund, on which to draw in time of need.', NULL, 1, 1),
(195, 55, NULL, NULL, 'He had an excellent wife, and but one child--our present hero; but there was another, and by no means unimportant member of the family.', NULL, 1, 1),
(196, 56, NULL, NULL, 'This was Rachel Harding, a spinster of melancholy temperament, who belonged to that unhappy class who are always prophesying evil, and expecting the worst.', NULL, 1, 1),
(197, 67, NULL, NULL, '........', NULL, 1, 1),
(198, 57, NULL, NULL, 'She had been "disappointed" in early life, and this had something to do with her gloomy views, but probably she was somewhat inclined by nature to despondency.', NULL, 1, 1),
(199, 58, NULL, NULL, 'The family lived in a humble tenement, which, however, was neatly kept,\nand would have been a cheerful home.', NULL, 1, 1),
(200, 59, NULL, NULL, 'but for the gloomy presence of Aunt Rachel, who, since her brother had been thrown out of employment, was gloomier than ever.', NULL, 1, 1),
(201, 60, NULL, NULL, 'But all this while we have left Jack and the stranger standing in the street.', NULL, 1, 1),
(202, 62, NULL, NULL, 'He drew from his vest pocket a dollar bill, and handed it to Jack.', NULL, 1, 1),
(203, 63, NULL, 'Jack', 'What! is all this for me?', NULL, 1, 1),
(204, 64, NULL, 'Gentleman', 'Yes, on the condition that you carry it home, and give it to your mother.', NULL, 1, 1),
(205, 65, NULL, 'Jack', 'That I will, sir; she''ll be glad enough to get it.', NULL, 1, 1),
(206, 66, NULL, 'Gentleman', 'Well, good-by, my boy. I hope your father''ll find work soon.', NULL, 1, 1),
(207, 68, NULL, 'Jack', 'He''s a trump! Wasn''t it lucky I was here just as he wanted a boy to hold his horse', NULL, 1, 1),
(208, 82, NULL, NULL, NULL, NULL, 1, 1),
(209, 69, NULL, 'Jack', 'I wonder what Aunt Rachel will have to say to that? Very likely she''ll say the bill is bad.', NULL, 1, 1),
(210, 70, NULL, NULL, 'Jack made the best of his way home. It was already late in the afternoon, and he knew he would be expected.', NULL, 1, 1),
(211, 71, NULL, NULL, 'It was with a lighter heart than usual that he bent his steps homeward, for he knew that the dollar would be heartily welcome.', NULL, 1, 1),
(212, 72, NULL, NULL, 'We will precede him, and give a brief description of his home.', NULL, 1, 1),
(213, 73, NULL, NULL, NULL, NULL, 1, 1),
(214, 74, NULL, NULL, NULL, NULL, 1, 1),
(215, 75, NULL, NULL, 'There were only five rooms, and these were furnished in the plainest manner. In the sitting room were his mother and aunt.', NULL, 1, 1),
(216, 76, NULL, NULL, 'Mrs. Harding was a motherly-looking woman, with a pleasant face, the prevailing expression of which was a serene cheerfulness', NULL, 1, 1),
(217, 77, NULL, NULL, 'though of late it had been harder than usual to preserve this, in the straits to which the family had been reduced. She was setting the table for tea.', NULL, 1, 1),
(218, 78, NULL, NULL, 'Aunt Rachel sat in a rocking-chair at the window. She was engaged in knitting.', NULL, 1, 1),
(219, 79, NULL, NULL, 'Her face was long and thin, and, as Jack expressed it, she looked as if she hadn''t a friend in the world. Her voice harmonized with her mournful expression, and was equally doleful.', NULL, 1, 1),
(220, 80, NULL, 'Harding', 'I wonder why Jack don''t come home?', NULL, 1, 1);

-- --------------------------------------------------------

--
-- Table structure for table `lineres`
--

CREATE TABLE IF NOT EXISTS `lineres` (
  `fk_line_id` int(16) NOT NULL,
  `fk_resource_id` int(16) NOT NULL,
  KEY `fk_line_id` (`fk_line_id`),
  KEY `fk_resource_id` (`fk_resource_id`)
) ENGINE=InnoDB DEFAULT CHARSET=utf8 COLLATE=utf8_unicode_ci;

--
-- Dumping data for table `lineres`
--

INSERT INTO `lineres` (`fk_line_id`, `fk_resource_id`) VALUES
(1, 50),
(1, 51),
(1, 57),
(2, 50),
(2, 51),
(3, 50),
(3, 51),
(4, 50),
(4, 51),
(9, 50),
(9, 51),
(10, 50),
(10, 51),
(11, 50),
(11, 51),
(12, 50),
(12, 51),
(15, 50),
(15, 51),
(17, 175),
(17, 339),
(18, 175),
(18, 343),
(20, 175),
(20, 353),
(21, 966),
(22, 169),
(22, 185),
(22, 713),
(23, 169),
(23, 185),
(23, 714),
(24, 169),
(24, 185),
(24, 354),
(25, 169),
(25, 185),
(25, 715),
(26, 169),
(26, 185),
(26, 355),
(27, 169),
(27, 185),
(27, 716),
(28, 169),
(28, 185),
(29, 169),
(29, 185),
(29, 356),
(30, 169),
(30, 185),
(30, 717),
(31, 169),
(31, 185),
(31, 357),
(32, 169),
(32, 177),
(32, 718),
(33, 169),
(33, 177),
(33, 358),
(34, 169),
(34, 177),
(34, 719),
(35, 169),
(35, 177),
(35, 359),
(36, 169),
(36, 177),
(36, 720),
(37, 169),
(37, 177),
(37, 360),
(38, 169),
(38, 177),
(38, 721),
(39, 169),
(39, 177),
(39, 361),
(40, 169),
(40, 177),
(40, 722),
(41, 169),
(41, 177),
(41, 362),
(42, 169),
(42, 177),
(42, 723),
(43, 169),
(43, 177),
(43, 363),
(44, 169),
(44, 177),
(44, 271),
(44, 724),
(45, 169),
(45, 177),
(45, 364),
(46, 169),
(46, 177),
(46, 725),
(47, 169),
(47, 177),
(47, 365),
(48, 169),
(48, 177),
(48, 726),
(49, 169),
(49, 177),
(49, 366),
(50, 169),
(50, 177),
(50, 727),
(51, 169),
(51, 177),
(51, 367),
(52, 169),
(52, 177),
(52, 728),
(53, 169),
(53, 177),
(53, 368),
(54, 169),
(54, 177),
(54, 729),
(55, 169),
(55, 177),
(55, 369),
(56, 169),
(56, 177),
(56, 730),
(57, 169),
(57, 177),
(57, 370),
(58, 169),
(58, 177),
(58, 731),
(59, 169),
(59, 177),
(59, 371),
(60, 169),
(60, 177),
(60, 732),
(61, 169),
(61, 177),
(61, 372),
(62, 169),
(62, 177),
(63, 169),
(63, 177),
(63, 733),
(65, 169),
(65, 177),
(65, 373),
(64, 169),
(64, 177),
(64, 734),
(66, 169),
(66, 177),
(66, 374),
(67, 169),
(67, 177),
(67, 735),
(68, 169),
(68, 177),
(68, 375),
(69, 169),
(69, 177),
(69, 736),
(70, 169),
(70, 177),
(70, 376),
(71, 169),
(71, 177),
(71, 737),
(72, 169),
(72, 177),
(72, 377),
(73, 169),
(73, 177),
(73, 738),
(74, 169),
(74, 177),
(74, 378),
(75, 169),
(75, 177),
(75, 739),
(76, 169),
(76, 177),
(76, 379),
(77, 169),
(77, 177),
(77, 740),
(79, 169),
(79, 181),
(79, 380),
(80, 169),
(80, 181),
(80, 741),
(81, 169),
(81, 181),
(81, 381),
(82, 169),
(82, 181),
(82, 742),
(83, 169),
(83, 181),
(83, 382),
(84, 169),
(84, 181),
(84, 743),
(85, 169),
(85, 181),
(85, 383),
(86, 169),
(86, 181),
(86, 744),
(87, 169),
(87, 181),
(87, 384),
(88, 169),
(88, 181),
(88, 745),
(88, 969),
(89, 169),
(89, 181),
(89, 385),
(90, 169),
(90, 181),
(90, 746),
(91, 169),
(91, 181),
(91, 386),
(92, 169),
(92, 181),
(92, 747),
(93, 169),
(93, 181),
(93, 387),
(94, 169),
(94, 181),
(94, 748),
(96, 169),
(96, 181),
(96, 388),
(97, 966),
(97, 181),
(98, 169),
(98, 177),
(98, 557),
(99, 169),
(99, 177),
(99, 269),
(99, 749),
(100, 169),
(100, 177),
(100, 338),
(101, 169),
(101, 177),
(101, 750),
(103, 169),
(103, 177),
(103, 558),
(104, 975),
(104, 181),
(106, 169),
(106, 177),
(106, 751),
(107, 169),
(107, 177),
(107, 341),
(108, 169),
(108, 177),
(108, 752),
(109, 169),
(109, 177),
(109, 340),
(110, 169),
(110, 177),
(110, 753),
(111, 169),
(111, 177),
(112, 169),
(112, 177),
(112, 754),
(113, 169),
(113, 177),
(113, 981),
(111, 980),
(114, 169),
(114, 177),
(114, 755),
(115, 169),
(115, 177),
(115, 978),
(116, 169),
(116, 177),
(116, 756),
(117, 169),
(117, 177),
(117, 706),
(118, 966),
(119, 966),
(121, 175),
(121, 342),
(122, 175),
(122, 344),
(123, 966),
(124, 170),
(124, 182),
(124, 345),
(125, 170),
(125, 182),
(125, 346),
(126, 966),
(126, 182),
(127, 171),
(127, 182),
(127, 347),
(128, 171),
(128, 182),
(128, 287),
(129, 171),
(129, 182),
(129, 922),
(130, 171),
(130, 182),
(130, 348),
(131, 171),
(131, 182),
(131, 195),
(131, 349),
(132, 171),
(132, 182),
(132, 243),
(132, 292),
(133, 171),
(133, 182),
(133, 293),
(134, 171),
(134, 182),
(134, 351),
(135, 171),
(135, 182),
(135, 294),
(135, 1026),
(136, 171),
(136, 182),
(136, 352),
(137, 966),
(137, 182),
(138, 169),
(138, 181),
(138, 554),
(139, 169),
(139, 181),
(139, 710),
(140, 169),
(140, 181),
(140, 555),
(141, 169),
(141, 181),
(141, 711),
(142, 169),
(142, 181),
(142, 440),
(143, 169),
(143, 181),
(143, 556),
(143, 217),
(144, 169),
(144, 181),
(144, 967),
(144, 712),
(145, 1027),
(145, 181),
(147, 171),
(147, 182),
(147, 350),
(149, 50),
(149, 51),
(150, 50),
(150, 51),
(151, 50),
(151, 51),
(152, 50),
(152, 51),
(153, 50),
(153, 51),
(154, 50),
(154, 51),
(157, 50),
(157, 51),
(155, 50),
(155, 51),
(156, 50),
(156, 51),
(158, 50),
(158, 51),
(159, 50),
(159, 51),
(160, 50),
(160, 51),
(161, 50),
(161, 51),
(162, 50),
(162, 51),
(163, 50),
(163, 51),
(164, 50),
(164, 51),
(165, 50),
(165, 51),
(166, 50),
(166, 51),
(168, 50),
(168, 51),
(169, 50),
(169, 51),
(170, 50),
(170, 51),
(172, 1806),
(172, 51),
(171, 50),
(171, 51),
(173, 50),
(173, 51),
(174, 50),
(174, 51),
(175, 50),
(175, 51),
(176, 1806),
(176, 51),
(177, 50),
(177, 51),
(178, 50),
(178, 51),
(179, 50),
(179, 51),
(180, 50),
(180, 51),
(181, 50),
(181, 51),
(182, 50),
(182, 51),
(183, 50),
(183, 51),
(184, 50),
(184, 51),
(185, 50),
(185, 51),
(186, 50),
(186, 51),
(187, 50),
(187, 51),
(188, 50),
(188, 51),
(189, 50),
(189, 51),
(191, 50),
(191, 52),
(192, 50),
(192, 52),
(193, 50),
(193, 52),
(194, 50),
(194, 52),
(195, 50),
(195, 52),
(196, 1806),
(196, 52),
(190, 50),
(190, 51),
(198, 1806),
(198, 52),
(199, 49),
(199, 52),
(200, 49),
(200, 52),
(201, 1806),
(201, 51),
(202, 50),
(202, 51),
(203, 50),
(203, 51),
(204, 50),
(204, 51),
(205, 50),
(205, 51),
(206, 50),
(206, 51),
(197, 1806),
(207, 48),
(207, 55),
(209, 48),
(209, 55),
(210, 48),
(210, 55),
(211, 48),
(211, 55),
(212, 1806),
(212, 55),
(213, 49),
(213, 55),
(214, 1807),
(214, 55),
(215, 1807),
(215, 55),
(216, 1807),
(216, 55),
(217, 1807),
(217, 55),
(218, 1807),
(218, 55),
(219, 1807),
(219, 55),
(220, 1807),
(220, 55);

-- --------------------------------------------------------

--
-- Table structure for table `linetype`
--

CREATE TABLE IF NOT EXISTS `linetype` (
  `linetype_id` int(8) NOT NULL AUTO_INCREMENT,
  `name` varchar(32) COLLATE utf8_unicode_ci NOT NULL,
  PRIMARY KEY (`linetype_id`),
  KEY `linetype_id` (`linetype_id`)
) ENGINE=InnoDB  DEFAULT CHARSET=utf8 COLLATE=utf8_unicode_ci AUTO_INCREMENT=5 ;

--
-- Dumping data for table `linetype`
--

INSERT INTO `linetype` (`linetype_id`, `name`) VALUES
(1, 'text'),
(2, 'choice'),
(3, 'video'),
(4, 'end');

-- --------------------------------------------------------

--
-- Table structure for table `permission`
--

CREATE TABLE IF NOT EXISTS `permission` (
  `permission_id` int(8) NOT NULL AUTO_INCREMENT,
  `name` varchar(32) COLLATE utf8_unicode_ci NOT NULL,
  PRIMARY KEY (`permission_id`),
  KEY `permission_id` (`permission_id`)
) ENGINE=InnoDB  DEFAULT CHARSET=utf8 COLLATE=utf8_unicode_ci AUTO_INCREMENT=3 ;

--
-- Dumping data for table `permission`
--

INSERT INTO `permission` (`permission_id`, `name`) VALUES
(1, 'administrator'),
(2, 'member');

-- --------------------------------------------------------

--
-- Table structure for table `project`
--

CREATE TABLE IF NOT EXISTS `project` (
  `project_id` int(16) NOT NULL AUTO_INCREMENT,
  `title` varchar(32) COLLATE utf8_unicode_ci NOT NULL,
  `description` varchar(512) COLLATE utf8_unicode_ci DEFAULT NULL,
  `cover` varchar(128) COLLATE utf8_unicode_ci DEFAULT NULL,
  `created_date` datetime NOT NULL,
  `published_date` datetime DEFAULT NULL,
  `updated_date` timestamp NOT NULL DEFAULT CURRENT_TIMESTAMP ON UPDATE CURRENT_TIMESTAMP,
  `fk_user_id` int(16) NOT NULL,
  `fk_projectstatus_id` int(8) NOT NULL,
  PRIMARY KEY (`project_id`),
  KEY `project_id` (`project_id`),
  KEY `fk_user_id` (`fk_user_id`,`fk_projectstatus_id`),
  KEY `fk_projectstatus_id` (`fk_projectstatus_id`)
) ENGINE=InnoDB  DEFAULT CHARSET=utf8 COLLATE=utf8_unicode_ci AUTO_INCREMENT=4 ;

--
-- Dumping data for table `project`
--

INSERT INTO `project` (`project_id`, `title`, `description`, `cover`, `created_date`, `published_date`, `updated_date`, `fk_user_id`, `fk_projectstatus_id`) VALUES
(1, 'Jack''s Ward', 'Story of the boy guardian.', '1', '2015-05-28 17:45:09', NULL, '2015-06-10 03:14:11', 2, 1),
(2, 'EoSD for Busy Person', 'Imitation of Embodiment of Scarlet Devil for Busy Person, a Visual Novel by Kasuga Soft', NULL, '2015-06-02 08:09:47', NULL, '2015-06-03 05:24:43', 2, 1),
(3, 'Clannad', 'Imitation of Clannad, a Visual Novel by Key', NULL, '2015-06-03 07:23:47', NULL, '2015-06-03 05:23:47', 2, 1);

-- --------------------------------------------------------

--
-- Table structure for table `projectstatus`
--

CREATE TABLE IF NOT EXISTS `projectstatus` (
  `projectstatus_id` int(8) NOT NULL AUTO_INCREMENT,
  `name` varchar(32) COLLATE utf8_unicode_ci NOT NULL,
  PRIMARY KEY (`projectstatus_id`),
  KEY `projectstatus_id` (`projectstatus_id`)
) ENGINE=InnoDB  DEFAULT CHARSET=utf8 COLLATE=utf8_unicode_ci AUTO_INCREMENT=3 ;

--
-- Dumping data for table `projectstatus`
--

INSERT INTO `projectstatus` (`projectstatus_id`, `name`) VALUES
(1, 'unpublished'),
(2, 'published');

-- --------------------------------------------------------

--
-- Table structure for table `resource`
--

CREATE TABLE IF NOT EXISTS `resource` (
  `resource_id` int(16) NOT NULL AUTO_INCREMENT,
  `name` varchar(32) COLLATE utf8_unicode_ci NOT NULL,
  `file_name` varchar(64) COLLATE utf8_unicode_ci NOT NULL,
  `character_name` varchar(32) COLLATE utf8_unicode_ci DEFAULT NULL,
  `figure_name` varchar(32) COLLATE utf8_unicode_ci DEFAULT NULL,
  `expression_name` varchar(32) COLLATE utf8_unicode_ci DEFAULT NULL,
  `fk_resourcetype_id` int(8) NOT NULL,
  `fk_project_id` int(16) NOT NULL,
  PRIMARY KEY (`resource_id`),
  KEY `resource_id` (`resource_id`),
  KEY `fk_resourcetype_id` (`fk_resourcetype_id`,`fk_project_id`),
  KEY `fk_project_id` (`fk_project_id`)
) ENGINE=InnoDB  DEFAULT CHARSET=utf8 COLLATE=utf8_unicode_ci AUTO_INCREMENT=1808 ;

--
-- Dumping data for table `resource`
--

INSERT INTO `resource` (`resource_id`, `name`, `file_name`, `character_name`, `figure_name`, `expression_name`, `fk_resourcetype_id`, `fk_project_id`) VALUES
(1, 'jack0007', '4d86f7fd6fea7f50b937c7869cee89ac.png', 'Jack', 'Standing', 'Normal', 1, 1),
(2, 'jack0008', '1692743ca6db3936d244640039d5b182.png', 'Jack', 'Standing', 'Angry', 1, 1),
(3, 'jack0009', 'c46173cf066f6fb0f84604a7a8db95d0.png', 'Jack', 'Standing', 'Flat', 1, 1),
(5, 'jack0005', '8f77068ec5a499b2f1423fc4e493cad9.png', 'Jack', 'Standing', 'Smile', 1, 1),
(6, 'jack0010', 'f098c5f5cc6143ae21fd1d07993c4092.png', 'Jack', 'Standing', 'Confused', 1, 1),
(11, 'jack0015', 'e0a4623d8ebe9cdccb99624d97d7abe4.png', 'Jack', 'Standing', 'Dislike', 1, 1),
(13, 'jack0002', 'f9650c0001bee6cd2a9b93442404d40e.png', 'Jack', 'Standing', 'Reflect', 1, 1),
(14, 'jack0004', '68165b7b60ded522a180fd8bf64c58b6.png', 'Jack', 'Standing', 'Wonder', 1, 1),
(15, 'jack0003', 'e9a6215e2f4f937e18b223a458c88e9f.png', 'Jack', 'Standing', 'Close', 1, 1),
(16, 'frank0005', 'a15a6474663055f2cb04b63ccbe139a1.png', 'Frank', 'Standing', 'Normal', 1, 1),
(17, 'frank0002', '8db762376cec13dd3f2d748890f3e7be.png', 'Frank', 'Standing', 'Happy', 1, 1),
(18, 'frank0003', '06bd8b91f567b704d4b3065bd597ffdd.png', 'Frank', 'Standing', 'Poker', 1, 1),
(19, 'frank0006', '45bee2ca8044206baa58d9d9fb5beb58.png', 'Frank', 'Standing', 'Angry', 1, 1),
(23, 'frank0008', 'e112bf82438337786a4bd947a4aa7b41.png', 'Frank', 'Standing', 'Confident', 1, 1),
(25, 'frank0010', 'beae17999990eaf2ab7452013b99da9b.png', 'Frank', 'Standing', 'Dislike', 1, 1),
(26, 'gentleman0006', '45b0eb9291f2f3e21be041977d9e6c07.png', 'Gentleman', 'Standing', 'Normal', 1, 1),
(27, 'gentleman0004', '63ef42031f80bf805cd12d0eabddfe69.png', 'Gentleman', 'Standing', 'Open Mouth', 1, 1),
(28, 'gentleman0007', 'f435a013ab73ff2bf1e07be026dbe8ae.png', 'Gentleman', 'Standing', 'Stare', 1, 1),
(29, 'gentleman0005', '0454ad46976123c98d75c5cf3402d8ec.png', 'Gentleman', 'Standing', 'Happy', 1, 1),
(30, 'gentleman0003', '1beb6de3efcd3ba538b28a27349499f4.png', 'Gentleman', 'Standing', 'Smile', 1, 1),
(31, 'gentleman0002', 'f9a9cfc5058ec6a50ba121d086b236a1.png', 'Gentleman', 'Standing', 'Dislike', 1, 1),
(33, 'harding0006', 'd5f86713d9da080a199e42a9e20ddb6f.png', 'Harding', 'Standing', 'Normal', 1, 1),
(34, 'harding0008', '16b29a41921a9634cddd22cf90958e64.png', 'Harding', 'Standing', 'Frown', 1, 1),
(35, 'harding0005', '5d9ac0fb8cb81e4a91ba0822ac393be5.png', 'Harding', 'Standing', 'Happy Closed Eyes', 1, 1),
(36, 'harding0009', '98eb48f27c5cd76ecbc79804e2016309.png', 'Harding', 'Standing', 'Big Smile', 1, 1),
(37, 'harding0007', '6d9e5b379b9fabc2db9e51719774fcd5.png', 'Harding', 'Standing', 'Open Mouth', 1, 1),
(38, 'harding0001', '983aab5b3e1e8f48f74b2688d58a2a51.png', 'Harding', 'Standing', 'Normal Closed Eyes', 1, 1),
(39, 'harding0002', 'ae18b3738b5986b6dbc3c610b222dfa9.png', 'Harding', 'Standing', 'Normal Smile', 1, 1),
(40, 'harding0003', '956281233452c0251a4f7fcff2c69b98.png', 'Harding', 'Standing', 'Smile', 1, 1),
(42, 'rachel0001', '3bdf0fc2fdd4290fbc1086f88715cfa0.png', 'Rachel', 'Standing', 'Normal', 1, 1),
(43, 'rachel0005', '4c212de2d306c1a8cf54fc6a62f6d809.png', 'Rachel', 'Standing', 'Big Smile', 1, 1),
(44, 'rachel0006', '5969e9abb71ec90d48812e805cad2053.png', 'Rachel', 'Standing', 'Smile', 1, 1),
(45, 'rachel0003', 'ce0f49770eea3dc4066f42833d446acd.png', 'Rachel', 'Standing', 'Frown', 1, 1),
(46, 'rachel0002', '8f1b7afe2d73838b4a899f900e49110b.png', 'Rachel', 'Standing', 'Open Mouth', 1, 1),
(47, 'rachel0004', '7031c89fb9cab5511c14a342d6e55444.png', 'Rachel', 'Standing', 'Frown', 1, 1),
(48, 'road', '0fce49b565c8b5a784421712bcf9a4a0.jpg', NULL, NULL, NULL, 2, 1),
(49, 'house', '6f75d7c9aa6348c50fce0601e121740e.jpg', NULL, NULL, NULL, 2, 1),
(50, 'crossing', '411f8094607bb894ae52ec217231a7bb.jpg', NULL, NULL, NULL, 2, 1),
(51, 'Active', '527795851f43374529e8744f70b1421d.mp3', NULL, NULL, NULL, 3, 1),
(52, 'Clam', '667adbed3a185ca14b92e1275b4457b9.mp3', NULL, NULL, NULL, 3, 1),
(53, 'Gentle', 'fd6b3b2798da36c935cd1963e77d0aa5.mp3', NULL, NULL, NULL, 3, 1),
(54, 'Eventide', '9fa892950c5838d3624f3c5d7272371a.mp3', NULL, NULL, NULL, 3, 1),
(55, 'Bound', 'e3420e097dfc2dbe4ef50ddd27dbf362.mp3', NULL, NULL, NULL, 3, 1),
(56, 'punch 2', 'dc97115f17c340e667957c07cd4aff59.ogg', NULL, NULL, NULL, 4, 1),
(57, 'bell', '30073d41848c8df8bd2d561260f145fd.ogg', NULL, NULL, NULL, 4, 1),
(59, 'door close hard', '6b63a5d4baa83a580a6439f2e3278f1d.ogg', NULL, NULL, NULL, 4, 1),
(60, 'shower', 'd44b34a2eee73528a64fd54022673d21.ogg', NULL, NULL, NULL, 4, 1),
(61, 'footstep', '9a8f39ce2c31ec1a953654d7be97cafd.ogg', NULL, NULL, NULL, 4, 1),
(62, 'door open', '8b7efd0bf843ed37e6331d8dde4f8b5c.ogg', NULL, NULL, NULL, 4, 1),
(63, 'drop', 'eca82571356ffcc5f0d0814e3fba05c8.ogg', NULL, NULL, NULL, 4, 1),
(64, 'punch', 'a4b37782c6600fa5302b6eb748597660.ogg', NULL, NULL, NULL, 4, 1),
(65, 'hit', '21c80624cf39230cf7e23e21e343f6bc.ogg', NULL, NULL, NULL, 4, 1),
(66, 'voice_000006', '0f7d736a91f1382042aa34a76794b0d0.ogg', NULL, NULL, NULL, 5, 1),
(67, 'voice_000008', 'ad5415c84c699b2257e72f2d98775a38.ogg', NULL, NULL, NULL, 5, 1),
(68, 'voice_000007', '50447c38137cc2096355bdee1412ce94.ogg', NULL, NULL, NULL, 5, 1),
(69, 'voice_000010', '3ef6871a8499cd0066e79bf4a7c4c205.ogg', NULL, NULL, NULL, 5, 1),
(70, 'voice_000001', '3b6d2764357daad486a3f7fb8de4cbb4.ogg', NULL, NULL, NULL, 5, 1),
(71, 'voice_000009', '49c109204a38f8d1fcf53c115ec6d02c.ogg', NULL, NULL, NULL, 5, 1),
(72, 'voice_000003', '28bbe5edfe9a7e78798d50f4b4c4b494.ogg', NULL, NULL, NULL, 5, 1),
(73, 'voice_000005', 'ec9cc517d897a13f5bb3807bdc2292e6.ogg', NULL, NULL, NULL, 5, 1),
(74, 'voice_000004', 'aea2407b81520dad25785ae52b90b8d1.ogg', NULL, NULL, NULL, 5, 1),
(75, 'voice_000002', '3e79dda34f4519ec116d9c48f689cd6a.ogg', NULL, NULL, NULL, 5, 1),
(76, 'video', 'ddcfe18eae1e38b8677f8fcc82cfbbd2.mp4', NULL, NULL, NULL, 6, 1),
(77, 'alice01-3', '555c78e6a9a122dd8dc948ef8c42a16d.png', 'Alice', '1', '3', 1, 2),
(78, 'alice01-2', 'e756cb04242d82611f77ade3fe398017.png', 'Alice', '1', '2', 1, 2),
(79, 'alice01', '747cf9c8205a0db4b101d3c7dea171c0.png', 'Alice', '1', '1', 1, 2),
(80, 'alice02', 'd23226ff80179669e34fee4d2b54ba23.png', 'Alice', '2', '', 1, 2),
(81, 'alice02XX', '6aca88d1dd29dc431eece676ab088207.png', 'Alice', '2', 'x', 1, 2),
(82, 'alice01XX', '6f15f388712ffe6139e3a23b796128c9.png', 'Alice', '1', 'x', 1, 2),
(83, 'alice03', 'c1128b5e8d5c6fefb0762cb291419161.png', 'Alice', '3', '', 1, 2),
(84, 'alice03XX', '7f98008865c71ac2ea6d241d7cb67bb4.png', 'Alice', '3', 'x', 1, 2),
(85, 'alice04', '5c36fd7c91df101d23a00e00651376bb.png', 'Alice', '4', '', 1, 2),
(86, 'alice04XX', '9b2046016a59bacdea14000a53870907.png', 'Alice', '4', 'x', 1, 2),
(87, 'aya01', '3f4c5bf4d2240e814f175c305d297bf3.png', 'Aya', '1', NULL, 1, 2),
(88, 'aya01XX', 'f834de875adcc2e22a08e1a654a0724f.png', 'Aya', '1', 'x', 1, 2),
(89, 'aya02', 'b9ffe99c82b34681d14b218c678eeedb.png', 'Aya', '2', NULL, 1, 2),
(90, 'aya02XX', 'fec1d478c3f5ba2831d490288fc20ebe.png', 'Aya', '2', 'x', 1, 2),
(91, 'aya03XX', '9946a090be1ccf16a3875400b93c9509.png', 'Aya', '3', 'x', 1, 2),
(92, 'aya03', '547765887dc142265256771616c9b3de.png', 'Aya', '3', '1', 1, 2),
(93, 'aya03-3', 'fd17f32204823c2481c412e10dd931f3.png', 'Aya', '3', '3', 1, 2),
(94, 'aya03-2', '3a54e1aa97a009c61ba27e7db5acb96a.png', 'Aya', '3', '2', 1, 2),
(95, 'aya04', '66865cf0ae7f5adfad91ab04e141c8b7.png', 'Aya', '4', NULL, 1, 2),
(96, 'aya04XX', 'a588a0d5eb017c5b49ccdb272ed6e4fa.png', 'Aya', '4', 'x', 1, 2),
(97, 'chiruno01', '319545e261bdca49eb64bb9311e76a32.png', 'Cirno', '1', NULL, 1, 2),
(98, 'chiruno01XX', 'bbd007bd4ad125a7f4b3f38c2bd3ddf9.png', 'Cirno', '1', 'x', 1, 2),
(99, 'chiruno02', '3d40d269ccefb53195afc3cf2097192a.png', 'Cirno', '2', NULL, 1, 2),
(100, 'chiruno02XX', '1947cf1be87e13e7b96085bc61caeacd.png', 'Cirno', '2', 'x', 1, 2),
(101, 'koakuma01', '88855f8e778e57b50ca91e2c70d32c38.png', 'Koakuma', '1', '1', 1, 2),
(102, 'koakuma01-3', 'b25bb349945d451baa215fa07268e15f.png', 'Koakuma', '1', '3', 1, 2),
(103, 'koakuma01XX', '7bba7b9b8a9433c2b9487eac383bb46a.png', 'Koakuma', '1', 'x', 1, 2),
(104, 'koakuma01-2', 'a5ec5c9777013cbc377d00ef58b4504e.png', 'Koakuma', '1', '2', 1, 2),
(105, 'daiyou01', '0b9165fcf30c83bfc13855a62b951dce.png', 'Daiyou', '1', '1', 1, 2),
(106, 'daiyou01-3', '524c7f817139b3ed073482ff8cde787f.png', 'Daiyou', '1', '3', 1, 2),
(107, 'daiyou01-2', '64b5177f4a35d7bacf59c64f65f1147d.png', 'Daiyou', '1', '2', 1, 2),
(108, 'daiyou01XX', '0b3a9d6fb9d0f1cbc7f72722c198348b.png', 'Daiyou', '1', 'x', 1, 2),
(109, 'daiyou02', '0846bd0551d28d8df21e7548343baa64.png', 'Daiyou', '2', NULL, 1, 2),
(110, 'marisa01-2', '164bfb1c6ad9029ecce51b4b7dbaa8fb.png', 'Marisa', '1', '2', 1, 2),
(111, 'marisa01XX', '5f2a2e8465a781d02fefa1da3dc47e3e.png', 'Marisa', '1', 'x', 1, 2),
(112, 'marisa01-3', 'bc1d163abaa0575375a87bdbccd539e8.png', 'Marisa', '1', '3', 1, 2),
(113, 'marisa01', '35c8fb20761bb2f75bf94e3a7ef1a2ac.png', 'Marisa', '1', '1', 1, 2),
(114, 'marisa02XX', '4d1ad818909fec3b3ca6a1ab60b6413e.png', 'Marisa', '2', 'x', 1, 2),
(115, 'marisa02', '391955f61c8f049760bd8cb4566474bc.png', 'Marisa', '2', NULL, 1, 2),
(116, 'marisa03XX', '992f6d0bd75cb87557778a0eb15171be.png', 'Marisa', '3', 'x', 1, 2),
(117, 'marisa03-3', 'bf69d97314712f390de0bf943e2e25da.png', 'Marisa', '3', '3', 1, 2),
(118, 'marisa03', '5b0bf109f69a75604e83f59cc9729e31.png', 'Marisa', '3', '1', 1, 2),
(119, 'marisa03-2', '16a3befc945e4b8288baf6f98b154c75.png', 'Marisa', '3', '2', 1, 2),
(120, 'marisa04', '4e38fa2fd5762ea61aba9c4a6efbf153.png', 'Marisa', '4', NULL, 1, 2),
(121, 'marisa04XX', 'a27e904dda095f1fb68377bb9b3891e3.png', 'Marisa', '4', 'x', 1, 2),
(122, 'meirin01', '6b7d838131130f2698714974ed09018c.png', 'Meiling', '1', '1', 1, 2),
(123, 'meirin01XX', '3039c07510a07c7a5deb18004e5776f8.png', 'Meiling', '1', 'x', 1, 2),
(124, 'meirin01-3', 'ffd89b53be48a8b004a8415bf2c5546a.png', 'Meiling', '1', '3', 1, 2),
(125, 'meirin01-2', '2cb330f2e4b7bcecf3ccbe7c1377b40e.png', 'Meiling', '1', '2', 1, 2),
(126, 'pache01-2', '07fc5dda93fec6d570498f9296b0bc6c.png', 'Patchouli', '1', '2', 1, 2),
(127, 'pache01-3', '96e0e6c5df29e32bd89ae1d438cb4cf0.png', 'Patchouli', '1', '3', 1, 2),
(128, 'pache01XX', 'd0222810031748479052437f93f46423.png', 'Patchouli', '1', 'x', 1, 2),
(129, 'pache01', '6494ebd84a2c632f823a16a3b63e5c63.png', 'Patchouli', '1', '1', 1, 2),
(130, 'pache02', 'f409fd080d93f43d4d32b9d979755012.png', 'Patchouli', '2', NULL, 1, 2),
(131, 'pache02XX', '38bd8e78bb81505f17801b0ca81e0cd4.png', 'Patchouli', '2', 'x', 1, 2),
(132, 'pache03XX', '74a2b4578a5446b71fa96ab14b07aee9.png', 'Patchouli', '3', 'x', 1, 2),
(133, 'pache03', 'ce29857c8af3688bc20269fbab8522fd.png', 'Patchouli', '3', NULL, 1, 2),
(134, 'reimu01XX', '71f07ef63723d9b0aa8f8ca1b18d6a7f.png', 'Reimu', '1', 'x', 1, 2),
(135, 'reimu01-3', 'd57cb115546ed77a535ad084c1bc23d2.png', 'Reimu', '1', '3', 1, 2),
(136, 'reimu01', '526ed118c60dc791df20b2ae53704b70.png', 'Reimu', '1', '1', 1, 2),
(137, 'reimu01-2', 'e5cd96e8b0bbd878220f64009664132a.png', 'Reimu', '1', '2', 1, 2),
(138, 'reimu02XX', '248b514454f1e07aabb2cc44a08219d1.png', 'Reimu', '2', 'x', 1, 2),
(139, 'reimu02-2', 'b825de4b639e77c5a5739324f8479d25.png', 'Reimu', '2', '2', 1, 2),
(140, 'reimu02', '2aecf9600756a0a54c665914ce41bbbd.png', 'Reimu', '2', '1', 1, 2),
(141, 'reimu02-3', 'b402aae2ad1cb52770ef98b8d78b72d0.png', 'Reimu', '2', '3', 1, 2),
(142, 'reimu03XX', '225a3855aece4e6e59ae28e70edd6035.png', 'Reimu', '3', 'x', 1, 2),
(143, 'reimu03', '4532a3e01e351063cd707dc05d5114d4.png', 'Reimu', '3', NULL, 1, 2),
(144, 'reimu04', '0e6b40cc583f4b833aaf1e8108831abe.png', 'Reimu', '4', '1', 1, 2),
(145, 'reimu04-3', '41544aa89a4d934e96a7f5cef236efb3.png', 'Reimu', '4', '3', 1, 2),
(146, 'reimu04-2', '713a8040b5ce8f93f1a009bdac39caab.png', 'Reimu', '4', '2', 1, 2),
(147, 'reimu04XX', '8afe40cd8d428b9c6d92b461ee152992.png', 'Reimu', '4', 'x', 1, 2),
(148, 'remi01-3', '961475280c84e8cafb3b9b79d10ab91c.png', 'Remilia', '1', '3', 1, 2),
(149, 'remi01-2', 'ec87c2a68b35f22d60b71e4efb4c3762.png', 'Remilia', '1', '2', 1, 2),
(150, 'remi01XX', 'f7483e99cf9fa2c137f3522ffaae106c.png', 'Remilia', '1', 'x', 1, 2),
(151, 'remi01', '095927425e99a440e413626a7928405e.png', 'Remilia', '1', '1', 1, 2),
(152, 'remi02XX', 'c4f6e2ef9100acbd691c8f5ea938622d.png', 'Remilia', '2', 'x', 1, 2),
(153, 'remi02', 'e02c7583ddc7f446cb6ae4f92e7d7643.png', 'Remilia', '2', NULL, 1, 2),
(154, 'remi03XX', '55ab32b887e3de6efb1c405a39cfc177.png', 'Remilia', '3', 'x', 1, 2),
(155, 'remi03', 'a70f3312975e65ae2afd5f38b5a78d12.png', 'Remilia', '3', NULL, 1, 2),
(156, 'rumia01', 'eb3fafe9436969afd3756cae2a906866.png', 'Rumia', '1', '1', 1, 2),
(157, 'rumia01-2', '1f1dc39f3fe954fb6bce7f67a49324a9.png', 'Rumia', '1', '2', 1, 2),
(158, 'rumia01-3', '01b281474e161316f7302721364a3a97.png', 'Rumia', '1', '3', 1, 2),
(159, 'rumia01XX', '41bc1a31b7c2c7557a1463601e3c3254.png', 'Rumia', '1', 'x', 1, 2),
(160, 'sakuya01XX', '47056bb9cf43182e644656a6b4d2b206.png', 'Sakuya', '1', 'x', 1, 2),
(161, 'sakuya01-3', 'cf3fc4bb944c9bdb96c117a54e9268d9.png', 'Sakuya', '1', '3', 1, 2),
(162, 'sakuya01-2', '578c5a22f40991f9860c77be566c9aac.png', 'Sakuya', '1', '2', 1, 2),
(163, 'sakuya01', '20f2abc7c03982fffc1d4954eff3e131.png', 'Sakuya', '1', '1', 1, 2),
(164, 'bg04', 'cddfe9050e11e8a101e03487968f39a2.jpg', NULL, NULL, NULL, 2, 2),
(165, 'bg06', '784c930f393406b949147996c4501a9b.jpg', NULL, NULL, NULL, 2, 2),
(166, 'bg05', 'e93fdb635495d9faf3ee080c23c20a80.jpg', NULL, NULL, NULL, 2, 2),
(167, 'bg03', '2caa8a849af581eab76894517aef4884.jpg', NULL, NULL, NULL, 2, 2),
(168, 'bg02', 'd955b052237778a24c339fb267c5f848.jpg', NULL, NULL, NULL, 2, 2),
(169, 'bg01', '1f20aa7d04de511186593861d9fe232d.jpg', NULL, NULL, NULL, 2, 2),
(170, 'bg07', '304424634feda76a3dba2d915a2fdcea.jpg', NULL, NULL, NULL, 2, 2),
(171, 'bg08', '221b7e29b1e4a18da520f726fccdb8ec.jpg', NULL, NULL, NULL, 2, 2),
(172, 'bg09', '2a0fae63154c601414cba6a60b128b34.jpg', NULL, NULL, NULL, 2, 2),
(173, 'bg10', 'b6e1298528b7fd4f8a1493cd06523f7c.jpg', NULL, NULL, NULL, 2, 2),
(174, 'bg11', 'd7d52c52fa48fdf9ecbd45085aed4185.jpg', NULL, NULL, NULL, 2, 2),
(175, 'bg12', '12aac2ea724d3e61518fd849b41cf426.jpg', NULL, NULL, NULL, 2, 2),
(176, 'Title', '23a8f24a8bb61d2fc27f775ca97ba82b.ogg', NULL, NULL, NULL, 3, 2),
(177, 'Reimu', 'ab5ef271397dd8b5bb8ad1b1795e91c1.ogg', NULL, NULL, NULL, 3, 2),
(178, 'Cirno', '357585a0835d62a040c62d6aff9e4a76.ogg', NULL, NULL, NULL, 3, 2),
(179, 'Marisa', '1fe5c28b371ef150cc26339b13066c8f.ogg', NULL, NULL, NULL, 3, 2),
(180, 'Remilia', '747d57b98863b5cb88701fcdf8d74b16.ogg', NULL, NULL, NULL, 3, 2),
(181, 'The Joke', '8779d6dac14373e428a5ec7b65c6ab10.ogg', NULL, NULL, NULL, 3, 2),
(182, 'Alice', '2281c569a17e82a4a531f816c4b7bd98.ogg', NULL, NULL, NULL, 3, 2),
(183, 'Patchouli', 'cfd6a76aca4696eae29b29b90586c1eb.ogg', NULL, NULL, NULL, 3, 2),
(184, 'Title Roll', 'f19ac4ae51d885976b7b23e186f8ea23.ogg', NULL, NULL, NULL, 3, 2),
(185, 'Surprised', 'f0c675be49e8cc8a05c997574d3960fb.ogg', NULL, NULL, NULL, 3, 2),
(186, 'akuma_no_koe', 'ab5da339b818efdf9df1f83c4b0be378.ogg', NULL, NULL, NULL, 4, 2),
(187, 'beam_small_2', '56d9047d1d52c1324f6bef085ea2c971.ogg', NULL, NULL, NULL, 4, 2),
(188, 'ban', 'b45030e8637b22821ae837f0811003b1.ogg', NULL, NULL, NULL, 4, 2),
(189, 'beam_large', '6b58e9729a5e2e132de8c4ce7a1a42f7.ogg', NULL, NULL, NULL, 4, 2),
(190, 'beam_large_2', '794c75fab86fb3a788f5f27c0fd4160e.ogg', NULL, NULL, NULL, 4, 2),
(191, 'beam_small', '139497a88b91262fc04df9f53b4fb660.ogg', NULL, NULL, NULL, 4, 2),
(192, 'bii', 'a35e4e4a87b4597180c2667ae0545111.ogg', NULL, NULL, NULL, 4, 2),
(193, 'button', '35c4c7e3be2bccf33c15fab58233e6ae.ogg', NULL, NULL, NULL, 4, 2),
(194, 'buzzer', '7769a8b8632066e10a8ae8e5d56019c6.ogg', NULL, NULL, NULL, 4, 2),
(195, 'camera', '45501ce07dd7c4ff9b20e3fc89445118.ogg', NULL, NULL, NULL, 4, 2),
(196, 'chensor', '969e495a333a5f02ba3c027ad08d8942.ogg', NULL, NULL, NULL, 4, 2),
(197, 'chime', '2eb79bb94a5c98b3ddfd23596ce80008.ogg', NULL, NULL, NULL, 4, 2),
(198, 'clackson', '195a636aa8b9072d7a2e3b740a4ed1c4.ogg', NULL, NULL, NULL, 4, 2),
(199, 'crow', 'd5e7c3e1be9381dc51c821a80b70be8b.ogg', NULL, NULL, NULL, 4, 2),
(200, 'cymbal', '81d786d44133178de52f789b0cdf2d90.ogg', NULL, NULL, NULL, 4, 2),
(201, 'depart_call', 'ae9fd36591fba97b6498e2f2dd4582ee.ogg', NULL, NULL, NULL, 4, 2),
(202, 'door_knob', 'f838fd71b7d579c89619d1856eaaa143.ogg', NULL, NULL, NULL, 4, 2),
(203, 'door_knock', 'a2f1d585461e4362203ce84b166bfc43.ogg', NULL, NULL, NULL, 4, 2),
(204, 'door_open_1', '88f18336453575ae62979ea0f791a4f5.ogg', NULL, NULL, NULL, 4, 2),
(205, 'door_open_2', '581dc6cbef471684fa8f0925e9c190c3.ogg', NULL, NULL, NULL, 4, 2),
(206, 'drink_gulp', '575797ff4a0df413b140fc5bd9c5f9fb.ogg', NULL, NULL, NULL, 4, 2),
(207, 'drink', 'e12d50c1b6000ddc6c6fe216025e8f33.ogg', NULL, NULL, NULL, 4, 2),
(208, 'eat_potato', '423d1775a498a74ab61c9061c5587476.ogg', NULL, NULL, NULL, 4, 2),
(209, 'eat', '765a14710564203673646fd442702000.ogg', NULL, NULL, NULL, 4, 2),
(210, 'eerie', 'f08ece03ba9501265d0499b2aed5ea64.ogg', NULL, NULL, NULL, 4, 2),
(211, 'effect_1', '3ad5513b2347f2c94dc0146e1c37a99b.ogg', NULL, NULL, NULL, 4, 2),
(212, 'effect_2', 'fb2696a6d5df87aadffb1a9ddff2b2b1.ogg', NULL, NULL, NULL, 4, 2),
(213, 'effect_3', '219067efb9810cd0f77141233d65cfb4.ogg', NULL, NULL, NULL, 4, 2),
(214, 'effect_4', '9cb34b738d5c205d31e9055335ed36d0.ogg', NULL, NULL, NULL, 4, 2),
(215, 'effect_5', 'b89a68fd9b92fa86ef6a3721f98eba4c.ogg', NULL, NULL, NULL, 4, 2),
(216, 'effect_6', 'd6f3633d5b196a090bf9b37480543606.ogg', NULL, NULL, NULL, 4, 2),
(217, 'effect_7', 'c7f2181ce3971b1d13c7eda2752c8631.ogg', NULL, NULL, NULL, 4, 2),
(218, 'electric', 'da715b4cb4ab59cb432f67b545b163f0.ogg', NULL, NULL, NULL, 4, 2),
(219, 'geppu', '639c6efee1780dfb354e328ad665c467.ogg', NULL, NULL, NULL, 4, 2),
(220, 'geru', '3aec4533c0ebba7c69371dd788361746.ogg', NULL, NULL, NULL, 4, 2),
(221, 'glass_2', '4e9e88903cfdb0d1879f21d8c7260269.ogg', NULL, NULL, NULL, 4, 2),
(222, 'glass_1', '5bc0c1e2e2d3dc38bf8769855703bf10.ogg', NULL, NULL, NULL, 4, 2),
(223, 'glass_3', 'f732a00063b1b3a041fc2ddc8bf3b547.ogg', NULL, NULL, NULL, 4, 2),
(224, 'gong_1', '4836c9bdbb6fa92a1183856633e038f5.ogg', NULL, NULL, NULL, 4, 2),
(225, 'gong_2', 'd0265b73b770bd1fc48b7eb55d3d80aa.ogg', NULL, NULL, NULL, 4, 2),
(226, 'gonn', 'c2640a28a378effe76fdbfa6a4319461.ogg', NULL, NULL, NULL, 4, 2),
(227, 'heartbeat', '2d32077bfef9b7ae5d3f27403e49cb01.ogg', NULL, NULL, NULL, 4, 2),
(228, 'habataki', '246657c9105e91b5290f96ef9d3e61c8.ogg', NULL, NULL, NULL, 4, 2),
(229, 'hirameki', 'dfdbbbe11bf06a2f6b5c06278d313ef4.ogg', NULL, NULL, NULL, 4, 2),
(230, 'hit_1', '68f09e74b7c7f9fc2a54fc8b389d950c.ogg', NULL, NULL, NULL, 4, 2),
(231, 'hit_2', '2f903a8cb93fa7805aa3117e67e83840.ogg', NULL, NULL, NULL, 4, 2),
(232, 'hit_3', '087cea2202323fc41e96ff685ee32a87.ogg', NULL, NULL, NULL, 4, 2),
(233, 'hit_4', 'ca13d97e1891014df506fda7f198b070.ogg', NULL, NULL, NULL, 4, 2),
(234, 'hit_5', '0602617e620cecb85d1354fd3f08b081.ogg', NULL, NULL, NULL, 4, 2),
(235, 'hit_6', '3705b13d45731b7ea5d9d9c7cc7dbbcd.ogg', NULL, NULL, NULL, 4, 2),
(236, 'hit_7', '5473c01fca23a6dccd69a70347e4e1cd.ogg', NULL, NULL, NULL, 4, 2),
(237, 'hit_8', 'e0d416e13392ad87b8c0e86e89a54d97.ogg', NULL, NULL, NULL, 4, 2),
(238, 'jump', '9d6e7039c5964bd176a81942f602af97.ogg', NULL, NULL, NULL, 4, 2),
(239, 'jyajyan', 'f91aea15a0639ce2e422b18185c35aca.ogg', NULL, NULL, NULL, 4, 2),
(240, 'jyan', '68c3b7095bc1130016b20a743e60befe.ogg', NULL, NULL, NULL, 4, 2),
(241, 'kira', 'c39f29d52fcdcfb87209291a4c5415da.ogg', NULL, NULL, NULL, 4, 2),
(242, 'kiran', '43c6a69745171d88058f5a0b7f4e8d07.ogg', NULL, NULL, NULL, 4, 2),
(243, 'kirarin', '5eb8d62e27f9dd9a5a27c8b45e363d88.ogg', NULL, NULL, NULL, 4, 2),
(244, 'laser_beam', 'dbcccba71bea1a2b9aea95edb762b316.ogg', NULL, NULL, NULL, 4, 2),
(245, 'machine_gun', '5266b3b6b352b81ed4afdcab29a1f378.ogg', NULL, NULL, NULL, 4, 2),
(246, 'mekuru', 'd3bfd03c7cc2ddf954212bf612ca08a2.ogg', NULL, NULL, NULL, 4, 2),
(247, 'plate_shatter_2', '4d0cf22e8a36185b5b34938553975668.ogg', NULL, NULL, NULL, 4, 2),
(248, 'plate_shatter', 'fd0887496225816aa317eb6b7079fbd2.ogg', NULL, NULL, NULL, 4, 2),
(249, 'plater_shatter_3', '584200bbf3e9da7b2f3b27d91f9838a3.ogg', NULL, NULL, NULL, 4, 2),
(250, 'pomp', '7da9ae7d2ea357e6596d699fcaac2701.ogg', NULL, NULL, NULL, 4, 2),
(251, 'ponn_1', '0ff8609decef5cd1348898f21a3431de.ogg', NULL, NULL, NULL, 4, 2),
(252, 'ponn_2', 'c023f16185902d6237e7c6413f6801cc.ogg', NULL, NULL, NULL, 4, 2),
(253, 'poyon', 'e7325a243f4b8561063b97f773559e09.ogg', NULL, NULL, NULL, 4, 2),
(254, 'puin', '2f57260448f41ab013ee10f40c051625.ogg', NULL, NULL, NULL, 4, 2),
(255, 'poyoyo', 'b80d3e8444983c3a98b88782f209da28.ogg', NULL, NULL, NULL, 4, 2),
(256, 'pyon_1', '8fd1523d392fa4612d167335e635414d.ogg', NULL, NULL, NULL, 4, 2),
(257, 'pyon_2', '829f186e9070e9c9f3ae63af0e790492.ogg', NULL, NULL, NULL, 4, 2),
(258, 'pyon_3', 'c1a9c117728e1d31d9c0e73373642f44.ogg', NULL, NULL, NULL, 4, 2),
(259, 'pyon_4', '5afe817c02d889d6a63df57728eb23c4.ogg', NULL, NULL, NULL, 4, 2),
(260, 'pyon_5', '4e67f0b95f94ed0702adf69f5974cf83.ogg', NULL, NULL, NULL, 4, 2),
(261, 'pyon_6', '39fa420eed0e568a0b6e45861b71bed3.ogg', NULL, NULL, NULL, 4, 2),
(262, 'pyuui', 'e9c2c5640c90d9a05539f0359a890fc7.ogg', NULL, NULL, NULL, 4, 2),
(263, 'ray_1', '6692a9add196ab5859cfa1ec41c0606a.ogg', NULL, NULL, NULL, 4, 2),
(264, 'ray_2', '7606bebc9b9f03554a1dd3605661e82f.ogg', NULL, NULL, NULL, 4, 2),
(265, 'reel', '9f7fb7b46648f42c45d28abcc2ff1d04.ogg', NULL, NULL, NULL, 4, 2),
(266, 'reji', '3b882aa0377612093ebd0090032d76e3.ogg', NULL, NULL, NULL, 4, 2),
(267, 'ring_1', 'f9a8b8cb692105f08346734796297a49.ogg', NULL, NULL, NULL, 4, 2),
(268, 'ring_2', 'd15e926c55a68bae1a74f3514768e709.ogg', NULL, NULL, NULL, 4, 2),
(269, 'scouter', '2b2a9f6e6fcce41da7ce941e281eae8b.ogg', NULL, NULL, NULL, 4, 2),
(270, 'scream', 'cc7ec86533267ce94757da05333cf19e.ogg', NULL, NULL, NULL, 4, 2),
(271, 'shock_1', '7a3e6546f3c248e83e88507e48e37be8.ogg', NULL, NULL, NULL, 4, 2),
(272, 'shock_2', '9e14764a2df08ccb31c3ac4269874e0a.ogg', NULL, NULL, NULL, 4, 2),
(273, 'single', 'd47d148755f454331a2e9634fce0a760.ogg', NULL, NULL, NULL, 4, 2),
(274, 'siren', 'fab9a15a3044c8243488dd5a527f828c.ogg', NULL, NULL, NULL, 4, 2),
(275, 'snore', 'a126ce1191692949d94db14597c4cb68.ogg', NULL, NULL, NULL, 4, 2),
(276, 'stakorasasadme', '00f0ac560de5459dffaa570b27aa64b7.ogg', NULL, NULL, NULL, 4, 2),
(277, 'step', '085f582dee04c4d2df077765b2d8d362.ogg', NULL, NULL, NULL, 4, 2),
(278, 'train_2', '88740d064806c2b54a68acc6123c838d.ogg', NULL, NULL, NULL, 4, 2),
(279, 'tweet', 'c94c00c17486b2686674648481489222.ogg', NULL, NULL, NULL, 4, 2),
(280, 'warp', 'e4ff8c8e1207f0bad8aa477a01006fcd.ogg', NULL, NULL, NULL, 4, 2),
(281, 'toilet_water', 'bafc30cf80897af816361f81778779c1.ogg', NULL, NULL, NULL, 4, 2),
(282, 'train_1', '090de4f3f1724e568fc2bd37c7053ed1.ogg', NULL, NULL, NULL, 4, 2),
(283, 'yarareru', 'c892619100abe8bd46fcb6517c29d47d.ogg', NULL, NULL, NULL, 4, 2),
(284, 'zipper', '1f0311be0b5fad7a3f8c98efcb3aeb6e.ogg', NULL, NULL, NULL, 4, 2),
(285, 'zukkoke', '39242a57669d8c601608aa8b775a48b6.ogg', NULL, NULL, NULL, 4, 2),
(286, 'ali_0047', '496c3be377c49a831ea0c96f5121bc23.ogg', NULL, NULL, NULL, 5, 2),
(287, 'ali_0000', 'cb80a5d588fca4735cce5a2588d31355.ogg', NULL, NULL, NULL, 5, 2),
(288, 'ali_0049', '30d8498db0b8220dd6cc3e3b3dff722e.ogg', NULL, NULL, NULL, 5, 2),
(289, 'ali_0046a', '62f9f1278812524feb8e3b186728b57d.ogg', NULL, NULL, NULL, 5, 2),
(290, 'ali_0050', '7e29028973af7789cfff55ac977a04b9.ogg', NULL, NULL, NULL, 5, 2),
(291, 'ali_0048', '5f0a6deb1db5360fbab454c08784bcae.ogg', NULL, NULL, NULL, 5, 2),
(292, 'ali_0001', 'c96cc51fcb409cd489fb02a83e1cfedc.ogg', NULL, NULL, NULL, 5, 2),
(293, 'ali_0002', 'b71ab6628b259be39b5958ca45acc19e.ogg', NULL, NULL, NULL, 5, 2),
(294, 'ali_0003', '97351f7efd4bb91a277699b278401933.ogg', NULL, NULL, NULL, 5, 2),
(295, 'ali_0004', '38cd69337b45d58997a4544923ea1ab8.ogg', NULL, NULL, NULL, 5, 2),
(296, 'ali_0005', 'e63ca517454a72c0c6a7c9507c2b005e.ogg', NULL, NULL, NULL, 5, 2),
(297, 'ali_0006', 'ab66f6d967d91dff96916b9f127d5f37.ogg', NULL, NULL, NULL, 5, 2),
(298, 'ali_0007', '7c61d514c66bd37b5e657d9b12fe55d4.ogg', NULL, NULL, NULL, 5, 2),
(299, 'ali_0008', '71b9b3ba5f7ecba992b1ac735a7e7b7b.ogg', NULL, NULL, NULL, 5, 2),
(300, 'ali_0009', '69eecb2c582394bd17dfdba83a721953.ogg', NULL, NULL, NULL, 5, 2),
(301, 'ali_0010', '34a609af02d5f1698af6d05d01a4416b.ogg', NULL, NULL, NULL, 5, 2),
(302, 'ali_0011', '2cabd44ef32c0b78b9312f8e99868ff3.ogg', NULL, NULL, NULL, 5, 2),
(303, 'ali_0012', '31cf954df8e832db7d76e4e182b5fc9d.ogg', NULL, NULL, NULL, 5, 2),
(304, 'ali_0013', '10dac2f8f682586de854b14a46e0c24e.ogg', NULL, NULL, NULL, 5, 2),
(305, 'ali_0014', 'ca978678758032c19ae708384999c5b9.ogg', NULL, NULL, NULL, 5, 2),
(306, 'ali_0015', '1429da98243db656a098a9979692bc1e.ogg', NULL, NULL, NULL, 5, 2),
(307, 'ali_0016', 'ca518c3bc4308bb50ac22c52b37454cf.ogg', NULL, NULL, NULL, 5, 2),
(308, 'ali_0017', '6a06e2cdd4dc1e0aa71b42309f386717.ogg', NULL, NULL, NULL, 5, 2),
(309, 'ali_0018', 'e85131f2b3da04c45f6905c2499b8bd5.ogg', NULL, NULL, NULL, 5, 2),
(310, 'ali_0019', 'e822d3c07223074c55d0d4e042ccf5be.ogg', NULL, NULL, NULL, 5, 2),
(311, 'ali_0020', 'a6eaf419f215782bc5d466aa0bff0048.ogg', NULL, NULL, NULL, 5, 2),
(312, 'ali_0021', '1a0057ac8b4c9b821f033c01aeb114c8.ogg', NULL, NULL, NULL, 5, 2),
(313, 'ali_0022', '16a5f85f76f60b284e53a9eb8c89da04.ogg', NULL, NULL, NULL, 5, 2),
(314, 'ali_0023', '0d3a07307b05d17004c5379583c5348c.ogg', NULL, NULL, NULL, 5, 2),
(315, 'ali_0024', '8575b93414d6e82818b42171fc23d545.ogg', NULL, NULL, NULL, 5, 2),
(316, 'ali_0025', '05cb8a5318f4eabff7a89ea87fb1bdd2.ogg', NULL, NULL, NULL, 5, 2),
(317, 'ali_0026', 'cd3b23208912d9e22b47dcde799f66d8.ogg', NULL, NULL, NULL, 5, 2),
(318, 'ali_0027', '90fe838232a5c35a7b774a7c74b5fdba.ogg', NULL, NULL, NULL, 5, 2),
(319, 'ali_0028', '0cd3a0a996e967269686d30bb081c28b.ogg', NULL, NULL, NULL, 5, 2),
(320, 'ali_0029', '2be2629ea94e35b2c0c560f2d9805dde.ogg', NULL, NULL, NULL, 5, 2),
(321, 'ali_0030', 'b13454ae786af6b90af4c6a5fcd8db8b.ogg', NULL, NULL, NULL, 5, 2),
(322, 'ali_0031', 'bec654fd214cac4cd8f509b7cda995e9.ogg', NULL, NULL, NULL, 5, 2),
(323, 'ali_0032', '627f66230c1148714c9e7ec12824ab50.ogg', NULL, NULL, NULL, 5, 2),
(324, 'ali_0033', 'fd76e53590a79a8e74cd2e114d7bc03b.ogg', NULL, NULL, NULL, 5, 2),
(325, 'ali_0034', '256bcfef26cf03ecc37b936c03dbcdf3.ogg', NULL, NULL, NULL, 5, 2),
(326, 'ali_0035', '6a3e1893aee78d696cbcc5d56affd0d7.ogg', NULL, NULL, NULL, 5, 2),
(327, 'ali_0036', '7f18376238faeaccedac578a8eb6c578.ogg', NULL, NULL, NULL, 5, 2),
(328, 'ali_0037', '23b1f01bf70431ddc77c57283ce437ea.ogg', NULL, NULL, NULL, 5, 2),
(329, 'ali_0038', '75b7418ace773c45fe363d91c8d4862b.ogg', NULL, NULL, NULL, 5, 2),
(330, 'ali_0039', '65c8a12c377dbfe0b3b5b6cd457711e7.ogg', NULL, NULL, NULL, 5, 2),
(331, 'ali_0040', '955163d45576d537c1fa94cc50c5f833.ogg', NULL, NULL, NULL, 5, 2),
(332, 'ali_0041', 'f2bd3fa71c97850cafc4b5066fb3b46c.ogg', NULL, NULL, NULL, 5, 2),
(333, 'ali_0042', '4c2b122d973d92bd65ee90aab4a6b304.ogg', NULL, NULL, NULL, 5, 2),
(334, 'ali_0043', 'f1109308629442494178019c555c37c1.ogg', NULL, NULL, NULL, 5, 2),
(335, 'ali_0044', 'c1ffd693524dc6a5fc3c67f7d1e570e5.ogg', NULL, NULL, NULL, 5, 2),
(336, 'ali_0045', '0bfa8fc85902ea3c2f11605f48b8650c.ogg', NULL, NULL, NULL, 5, 2),
(337, 'ali_0046', '0a43277139b519901809e50c6707c279.ogg', NULL, NULL, NULL, 5, 2),
(338, 'aya_0048', 'a6044c503076047d4ffb0444a73056be.ogg', NULL, NULL, NULL, 5, 2),
(339, 'aya_0000', 'b819300e808cfed6e2bc7e86951dd22e.ogg', NULL, NULL, NULL, 5, 2),
(340, 'aya_0050', '93b587a0c3237b191e79ef76a9e1e223.ogg', NULL, NULL, NULL, 5, 2),
(341, 'aya_0049', '39f1e4dd5b8940792f57c696e65e223e.ogg', NULL, NULL, NULL, 5, 2),
(342, 'aya_0002', '6c8c9fe372a45bcb71fa330d5e024707.ogg', NULL, NULL, NULL, 5, 2),
(343, 'aya_0001', '4558259a8bd531166e14dc87c6d51276.ogg', NULL, NULL, NULL, 5, 2),
(344, 'aya_0003', 'fc8b7b582e7782f76c0f3ad294ab7190.ogg', NULL, NULL, NULL, 5, 2),
(345, 'aya_0004', '77b75eb0be0fe1c1b3db54a57a15a4d7.ogg', NULL, NULL, NULL, 5, 2),
(346, 'aya_0005', '2615cadb387981c57126daab9a553b06.ogg', NULL, NULL, NULL, 5, 2),
(347, 'aya_0006', '7b54f0284d3c2644a93ced8c6ee00557.ogg', NULL, NULL, NULL, 5, 2),
(348, 'aya_0007', '95dc27cb06d79ef21559d12a2a1f49e5.ogg', NULL, NULL, NULL, 5, 2),
(349, 'aya_0008', '013be95934262cfbf6c81945697c3d1b.ogg', NULL, NULL, NULL, 5, 2),
(350, 'aya_0009', 'b7e2876dfeb70170e95c6a16cc9b445a.ogg', NULL, NULL, NULL, 5, 2),
(351, 'aya_0010', '0f9dfd0f7921a5e2b3de0cac5704bb29.ogg', NULL, NULL, NULL, 5, 2),
(352, 'aya_0011', '05c55bc9a3fa8dc318e674018b7fd0ae.ogg', NULL, NULL, NULL, 5, 2),
(353, 'aya_0012', 'ce56f53671dbfa67c1315dc49724132d.ogg', NULL, NULL, NULL, 5, 2),
(354, 'aya_0013', 'e85b5c285cb540fdb047bfc54951f4ec.ogg', NULL, NULL, NULL, 5, 2),
(355, 'aya_0014', '7282f928bbeaaf5d3f5c6b6495446bf6.ogg', NULL, NULL, NULL, 5, 2),
(356, 'aya_0015', '7fdc39218bd0b5aa9c3e25353894612a.ogg', NULL, NULL, NULL, 5, 2),
(357, 'aya_0016', '4dce4929e2ec2e496b1c503da9b34eb9.ogg', NULL, NULL, NULL, 5, 2),
(358, 'aya_0017', 'c244cfcd997442403bddd2f8b56eeef6.ogg', NULL, NULL, NULL, 5, 2),
(359, 'aya_0018', 'bf6a94a546abd08f0d8429f4a9fdaa20.ogg', NULL, NULL, NULL, 5, 2),
(360, 'aya_0019', '317efccf9e9fcc058298c126859f6cc7.ogg', NULL, NULL, NULL, 5, 2),
(361, 'aya_0020', '4751bc14bf5d5e68bce9f56dfe5c22b7.ogg', NULL, NULL, NULL, 5, 2),
(362, 'aya_0021', '185db36f4dff1347d6ab81870ab5c2d2.ogg', NULL, NULL, NULL, 5, 2),
(363, 'aya_0022', 'cb034c51531aa462626baf72ff24cc1d.ogg', NULL, NULL, NULL, 5, 2),
(364, 'aya_0023', '3a5e37cd06ea85284faab32b99ec1cf8.ogg', NULL, NULL, NULL, 5, 2),
(365, 'aya_0024', '44d4763b5765b15de80cd98227c21b97.ogg', NULL, NULL, NULL, 5, 2),
(366, 'aya_0025', 'de01d992e2db9fa8d16fdab210f7e365.ogg', NULL, NULL, NULL, 5, 2),
(367, 'aya_0026', '141c5cc74360652a95b84931a7b461e7.ogg', NULL, NULL, NULL, 5, 2),
(368, 'aya_0027', '5beb69be663da8d35f8c102feec3f45c.ogg', NULL, NULL, NULL, 5, 2),
(369, 'aya_0028', '00c534a5e3c36202a7ea8153d5326f00.ogg', NULL, NULL, NULL, 5, 2),
(370, 'aya_0029', 'd6c96f594919baacc94de2e092269507.ogg', NULL, NULL, NULL, 5, 2),
(371, 'aya_0030', '38da7943c29d610c118de8218cf3e783.ogg', NULL, NULL, NULL, 5, 2),
(372, 'aya_0031', '2be5e684038d6c72da621915561a49b6.ogg', NULL, NULL, NULL, 5, 2),
(373, 'aya_0032', 'b4b3f4ba1642787f5fb0326a4436bce7.ogg', NULL, NULL, NULL, 5, 2),
(374, 'aya_0033', 'd80ec533c3e8f32c5ac272204e7a9b14.ogg', NULL, NULL, NULL, 5, 2),
(375, 'aya_0034', '54fa78cc5fd06b9db0ec65d726dc34db.ogg', NULL, NULL, NULL, 5, 2),
(376, 'aya_0035', '3b4ef65919cff19c5af9851d4e41c78a.ogg', NULL, NULL, NULL, 5, 2),
(377, 'aya_0036', '62c4977f947cd0bc96d042a3ebc4928d.ogg', NULL, NULL, NULL, 5, 2),
(378, 'aya_0037', '447784feba0bf04d478d2d0772372c67.ogg', NULL, NULL, NULL, 5, 2),
(379, 'aya_0038', '8106fe7fe06a1b3f8f14eab5641298f4.ogg', NULL, NULL, NULL, 5, 2),
(380, 'aya_0039', 'b8b388c68e4b594b337af7b0ef1e4016.ogg', NULL, NULL, NULL, 5, 2),
(381, 'aya_0040', '8351a5f5fcf88fcab1a827018cac6fd7.ogg', NULL, NULL, NULL, 5, 2),
(382, 'aya_0041', '768c3578e4110f5520c8c62c197d1114.ogg', NULL, NULL, NULL, 5, 2),
(383, 'aya_0042', 'a40109da6318b6f2225754a1ce086d5e.ogg', NULL, NULL, NULL, 5, 2),
(384, 'aya_0043', '00ede5367954c3d3362d6984a4433e8e.ogg', NULL, NULL, NULL, 5, 2),
(385, 'aya_0044', 'e19689bcc0b48fbaace1c8fce9a70c37.ogg', NULL, NULL, NULL, 5, 2),
(386, 'aya_0045', '44b2dab81429f592f9707b4aa10aeb79.ogg', NULL, NULL, NULL, 5, 2),
(387, 'aya_0046', '175d39ae470256a9027b8b547b79cde2.ogg', NULL, NULL, NULL, 5, 2),
(388, 'aya_0047', '706857ff1d38541bee31cdb8d0477c87.ogg', NULL, NULL, NULL, 5, 2),
(389, 'chi_0000', 'de9870fa0a491d64dfa1105ea5096923.ogg', NULL, NULL, NULL, 5, 2),
(390, 'chi_0001', '6b7a27f2d581428410f49818ab14d349.ogg', NULL, NULL, NULL, 5, 2),
(391, 'chi_0002', '03f197bdfed4529c691aa3034acdffec.ogg', NULL, NULL, NULL, 5, 2),
(392, 'chi_0003', '0015cc94ffd1fc540981345530630cd5.ogg', NULL, NULL, NULL, 5, 2),
(393, 'chi_0004', 'b3cf981d77f0c66ac3bfe363aab14ec4.ogg', NULL, NULL, NULL, 5, 2),
(394, 'chi_0005', '5dd79a3f7a8a718d76969934d3bf2616.ogg', NULL, NULL, NULL, 5, 2),
(395, 'chi_0006', '089480c13d0040f133a7e228518bf18d.ogg', NULL, NULL, NULL, 5, 2),
(396, 'chi_0007', 'a792e7275a7fa3ff5ebc651b1bc8c3a0.ogg', NULL, NULL, NULL, 5, 2),
(397, 'chi_0008', '9a4b476b9247ff9a3f12f53820bc63a0.ogg', NULL, NULL, NULL, 5, 2),
(398, 'chi_0009', 'ba81211602bcecc08ae108b2a754ee59.ogg', NULL, NULL, NULL, 5, 2),
(399, 'chi_0010', 'a3d40ddaa4fd23719e35ab2e9fdb8962.ogg', NULL, NULL, NULL, 5, 2),
(400, 'chi_0011', '59cf2577958538ae4cdb78306ed4829a.ogg', NULL, NULL, NULL, 5, 2),
(401, 'chi_0012', '25b21024415b4afb9c3b84ce127c9e31.ogg', NULL, NULL, NULL, 5, 2),
(402, 'chi_0013', '98a1e67f2d2dec1b4560a6bc90a149c1.ogg', NULL, NULL, NULL, 5, 2),
(403, 'chi_0014', '53f64f521670ab652148d59adbb877bb.ogg', NULL, NULL, NULL, 5, 2),
(404, 'chi_0015', 'ef6e24b78fc01da8e4095de76d40a61e.ogg', NULL, NULL, NULL, 5, 2),
(405, 'chi_0016', '1d34eedf6e2b79fd4328d41659652b96.ogg', NULL, NULL, NULL, 5, 2),
(406, 'chi_0017', 'ddf3fd1432796fcbf6d0f8fbd759a880.ogg', NULL, NULL, NULL, 5, 2),
(407, 'chi_0018', '2e21385b565abeedc13531f1624e08c2.ogg', NULL, NULL, NULL, 5, 2),
(408, 'chi_0019', '9308fdb1aa05b4c4a78fdbc1816e25f0.ogg', NULL, NULL, NULL, 5, 2),
(409, 'chi_0020', '19f18eb9d75b5882f18a6f34db890a2c.ogg', NULL, NULL, NULL, 5, 2),
(410, 'chi_0021', '9721de51ebdbe162a8b320902518346f.ogg', NULL, NULL, NULL, 5, 2),
(411, 'chi_0022', '30bd094ecd09ba0df0308082b8bc91f4.ogg', NULL, NULL, NULL, 5, 2),
(412, 'chi_0023', 'e8695ce773c355f1fa63a92c38b3ff68.ogg', NULL, NULL, NULL, 5, 2),
(413, 'chi_0024', '61e7a6a1efa06a0d4de93e0a7c840719.ogg', NULL, NULL, NULL, 5, 2),
(414, 'chi_0025', '812bf559814507682a9919c869a49265.ogg', NULL, NULL, NULL, 5, 2),
(415, 'chi_0026', 'f603465da506aedb136d1445f2485daa.ogg', NULL, NULL, NULL, 5, 2),
(416, 'chi_0027', '167c5fff41c263bc2897fafb5e7ea0fd.ogg', NULL, NULL, NULL, 5, 2),
(417, 'chi_0028', '48148d25fd042cbbf3d322999ab4027d.ogg', NULL, NULL, NULL, 5, 2),
(418, 'chi_0029', 'ffc0d8543971b47581cd9c2a93066bef.ogg', NULL, NULL, NULL, 5, 2),
(419, 'chi_0030', '964f9a2a0c9342b7ee64fdc8996dc530.ogg', NULL, NULL, NULL, 5, 2),
(420, 'chi_0031', 'cd41fe8f93e5bb957b5ba73d21108d3e.ogg', NULL, NULL, NULL, 5, 2),
(421, 'chi_0032', '26ebc0efb98a011717b373914c70fcda.ogg', NULL, NULL, NULL, 5, 2),
(422, 'chi_0033', 'c41aa5d69261f87f1efa8947424a8186.ogg', NULL, NULL, NULL, 5, 2),
(423, 'chi_0034', '7a5ff47337de270cb669afe87b66420b.ogg', NULL, NULL, NULL, 5, 2),
(424, 'chi_0035', '26dbfa5d044bd3a07a6249dae49d93c3.ogg', NULL, NULL, NULL, 5, 2),
(425, 'chi_0036', '2c74375a9cb88f460ca17bd36e883ec5.ogg', NULL, NULL, NULL, 5, 2),
(426, 'chi_0037', 'f69ffab13d6db66b81b41d11e34983a7.ogg', NULL, NULL, NULL, 5, 2),
(427, 'chi_0038', '57c3944d222ece4f5e17a9de0f448c5a.ogg', NULL, NULL, NULL, 5, 2),
(428, 'chi_0039', '8136b14a29899802ca5cdc4ffb3c725b.ogg', NULL, NULL, NULL, 5, 2),
(429, 'chi_0040', '979e9e43247f96c8e0cd73f085c70072.ogg', NULL, NULL, NULL, 5, 2),
(430, 'chi_0041', '9f59e5fb4d4320eb65877eb7cc752f2a.ogg', NULL, NULL, NULL, 5, 2),
(431, 'chi_0042', '2637e224342cf7ee8f55c2fc0a47cd61.ogg', NULL, NULL, NULL, 5, 2),
(432, 'chi_0043', 'e416991341c1a97032679133e6ac4c16.ogg', NULL, NULL, NULL, 5, 2),
(433, 'chi_0044', '70865e6600e7652cc017975e98156f72.ogg', NULL, NULL, NULL, 5, 2),
(434, 'chi_0045', '58a950c07eb8840959669b912512fba9.ogg', NULL, NULL, NULL, 5, 2),
(435, 'chi_0046', 'bf179dfadb98437898aa9d809463037c.ogg', NULL, NULL, NULL, 5, 2),
(436, 'chi_0047', '9bf55f11e5873d69666c59ede42fdea9.ogg', NULL, NULL, NULL, 5, 2),
(437, 'chi_0048', '75cceb24a7a5f2f43c4f8f4c99ccbaee.ogg', NULL, NULL, NULL, 5, 2),
(438, 'chi_0049', '0c0cf16eacac1cecfc91f298eb71bec8.ogg', NULL, NULL, NULL, 5, 2),
(439, 'chi_0050', '8f69f057e6ad789abfd08506123540a9.ogg', NULL, NULL, NULL, 5, 2),
(440, 'etc_9999', 'dbb995faadbe80dd294654120f79357b.ogg', NULL, NULL, NULL, 5, 2),
(441, 'dai_0000', '1eb9a0367186f2fac59a75ffab092d77.ogg', NULL, NULL, NULL, 5, 2),
(442, 'dai_0001', '08ea8dca211109720563de803cdfd5ee.ogg', NULL, NULL, NULL, 5, 2),
(443, 'dai_0002', '62a6754d7b70267b3c513a8190bc45fb.ogg', NULL, NULL, NULL, 5, 2),
(444, 'dai_0003', 'ca1befd872c3e6e4c746c1fe32a4ddd8.ogg', NULL, NULL, NULL, 5, 2),
(445, 'dai_0004', '9eb8a577ab386477630961d01013b435.ogg', NULL, NULL, NULL, 5, 2),
(446, 'dai_0005', 'eb00ed3048987a5455554e90550d7e97.ogg', NULL, NULL, NULL, 5, 2),
(447, 'dai_0006', 'a48e009b8024d5a2a9bfbc9577467ac5.ogg', NULL, NULL, NULL, 5, 2),
(448, 'dai_0007', '82cabf3f897029ed90c37d7272c36b4a.ogg', NULL, NULL, NULL, 5, 2),
(449, 'dai_0008', 'd44caffa19c8419fe402e294eb6fd2de.ogg', NULL, NULL, NULL, 5, 2),
(450, 'dai_0009', 'e500716a1fb10d26484dc244ed609d64.ogg', NULL, NULL, NULL, 5, 2),
(451, 'dai_0010', '6fb059340bdd7fdd9964bb4a55a194bc.ogg', NULL, NULL, NULL, 5, 2),
(452, 'dai_0011', '22ddbef76b6994ebe42b6ecc63163773.ogg', NULL, NULL, NULL, 5, 2),
(453, 'dai_0012', '210e64073b1af5c1735a8a692566b7f7.ogg', NULL, NULL, NULL, 5, 2),
(454, 'dai_0013', '962e5d56177d61d01808d2958753a802.ogg', NULL, NULL, NULL, 5, 2),
(455, 'dai_0014', 'b125a5e473a437a0f0e4bc4d14b635c6.ogg', NULL, NULL, NULL, 5, 2),
(456, 'dai_0015', 'bcc8a8d0b665590adb8f22277c921aa6.ogg', NULL, NULL, NULL, 5, 2),
(457, 'dai_0016', '1077ee0ee6d0ab8e5a12d42b2b174772.ogg', NULL, NULL, NULL, 5, 2),
(458, 'etc_0000', '08b16c6e694374cabe2549cdec9170e0.ogg', NULL, NULL, NULL, 5, 2),
(459, 'etc_0001_m', '18f9514e0cddac4f15a0952cac4a0b27.ogg', NULL, NULL, NULL, 5, 2),
(460, 'etc_0001', 'eada8f510666b4a9ae9d6e4840b08ea3.ogg', NULL, NULL, NULL, 5, 2),
(461, 'etc_0002', 'b3ed4fd72aab3e492f778e6ea8846953.ogg', NULL, NULL, NULL, 5, 2),
(462, 'etc_0003', '22fe27d1a00b6c283ce595dd0796a0f8.ogg', NULL, NULL, NULL, 5, 2),
(463, 'etc_0004', '3026117e620259a0a3fa19c215df4296.ogg', NULL, NULL, NULL, 5, 2),
(464, 'etc_0005', 'e34dc731f2a17785c523e163d648a651.ogg', NULL, NULL, NULL, 5, 2),
(465, 'etc_0006', '05af93d2d324a32d9cc37facb6b65795.ogg', NULL, NULL, NULL, 5, 2),
(466, 'etc_0007', '2208d4d1e0fd35d7b42b67b9929266a7.ogg', NULL, NULL, NULL, 5, 2),
(467, 'etc_0008', 'ecb56340aac2e895ce670b43143021ca.ogg', NULL, NULL, NULL, 5, 2),
(468, 'etc_0009', '7b1ef71b10311d67a63b3d26d63b3082.ogg', NULL, NULL, NULL, 5, 2),
(469, 'etc_0010', 'eae86a36c188f6bee48074ae1d703fed.ogg', NULL, NULL, NULL, 5, 2),
(470, 'etc_0011', '6ffacc68b9cb33a4b7d1e4afeee9c2d2.ogg', NULL, NULL, NULL, 5, 2),
(471, 'etc_0012', '25679357dc6ae4ef225b4e66eec3a1ef.ogg', NULL, NULL, NULL, 5, 2),
(472, 'etc_0013', 'ce02892769ca35e535b17c1fd0a001a4.ogg', NULL, NULL, NULL, 5, 2),
(473, 'etc_0014', '573f342a466b7c9b346668ba6c2df513.ogg', NULL, NULL, NULL, 5, 2),
(474, 'etc_0015', 'ce844894e53fa441d47910138b4aaed6.ogg', NULL, NULL, NULL, 5, 2),
(475, 'etc_0016', '123da4c272788c7e3d92401cc1eb7506.ogg', NULL, NULL, NULL, 5, 2),
(476, 'etc_0017_yanase', '341137611fe8262ba35adfd42fc2c244.ogg', NULL, NULL, NULL, 5, 2),
(477, 'etc_0017', '2f27788409cb95b8a6c7397e5fb2a1a6.ogg', NULL, NULL, NULL, 5, 2),
(478, 'etc_0018', '398c9532001742d3f3fb7b489ecfba91.ogg', NULL, NULL, NULL, 5, 2),
(479, 'etc_0019', 'd4f0830531a8d0c3c0d0ade56d581ea8.ogg', NULL, NULL, NULL, 5, 2),
(480, 'etc_0020', '39a3e0d0846e34c98992ff2f8b7834fd.ogg', NULL, NULL, NULL, 5, 2),
(481, 'etc_0021', 'ee72b23151f0e4a33d6a47e86f6122e6.ogg', NULL, NULL, NULL, 5, 2),
(482, 'etc_0022', '5c163a242f9fb2c0c27fbdb1800fe76e.ogg', NULL, NULL, NULL, 5, 2),
(483, 'etc_0023', '50ec139b0df7920636cb8e7d1600f8a7.ogg', NULL, NULL, NULL, 5, 2),
(484, 'gameover1', 'db71565d46f5bccbe4428f147f4e57ba.ogg', NULL, NULL, NULL, 5, 2),
(485, 'gameover2', '293dedd14358748f2189ea7b367c7e99.ogg', NULL, NULL, NULL, 5, 2),
(486, 'gameover3', '6869d7c708ff1d384f1f101e6ec96c1c.ogg', NULL, NULL, NULL, 5, 2),
(487, 'gameover4', '284197279501f7bcbb91cb646cafeb5e.ogg', NULL, NULL, NULL, 5, 2),
(488, 'koa_0048', 'f485e7968e57880e5bc454ab2f9a8a59.ogg', NULL, NULL, NULL, 5, 2),
(489, 'koa_0049', '20ae7f48cb8fd74a87ce879f361c1b77.ogg', NULL, NULL, NULL, 5, 2),
(490, 'hou_0001', 'c4bbd910fb6a815754658d42cddb83a6.ogg', NULL, NULL, NULL, 5, 2),
(491, 'hou_0002', '289f303981e88b4362ec3c9d9dc9e6a9.ogg', NULL, NULL, NULL, 5, 2),
(492, 'koa_0050', '3443f355065b559447ce65db59582ecc.ogg', NULL, NULL, NULL, 5, 2),
(493, 'koa_0000', 'd9669b8f18ff53aa1be91effad3b518b.ogg', NULL, NULL, NULL, 5, 2),
(494, 'koa_0001', '09b7cdba229674d683f245980a33f973.ogg', NULL, NULL, NULL, 5, 2),
(495, 'koa_0002', '896b5080ef9ef90d194afc1191290c33.ogg', NULL, NULL, NULL, 5, 2),
(496, 'koa_0003', 'c8de358f67fed42557b7ff3ffae20bb4.ogg', NULL, NULL, NULL, 5, 2),
(497, 'koa_0004', '6e517070dca3f214263596d5eba106ab.ogg', NULL, NULL, NULL, 5, 2),
(498, 'koa_0005', 'f5b2535cf9a94ba823ebf33b16616762.ogg', NULL, NULL, NULL, 5, 2),
(499, 'koa_0006', '93d1f90df00d98b96088c9fa10854b67.ogg', NULL, NULL, NULL, 5, 2),
(500, 'koa_0007', '20521863574ef4dfaab4c93dee047e02.ogg', NULL, NULL, NULL, 5, 2),
(501, 'koa_0008', '9d264891c3de5aae2d6b352b88c99537.ogg', NULL, NULL, NULL, 5, 2),
(502, 'koa_0009', '597074019efd717b6cf2bbe929739d17.ogg', NULL, NULL, NULL, 5, 2),
(503, 'koa_0010', '9a690be282f1b4e4c281b29adaa14fb0.ogg', NULL, NULL, NULL, 5, 2),
(504, 'koa_0011', '885e40c74265ccb01d877707ed428019.ogg', NULL, NULL, NULL, 5, 2),
(505, 'koa_0012', '1cc072d417d8a4bb127204efb7b5529b.ogg', NULL, NULL, NULL, 5, 2),
(506, 'koa_0013', '5a8790db01dadaeee1d649c208b343e7.ogg', NULL, NULL, NULL, 5, 2),
(507, 'koa_0014', '56b93a082c13ca7b4e8bd959461b3a06.ogg', NULL, NULL, NULL, 5, 2),
(508, 'koa_0015', '6a9c713e738fa7358ea290ea29d405ac.ogg', NULL, NULL, NULL, 5, 2),
(509, 'koa_0016', '1afe3ce2ee2192e4d2c843667965872f.ogg', NULL, NULL, NULL, 5, 2),
(510, 'koa_0017', '68b71f3733174c1bdd96eb8cebd49182.ogg', NULL, NULL, NULL, 5, 2),
(511, 'koa_0018', '2c594ac865620220cd05d6d676b6f36c.ogg', NULL, NULL, NULL, 5, 2),
(512, 'koa_0019', '8054a0a6aec975139d91a3a48b96b363.ogg', NULL, NULL, NULL, 5, 2),
(513, 'koa_0021', 'ffce76fd22b1037c65e3908acea9d08c.ogg', NULL, NULL, NULL, 5, 2),
(514, 'koa_0022', '192261bf17182efb8ec050d09ec3f503.ogg', NULL, NULL, NULL, 5, 2),
(515, 'koa_0023', 'd1907151051a491e83ab81608c0e07a8.ogg', NULL, NULL, NULL, 5, 2),
(516, 'koa_0024', '0819db42fbd5d54dd25a1fc0264a90af.ogg', NULL, NULL, NULL, 5, 2),
(517, 'koa_0025', '3cb94c5b1e1cde764d4ade9424e9f385.ogg', NULL, NULL, NULL, 5, 2),
(518, 'koa_0026', '8467573d34ade647bc004ea133f37b06.ogg', NULL, NULL, NULL, 5, 2),
(519, 'koa_0027', '6e4321648d1a6ecf43eee3c6e5a18afc.ogg', NULL, NULL, NULL, 5, 2),
(520, 'koa_0028', '3ef89cf150ec67c5f7d8281b6299496c.ogg', NULL, NULL, NULL, 5, 2),
(521, 'koa_0020', '5e33a7edb336dee6e257670be8b4ac26.ogg', NULL, NULL, NULL, 5, 2),
(522, 'koa_0029', '4f8abcb8f8b8ce391bc7f8e6b5f0357b.ogg', NULL, NULL, NULL, 5, 2),
(523, 'koa_0030', '77a8711cd63a2b2254c9300d7fe9cf38.ogg', NULL, NULL, NULL, 5, 2),
(524, 'koa_0031', '13d384cbec3994b294568107bc4fe9eb.ogg', NULL, NULL, NULL, 5, 2),
(525, 'koa_0032', 'f333a3c2cde2d9fb04b6fa9ecc493382.ogg', NULL, NULL, NULL, 5, 2),
(526, 'koa_0033', '7b889cdfa89972575b6dedee753a1b63.ogg', NULL, NULL, NULL, 5, 2),
(527, 'koa_0034', 'a9b15e6bb41eff585f9f8b13cff69784.ogg', NULL, NULL, NULL, 5, 2),
(528, 'koa_0035', '1ada6a9a66370e3c8b9217dbfa00c3ef.ogg', NULL, NULL, NULL, 5, 2),
(529, 'koa_0036', '89ddef58d7b0b43b4004a74d5ce5a99b.ogg', NULL, NULL, NULL, 5, 2),
(530, 'koa_0037', '6fa8e25d80941bdfa56fd22ba84a4b51.ogg', NULL, NULL, NULL, 5, 2),
(531, 'koa_0038', '7cbd973ab8bc3947d5b88e46076bbd47.ogg', NULL, NULL, NULL, 5, 2),
(532, 'koa_0039', 'a1f8e46a2db2f3531b7c6815ebf6febf.ogg', NULL, NULL, NULL, 5, 2),
(533, 'koa_0040', '14001b09012dad68d0a6dcb150e8fa74.ogg', NULL, NULL, NULL, 5, 2),
(534, 'koa_0041', '9e05fe46f71a961f2b24bbe5f3b9ef94.ogg', NULL, NULL, NULL, 5, 2),
(535, 'koa_0042', '0204d7a7ccf4276e0fc12cbcf3ad3316.ogg', NULL, NULL, NULL, 5, 2),
(536, 'koa_0043', 'a7e2ea3fd4080479dba83e89ea730a41.ogg', NULL, NULL, NULL, 5, 2),
(537, 'koa_0044', '8f8111b6e9b63cec8aa6b683ce295fdc.ogg', NULL, NULL, NULL, 5, 2),
(538, 'koa_0045', 'cf992982cf5453cd8a7dfa1cbe3a65e7.ogg', NULL, NULL, NULL, 5, 2),
(539, 'koa_0046', 'd469d6ea8aa8db36751e223d83939c22.ogg', NULL, NULL, NULL, 5, 2),
(540, 'koa_0047', '6ca630542cd6a28154d6be599c0ee619.ogg', NULL, NULL, NULL, 5, 2),
(541, 'mar_0050', 'd138bf40cedd17ef81a4aa3d6a34c5bb.ogg', NULL, NULL, NULL, 5, 2),
(542, 'maa_0003', '59a40ebbd294060c8dee63584f87fc9d.ogg', NULL, NULL, NULL, 5, 2),
(543, 'maa_0001', '6484580197393bb326debef86dfadf1d.ogg', NULL, NULL, NULL, 5, 2),
(544, 'maa_0002', '639de77eae1aecd989f7ab450d1730e7.ogg', NULL, NULL, NULL, 5, 2),
(545, 'maa_0000', '0a613f77a60c7edcdf02a0310958ca64.ogg', NULL, NULL, NULL, 5, 2),
(546, 'maa_0004', 'c85aa73e63eca67eb43a65584555f0a9.ogg', NULL, NULL, NULL, 5, 2),
(547, 'maa_0005', 'dc509273978f0f0da96d3de3ac6dcf01.ogg', NULL, NULL, NULL, 5, 2),
(548, 'mab_0000', 'eb31797ac91ac0acd3fcf04d8e160e06.ogg', NULL, NULL, NULL, 5, 2),
(549, 'mab_0001', '4f20464d0ee31199d4b632f258daae5e.ogg', NULL, NULL, NULL, 5, 2),
(550, 'mab_0002', '67400caa0ed5cd18fc0d0f58a2b27a74.ogg', NULL, NULL, NULL, 5, 2),
(551, 'mab_0003', '63a7adeed4f61ba83181189e9a294e91.ogg', NULL, NULL, NULL, 5, 2),
(552, 'mab_0004', '5e2624bbee60706a80900e1e4b3fa342.ogg', NULL, NULL, NULL, 5, 2),
(553, 'mab_0005', '5f77278681bdf59268f28d32ca61198d.ogg', NULL, NULL, NULL, 5, 2),
(554, 'mar_0000', 'a1c88d2d9d81b55a80eb1ba5d913c5c9.ogg', NULL, NULL, NULL, 5, 2),
(555, 'mar_0001', '613543d29bd358ab237fed4f1fc6656e.ogg', NULL, NULL, NULL, 5, 2),
(556, 'mar_0002', '62cc666bd4c7a124f6d3f7e2ed7dfd6b.ogg', NULL, NULL, NULL, 5, 2),
(557, 'mar_0003', '7d45fbbe2cebee95f6d15e878bb03e57.ogg', NULL, NULL, NULL, 5, 2),
(558, 'mar_0004', 'ac18c2d19d981138b3c3fb4889de98d8.ogg', NULL, NULL, NULL, 5, 2),
(559, 'mar_0005', '513f7b55288e8c19cc3021d02a168875.ogg', NULL, NULL, NULL, 5, 2),
(560, 'mar_0006', '0253321ee71db7382dcd25f31d5886e5.ogg', NULL, NULL, NULL, 5, 2),
(561, 'mar_0007', 'c5ba550ea20c549998b6ddf80968acae.ogg', NULL, NULL, NULL, 5, 2),
(562, 'mar_0008', 'fef4dc0a955d84b5f17fa5e7b95a2c58.ogg', NULL, NULL, NULL, 5, 2),
(563, 'mar_0009', 'c676eca4a32b2fd27e0c11fdf6dd88f8.ogg', NULL, NULL, NULL, 5, 2),
(564, 'mar_0010', 'a30553a89b6a79c2999e98bcb7ff1eee.ogg', NULL, NULL, NULL, 5, 2),
(565, 'mar_0011', 'ccc29252e109e5f2e71855e4bfb51c4a.ogg', NULL, NULL, NULL, 5, 2),
(566, 'mar_0012', '81f61852e516e63f17a10d478b389c57.ogg', NULL, NULL, NULL, 5, 2),
(567, 'mar_0013', '3ae5e57a39bd4939859dbfe62d3195ec.ogg', NULL, NULL, NULL, 5, 2),
(568, 'mar_0014', '919c5c84b78ed778b566b83f9abec5cc.ogg', NULL, NULL, NULL, 5, 2),
(569, 'mar_0015', '9318152ca7f0b9e37b5c96f929974bac.ogg', NULL, NULL, NULL, 5, 2),
(570, 'mar_0016', 'c9f1246effdbd19fcaeaa53ea6a336e3.ogg', NULL, NULL, NULL, 5, 2),
(571, 'mar_0017', 'ff4967fef71b4fe219db574db8ba7ea7.ogg', NULL, NULL, NULL, 5, 2),
(572, 'mar_0018', '4b528acbfc0329b4d34c37d68a175e7e.ogg', NULL, NULL, NULL, 5, 2),
(573, 'mar_0019', 'be5cdee8cd5996f6d6e0ee08c27a332d.ogg', NULL, NULL, NULL, 5, 2),
(574, 'mar_0020', '456c706e07ebbff124173808684c2d9c.ogg', NULL, NULL, NULL, 5, 2),
(575, 'mar_0021', '3558e451246dd33d5b3b1c465b67ad01.ogg', NULL, NULL, NULL, 5, 2),
(576, 'mar_0022', 'c02c05df6eeec6927c114436973ec693.ogg', NULL, NULL, NULL, 5, 2),
(577, 'mar_0023', '17da9859864ad249eb39c34e73b23b3c.ogg', NULL, NULL, NULL, 5, 2),
(578, 'mar_0024', 'e86f8bb94d31a58c22f5e624b2416b07.ogg', NULL, NULL, NULL, 5, 2),
(579, 'mar_0025', 'c4220e11c9193b5649eed3b72784378e.ogg', NULL, NULL, NULL, 5, 2),
(580, 'mar_0026', '0ef89b15ac6d6beda38e3d0faded921b.ogg', NULL, NULL, NULL, 5, 2),
(581, 'mar_0027', '03956d775d70d9d45e5fd9833cb4e34e.ogg', NULL, NULL, NULL, 5, 2),
(582, 'mar_0028', '93755bafa50a405ee3c096d98c30a18e.ogg', NULL, NULL, NULL, 5, 2),
(583, 'mar_0029', 'ee5bde17a3d16d226557755e4800caca.ogg', NULL, NULL, NULL, 5, 2),
(584, 'mar_0030', '8a9568ea73b65424f99d1a30974eb464.ogg', NULL, NULL, NULL, 5, 2),
(585, 'mar_0031', '7953e9fdc40692719b5d38f8e1dc3f4b.ogg', NULL, NULL, NULL, 5, 2),
(586, 'mar_0032', '97806f73ed8b3153378d6e069122584c.ogg', NULL, NULL, NULL, 5, 2),
(587, 'mar_0033', '96e003e7ff47f6388151e067e2855626.ogg', NULL, NULL, NULL, 5, 2),
(588, 'mar_0034', 'f8f28619f9770775e6e533700a3c6dc5.ogg', NULL, NULL, NULL, 5, 2),
(589, 'mar_0035', '962686da501478460aeb17f183324d84.ogg', NULL, NULL, NULL, 5, 2),
(590, 'mar_0036', '882a4c2fb307bdc2fd0d05798270681b.ogg', NULL, NULL, NULL, 5, 2),
(591, 'mar_0037', '600d587ed2e68335c15e86c11c9b1a35.ogg', NULL, NULL, NULL, 5, 2),
(592, 'mar_0038', '38b32f7264e098dac6d07e3493309a1f.ogg', NULL, NULL, NULL, 5, 2),
(593, 'mar_0039', 'feaaeabfe27777168f636814bb5594b7.ogg', NULL, NULL, NULL, 5, 2),
(594, 'mar_0040', 'ab0ea953b6741425ce482a88b0f255e4.ogg', NULL, NULL, NULL, 5, 2),
(595, 'mar_0041', 'b114fd559e24af6426269a702ddc44d6.ogg', NULL, NULL, NULL, 5, 2),
(596, 'mar_0042', '8be5fc347bb8eb7c41146b9cc60e2fac.ogg', NULL, NULL, NULL, 5, 2),
(597, 'mar_0043', '81dd932ae13a1fd0e1805ae07065de86.ogg', NULL, NULL, NULL, 5, 2),
(598, 'mar_0044', 'e09074ff84c9d24a6e01c01a05f2e321.ogg', NULL, NULL, NULL, 5, 2),
(599, 'mar_0045', 'fd9dd6fd8872bb72e7e2dd924d5afa79.ogg', NULL, NULL, NULL, 5, 2),
(600, 'mar_0046', '65f118d2542ed1b041b1b4defa139b9d.ogg', NULL, NULL, NULL, 5, 2),
(601, 'mar_0047', '21bff6d3735df221f58ba0135e7d24b3.ogg', NULL, NULL, NULL, 5, 2),
(602, 'mar_0048', '328b043a45798a4a6ca5655ef4b38d7c.ogg', NULL, NULL, NULL, 5, 2),
(603, 'mar_0049', '966f3713a87576e3e9ce91c92aae2150.ogg', NULL, NULL, NULL, 5, 2),
(604, 'mei_0048', '7e96357dd0d267eb8420e432fcfb6d84.ogg', NULL, NULL, NULL, 5, 2),
(605, 'mei_0049', 'e2cac28f2d043c98c37599f8dcdda68a.ogg', NULL, NULL, NULL, 5, 2),
(606, 'mei_0050', '75e0f75347043fca953a136486afec44.ogg', NULL, NULL, NULL, 5, 2),
(607, 'mei_0000', 'fcd6ad0cbb6efada54c091f86ccc24dd.ogg', NULL, NULL, NULL, 5, 2),
(608, 'mei_0001', '9bbb06ad07a9f66082a9804012fb04a0.ogg', NULL, NULL, NULL, 5, 2),
(609, 'mei_0002', '1744fca80ac46fab88a36a8a087d7c01.ogg', NULL, NULL, NULL, 5, 2),
(610, 'mei_0003', '411360e198bcf5c3afff2e5c25f76969.ogg', NULL, NULL, NULL, 5, 2),
(611, 'mei_0004', '081848c48a2f127bc9a65bc1a8e0aa53.ogg', NULL, NULL, NULL, 5, 2),
(612, 'mei_0005', 'e8b90c3029eff56a2dcc8f9772556a5d.ogg', NULL, NULL, NULL, 5, 2),
(613, 'mei_0006', '50a704608611be5e4c11c778e041f4a7.ogg', NULL, NULL, NULL, 5, 2),
(614, 'mei_0007', '729f6c5cf6e58435f8f8cbeb59147e60.ogg', NULL, NULL, NULL, 5, 2),
(615, 'mei_0008', '8597eddf113a379a6336a655061ce940.ogg', NULL, NULL, NULL, 5, 2),
(616, 'mei_0009', 'ada7aca90a078482523bb7a7408dec20.ogg', NULL, NULL, NULL, 5, 2),
(617, 'mei_0010', '8e76419d28e2e51d8c10bb87d6eeae33.ogg', NULL, NULL, NULL, 5, 2),
(618, 'mei_0011', '6459921fd40815c2e47e0d50a7987248.ogg', NULL, NULL, NULL, 5, 2),
(619, 'mei_0012', '0022971c614122cfe4c425c113e143da.ogg', NULL, NULL, NULL, 5, 2),
(620, 'mei_0013', 'b61286a9e52d6f63c29c437bfddc1e0d.ogg', NULL, NULL, NULL, 5, 2),
(621, 'mei_0014', '9d779a19539430736462da99c5f63b9a.ogg', NULL, NULL, NULL, 5, 2);
INSERT INTO `resource` (`resource_id`, `name`, `file_name`, `character_name`, `figure_name`, `expression_name`, `fk_resourcetype_id`, `fk_project_id`) VALUES
(622, 'mei_0015', '8691ece98ae503f52c7edc1370919d86.ogg', NULL, NULL, NULL, 5, 2),
(623, 'mei_0016', 'f46304f0f59c6fe5d20912f3b06edf9f.ogg', NULL, NULL, NULL, 5, 2),
(624, 'mei_0017', '09427e3c62b68bca4b2a26beb5c7d1f6.ogg', NULL, NULL, NULL, 5, 2),
(625, 'mei_0018', 'd3e78a769ddd1cea4ed118a552e13c7f.ogg', NULL, NULL, NULL, 5, 2),
(626, 'mei_0019', '13375d5af0f1e23c970201976af728bd.ogg', NULL, NULL, NULL, 5, 2),
(627, 'mei_0020', 'e6292fcee487fc0d57cea5f05f3e15aa.ogg', NULL, NULL, NULL, 5, 2),
(628, 'mei_0021', '9cdbc358e0c7fa73bee407fec49d5137.ogg', NULL, NULL, NULL, 5, 2),
(629, 'mei_0022', '67ca81b9bc07a293e62c4959814a3e73.ogg', NULL, NULL, NULL, 5, 2),
(630, 'mei_0023', 'e83b9fdccf4647e8d110a14415e8f45d.ogg', NULL, NULL, NULL, 5, 2),
(631, 'mei_0024', 'd0693daee5c716f4a9d01781c29f17da.ogg', NULL, NULL, NULL, 5, 2),
(632, 'mei_0025', 'f76c221bfb9fc5fc07493438962f5b99.ogg', NULL, NULL, NULL, 5, 2),
(633, 'mei_0026', 'aa4845a7f5c4aa88f2e6d88290363a7e.ogg', NULL, NULL, NULL, 5, 2),
(634, 'mei_0027', 'c801bc1c33ae403522d9a05d741269d5.ogg', NULL, NULL, NULL, 5, 2),
(635, 'mei_0028', '801dd37953402e1992433f5c83bd826e.ogg', NULL, NULL, NULL, 5, 2),
(636, 'mei_0029', '558c5cfa292c404d21157bd04d5a496d.ogg', NULL, NULL, NULL, 5, 2),
(637, 'mei_0030', '823c736dab7d7419714d146706e17864.ogg', NULL, NULL, NULL, 5, 2),
(638, 'mei_0031', '228724a20163cb0cbc1433e0cc78f99f.ogg', NULL, NULL, NULL, 5, 2),
(639, 'mei_0032', 'a13cd792c26981d2a304923a8375f3dd.ogg', NULL, NULL, NULL, 5, 2),
(640, 'mei_0033', '9ffc97c7b2c9579962467959e2e40804.ogg', NULL, NULL, NULL, 5, 2),
(641, 'mei_0034', 'b2726d03cb51aa9a3b71ad010f623ae3.ogg', NULL, NULL, NULL, 5, 2),
(642, 'mei_0035', 'b9c8b60dd47142949f80c2ec5db09226.ogg', NULL, NULL, NULL, 5, 2),
(643, 'mei_0036', '4f57a5af3711d34e9b5c05f52acedf22.ogg', NULL, NULL, NULL, 5, 2),
(644, 'mei_0037', 'e68f6d5e1398a918f2dbf704fba55682.ogg', NULL, NULL, NULL, 5, 2),
(645, 'mei_0038', 'bd112dc901c21b3c4172af7dcb4d58e8.ogg', NULL, NULL, NULL, 5, 2),
(646, 'mei_0039', 'f126965bc142f6cc019cc262a7f6b11c.ogg', NULL, NULL, NULL, 5, 2),
(647, 'mei_0040', '873772279c36c97f0477fadded93575e.ogg', NULL, NULL, NULL, 5, 2),
(648, 'mei_0041', '077b633d9ee0d47f13dbe7bd1a923b00.ogg', NULL, NULL, NULL, 5, 2),
(649, 'mei_0042', '4ea0f699d346920dbea089cde6ff509c.ogg', NULL, NULL, NULL, 5, 2),
(650, 'mei_0043', '9754425a22cad25f03e5d49f598ba7fd.ogg', NULL, NULL, NULL, 5, 2),
(651, 'mei_0044', '8899ab499bdd864e2297fd12f0e2c130.ogg', NULL, NULL, NULL, 5, 2),
(652, 'mei_0045', '7d0bf502af291651b929740519a7aee7.ogg', NULL, NULL, NULL, 5, 2),
(653, 'mei_0046', '72a20f1362dac5b23260d623cac98a8a.ogg', NULL, NULL, NULL, 5, 2),
(654, 'mei_0047', 'a8844a9db179de710c26c271760fbb35.ogg', NULL, NULL, NULL, 5, 2),
(655, 'pac_0000', 'b69aacd4448e887fcd9640d9f3b39f6b.ogg', NULL, NULL, NULL, 5, 2),
(656, 'pac_0001', '8860cdd5e220de24d7f2b0d916f1a9cc.ogg', NULL, NULL, NULL, 5, 2),
(657, 'pac_0004', 'ad8a4c4cb3e3b8e277f146114ded6731.ogg', NULL, NULL, NULL, 5, 2),
(658, 'pac_0005', 'e7b5dd558be515b5bee12bc86c7e7d13.ogg', NULL, NULL, NULL, 5, 2),
(659, 'pac_0003', '646a42e3bd6b73c6a781b47c396273ed.ogg', NULL, NULL, NULL, 5, 2),
(660, 'pac_0002', '6b5839e60338958da098c17592525244.ogg', NULL, NULL, NULL, 5, 2),
(661, 'pac_0006', 'efb6d9f5ed3ded49d92a27e1ef15fe8e.ogg', NULL, NULL, NULL, 5, 2),
(662, 'pac_0007', 'b94766c50fb9954406a34b19dcff1e90.ogg', NULL, NULL, NULL, 5, 2),
(663, 'pac_0008', '1293a1950ddf27770437c5e9e8be6206.ogg', NULL, NULL, NULL, 5, 2),
(664, 'pac_0009', 'fffaee9086f1d601698cca92038e7913.ogg', NULL, NULL, NULL, 5, 2),
(665, 'pac_0010', '7c0bd1f70647e418f4221f04bc506913.ogg', NULL, NULL, NULL, 5, 2),
(666, 'pac_0011', 'd29de95ac91c76d086f930afbe27f82f.ogg', NULL, NULL, NULL, 5, 2),
(667, 'pac_0012', 'c91a3115efd8e44d2d0b250856cb8a98.ogg', NULL, NULL, NULL, 5, 2),
(668, 'pac_0013', '62ada4de77b8c56efda63c51e2b27f36.ogg', NULL, NULL, NULL, 5, 2),
(669, 'pac_0014', '8f6c87ecff87e89ab2177e3c12abac51.ogg', NULL, NULL, NULL, 5, 2),
(670, 'pac_0015', '6a3adfbe008110ddf844a7a2966cf3fc.ogg', NULL, NULL, NULL, 5, 2),
(671, 'pac_0016', '65a3594e9e4e79225a495473af09c57c.ogg', NULL, NULL, NULL, 5, 2),
(672, 'pac_0017', '832c2f925e3903340c41a218f6d3c32d.ogg', NULL, NULL, NULL, 5, 2),
(673, 'pac_0018', '5535628b6b2170241e33f6ff6b064bfd.ogg', NULL, NULL, NULL, 5, 2),
(674, 'pac_0019', '368034608b8fd1a858c3b3d3cf97fca1.ogg', NULL, NULL, NULL, 5, 2),
(675, 'pac_0020', '5599e57cbf3bd92f24da94843c87e169.ogg', NULL, NULL, NULL, 5, 2),
(676, 'pac_0021', '01f2f6ab02caaa5d996700700a169680.ogg', NULL, NULL, NULL, 5, 2),
(677, 'pac_0022', '72d73ad06b447e520875feb2378c0fb0.ogg', NULL, NULL, NULL, 5, 2),
(678, 'pac_0023', '4178dd845b588faf6758eb8f8b1e2aa3.ogg', NULL, NULL, NULL, 5, 2),
(679, 'pac_0024', '8b6cc00aa2a867200904c7ed5839dbc6.ogg', NULL, NULL, NULL, 5, 2),
(680, 'pac_0025', 'c2aa0f180f5a9da0e5f2d356dc55de00.ogg', NULL, NULL, NULL, 5, 2),
(681, 'pac_0026', '1b7a6815095a3a8cf4e1f9253c770a49.ogg', NULL, NULL, NULL, 5, 2),
(682, 'pac_0027', '21d89a2efc9ebbef09dbd8847229a6d8.ogg', NULL, NULL, NULL, 5, 2),
(683, 'pac_0028', '28f678c91c85eceef200653fb9cebb97.ogg', NULL, NULL, NULL, 5, 2),
(684, 'pac_0029', '1342bff1f3f3599fc27cc394608e1d56.ogg', NULL, NULL, NULL, 5, 2),
(685, 'pac_0030', 'd39bf9daac4271fda103d3fccc2759b3.ogg', NULL, NULL, NULL, 5, 2),
(686, 'pac_0031', 'a8fdad1c967397adfec192823e61bf26.ogg', NULL, NULL, NULL, 5, 2),
(687, 'pac_0032', '8dac56d05ebfaab24ab501647935b161.ogg', NULL, NULL, NULL, 5, 2),
(688, 'pac_0033', 'fe2ac09e634b7fbd2e3fc120d2500a6f.ogg', NULL, NULL, NULL, 5, 2),
(689, 'pac_0034', '5b123dcbc60022970e82c5fb8190e5e4.ogg', NULL, NULL, NULL, 5, 2),
(690, 'pac_0035', '644f76db5768a3b2bf4bd31a261eeb28.ogg', NULL, NULL, NULL, 5, 2),
(691, 'pac_0036', '0a517c80996846d7bae928d6c8e1c958.ogg', NULL, NULL, NULL, 5, 2),
(692, 'pac_0037', '9f071c42f2661fb105ef6df8e18071f9.ogg', NULL, NULL, NULL, 5, 2),
(693, 'pac_0038', 'eae770db9610fe4ca0ea5903cc7132ea.ogg', NULL, NULL, NULL, 5, 2),
(694, 'pac_0039', '6407df1deb204f138df9c028f4f1ee10.ogg', NULL, NULL, NULL, 5, 2),
(695, 'pac_0040', '367cb9f33d4abff3d179556d97024fb7.ogg', NULL, NULL, NULL, 5, 2),
(696, 'pac_0041', '3ab3d043a3b2f2bc86524758f2e01fc8.ogg', NULL, NULL, NULL, 5, 2),
(697, 'pac_0042', 'd28f0b1856ede706133e829abd95cad4.ogg', NULL, NULL, NULL, 5, 2),
(698, 'pac_0043', '77c3587cc8b0fbbe33d0c523eb8f0632.ogg', NULL, NULL, NULL, 5, 2),
(699, 'pac_0044', '130401c6ec8cc3b0329f049ea4f1641b.ogg', NULL, NULL, NULL, 5, 2),
(700, 'pac_0045', '9ed8ed783be72d556474d5ff6e9b8bad.ogg', NULL, NULL, NULL, 5, 2),
(701, 'pac_0046', 'df35db5315ba608ce116667db6468af5.ogg', NULL, NULL, NULL, 5, 2),
(702, 'pac_0047', 'f6e0c8c04046fa07dfc03213b789dfa9.ogg', NULL, NULL, NULL, 5, 2),
(703, 'pac_0048', '7dea1b481870da5100ba3f877c4a8d83.ogg', NULL, NULL, NULL, 5, 2),
(704, 'pac_0049', 'da5f922612b6fc42e3e5f31cab768740.ogg', NULL, NULL, NULL, 5, 2),
(705, 'pac_0050', '325962eca220eb58df488e42b0c1d6b0.ogg', NULL, NULL, NULL, 5, 2),
(706, 'rei_0047', 'a7d1157ebbacc931140a7c089065d438.ogg', NULL, NULL, NULL, 5, 2),
(707, 'rei_0048', 'e620a3995bf0d72f3e361254d0ad6509.ogg', NULL, NULL, NULL, 5, 2),
(708, 'rei_0049', '6bd35804db5840302b6cbcb50560268e.ogg', NULL, NULL, NULL, 5, 2),
(709, 'rei_0050', 'c827743bc06198c80fa06cb28c6ea902.ogg', NULL, NULL, NULL, 5, 2),
(710, 'rei_0000', '925ab632fac67b2c147f68e5ea3ea814.ogg', NULL, NULL, NULL, 5, 2),
(711, 'rei_0001', 'f84729a0d14b1fee52e96604b54c430e.ogg', NULL, NULL, NULL, 5, 2),
(712, 'rei_0002', '070c46790a5c37e3a65d5a74179b64af.ogg', NULL, NULL, NULL, 5, 2),
(713, 'rei_0003', '4ab4c45b40b332318d6dffb5f6b1afa0.ogg', NULL, NULL, NULL, 5, 2),
(714, 'rei_0004', '4a351704782a26690f0a16a7fa30fa2e.ogg', NULL, NULL, NULL, 5, 2),
(715, 'rei_0005', 'bbc58a6180a8311b299df004fc23a13e.ogg', NULL, NULL, NULL, 5, 2),
(716, 'rei_0006', '930cdf1ca8c5bf68cd15adb1c0eee9eb.ogg', NULL, NULL, NULL, 5, 2),
(717, 'rei_0007', '910116fd961f1f4ac7b26c8012fe91ad.ogg', NULL, NULL, NULL, 5, 2),
(718, 'rei_0008', '93cac6cb2cdb7ea29827b1309aaa6b61.ogg', NULL, NULL, NULL, 5, 2),
(719, 'rei_0009', '9e9e898db53e9ef7d8ff2ec0185a0cd7.ogg', NULL, NULL, NULL, 5, 2),
(720, 'rei_0010', '2346ab32168286d7d3b6eb157d119b19.ogg', NULL, NULL, NULL, 5, 2),
(721, 'rei_0011', '14a38bad98d84a17cc0eb6d9578e8027.ogg', NULL, NULL, NULL, 5, 2),
(722, 'rei_0012', '2563b3c960c644521f89d0ba1bcf832f.ogg', NULL, NULL, NULL, 5, 2),
(723, 'rei_0013', '615ec11bd9b389413087715afd84a69d.ogg', NULL, NULL, NULL, 5, 2),
(724, 'rei_0014', 'a565e149953b906563a5dd799bcfd943.ogg', NULL, NULL, NULL, 5, 2),
(725, 'rei_0015', '4ed5cb00a9354d6490fb9cdebed394eb.ogg', NULL, NULL, NULL, 5, 2),
(726, 'rei_0016', 'f7f322731c227947fd01ecd06408da72.ogg', NULL, NULL, NULL, 5, 2),
(727, 'rei_0017', 'f910c535b16f604b114b75161ec98098.ogg', NULL, NULL, NULL, 5, 2),
(728, 'rei_0018', '09b6b6d01a84dc73e82e9b915edfbf8c.ogg', NULL, NULL, NULL, 5, 2),
(729, 'rei_0019', 'b9b0a4e2d0a9c6f496f53924267cc7b0.ogg', NULL, NULL, NULL, 5, 2),
(730, 'rei_0020', '5b490810826d8be7cfc34446606e16e8.ogg', NULL, NULL, NULL, 5, 2),
(731, 'rei_0021', 'f04cf20a8b4693c485748502cd1e28a8.ogg', NULL, NULL, NULL, 5, 2),
(732, 'rei_0022', 'bac1e3d2b833edd625851962adc2f31e.ogg', NULL, NULL, NULL, 5, 2),
(733, 'rei_0023', '26f4d2cbec05c74e81bf77d6c9f6eed4.ogg', NULL, NULL, NULL, 5, 2),
(734, 'rei_0024', 'ae786601115094beaa10b364aeaae87f.ogg', NULL, NULL, NULL, 5, 2),
(735, 'rei_0025', '1b68a89c6815971830957437781a9c0c.ogg', NULL, NULL, NULL, 5, 2),
(736, 'rei_0026', 'f4ed2646e44b725131759f8d64d541f6.ogg', NULL, NULL, NULL, 5, 2),
(737, 'rei_0027', '99e79a8ac161ac58580d8120a1d0227f.ogg', NULL, NULL, NULL, 5, 2),
(738, 'rei_0028', 'ece09af9cd98ffe8e95f8f11b6cc7efc.ogg', NULL, NULL, NULL, 5, 2),
(739, 'rei_0029', 'cfe8370c3c8391c4efed59547a281b39.ogg', NULL, NULL, NULL, 5, 2),
(740, 'rei_0030', 'b3c4fdbdfae74bcad28c145cb9e18681.ogg', NULL, NULL, NULL, 5, 2),
(741, 'rei_0031', '69bf5f443ada1adadd9097e38e952613.ogg', NULL, NULL, NULL, 5, 2),
(742, 'rei_0032', 'c9bc809912364e8bde812c56940ac7a3.ogg', NULL, NULL, NULL, 5, 2),
(743, 'rei_0033', '03bac10bf26e37ad595d705ddfe6e999.ogg', NULL, NULL, NULL, 5, 2),
(744, 'rei_0034', '6e1e03ada0f9fcde0198cd6d4a944a7a.ogg', NULL, NULL, NULL, 5, 2),
(745, 'rei_0035', 'ee5823377ea8d08011ae626f5af16815.ogg', NULL, NULL, NULL, 5, 2),
(746, 'rei_0036', 'aab059e0365b95364a45518b57bcc4bf.ogg', NULL, NULL, NULL, 5, 2),
(747, 'rei_0037', 'e5c0b4806d9c6c88df30c4745c32a9bf.ogg', NULL, NULL, NULL, 5, 2),
(748, 'rei_0038', '0b9aa00f911d06874070215401837420.ogg', NULL, NULL, NULL, 5, 2),
(749, 'rei_0039', 'b28541e6cdecb1465ec40ccfcb4675ca.ogg', NULL, NULL, NULL, 5, 2),
(750, 'rei_0040', 'fff86ed4bd2c03c4fae574aac95950cc.ogg', NULL, NULL, NULL, 5, 2),
(751, 'rei_0041', '71dbfbe18b20ae4f1c7513d4d29820e4.ogg', NULL, NULL, NULL, 5, 2),
(752, 'rei_0042', 'b4d24f061f7aaa42efa4ddab57044a21.ogg', NULL, NULL, NULL, 5, 2),
(753, 'rei_0043', '5deb0f9a09c4af08bcc80f0be510b898.ogg', NULL, NULL, NULL, 5, 2),
(754, 'rei_0044', '8b5b43e54efac681642103d08b0814e9.ogg', NULL, NULL, NULL, 5, 2),
(755, 'rei_0045', '11f77d604863ca99c5bb6fa120500bee.ogg', NULL, NULL, NULL, 5, 2),
(756, 'rei_0046', '703a4b703564b169550c6fefc03f0076.ogg', NULL, NULL, NULL, 5, 2),
(757, 'rem_0049', 'b3efbddb131b27b752afee740a07265f.ogg', NULL, NULL, NULL, 5, 2),
(758, 'rem_0050', '9dc545a338e1ad3c4902e47cb9da5562.ogg', NULL, NULL, NULL, 5, 2),
(759, 'rem_0000', '6c49806a17d34b515ab0e87fd2204b64.ogg', NULL, NULL, NULL, 5, 2),
(760, 'rem_0001', '44cb25de2cc7055c3177941bc353251e.ogg', NULL, NULL, NULL, 5, 2),
(761, 'rem_0002', 'a0a75c72da0c94354b2603b0b6810e62.ogg', NULL, NULL, NULL, 5, 2),
(762, 'rem_0003', 'b360d7b2ca654035d979caecbc0ef99d.ogg', NULL, NULL, NULL, 5, 2),
(763, 'rem_0004', '093f528ab84a2e6b0033e6c64cbf75b8.ogg', NULL, NULL, NULL, 5, 2),
(764, 'rem_0005', '5f205a24c4986e245cab7fcfa1abf519.ogg', NULL, NULL, NULL, 5, 2),
(765, 'rem_0006', '2caef6a31b8ceaa0d50d103bc76fec21.ogg', NULL, NULL, NULL, 5, 2),
(766, 'rem_0007', '5f84e47211686ca9cb26494743a5b4d9.ogg', NULL, NULL, NULL, 5, 2),
(767, 'rem_0008', 'e5d6b47a8632f7c1b8d3e23284d5e7a9.ogg', NULL, NULL, NULL, 5, 2),
(768, 'rem_0009', '37d1b12e2d01498ea870c5ec099471b3.ogg', NULL, NULL, NULL, 5, 2),
(769, 'rem_0010', '5abfb88e9a9851ef7bd59b29d5b9260f.ogg', NULL, NULL, NULL, 5, 2),
(770, 'rem_0011', 'dbf7836ec7b98d408983a33a027eee1d.ogg', NULL, NULL, NULL, 5, 2),
(771, 'rem_0012', '4dd3ab941db09040844a259439056baf.ogg', NULL, NULL, NULL, 5, 2),
(772, 'rem_0013', '7f02be8d6024681a887e600ffe74182c.ogg', NULL, NULL, NULL, 5, 2),
(773, 'rem_0014', 'c1e1c05238b57cb65f59bff867a6bbd5.ogg', NULL, NULL, NULL, 5, 2),
(774, 'rem_0015', '7849503fc842e367e3a1a65e56c07441.ogg', NULL, NULL, NULL, 5, 2),
(775, 'rem_0016_m', '550c4aef97d4772e9f670656ee5a9943.ogg', NULL, NULL, NULL, 5, 2),
(776, 'rem_0016', '793ed766cbfa155cfbc43de26a771e4a.ogg', NULL, NULL, NULL, 5, 2),
(777, 'rem_0017', '7e84f95cea2fdabba6999be57e68ef2b.ogg', NULL, NULL, NULL, 5, 2),
(778, 'rem_0018', '5a23d5ded4ffdbe38575b6bb5ca9ab3f.ogg', NULL, NULL, NULL, 5, 2),
(779, 'rem_0019', 'dccf14bdb29e91bf856f40764ca7e1a0.ogg', NULL, NULL, NULL, 5, 2),
(780, 'rem_0020', '6a5e7efaad2b13638737128f4adab1bf.ogg', NULL, NULL, NULL, 5, 2),
(781, 'rem_0021', '8c81af94ea0a3799cef109cda4fc068a.ogg', NULL, NULL, NULL, 5, 2),
(782, 'rem_0022', '0796d45eb44f9d00ad19f6aa9a1bcc1f.ogg', NULL, NULL, NULL, 5, 2),
(783, 'rem_0023', '4a44748b7a5cb1ace08a25499dd712d9.ogg', NULL, NULL, NULL, 5, 2),
(784, 'rem_0024', '5918caddfed664e0e59e98058e5379eb.ogg', NULL, NULL, NULL, 5, 2),
(785, 'rem_0025', 'f041305671ca6cbb17a8706287db8bad.ogg', NULL, NULL, NULL, 5, 2),
(786, 'rem_0026', '1ed5ce6b1f2133cd8a915f3417df2c0a.ogg', NULL, NULL, NULL, 5, 2),
(787, 'rem_0027', '57b64cb636c37bde559af966b9b852e6.ogg', NULL, NULL, NULL, 5, 2),
(788, 'rem_0028', 'be0740fc72a2e1b1e12f4485922cd59b.ogg', NULL, NULL, NULL, 5, 2),
(789, 'rem_0029', '63c65cdcf3b3dfb601699b85522bdb0e.ogg', NULL, NULL, NULL, 5, 2),
(790, 'rem_0030', '323786f004d63a158ee526a748d2673e.ogg', NULL, NULL, NULL, 5, 2),
(791, 'rem_0031', 'c37845e1871d3afbebcc207073e6d3d0.ogg', NULL, NULL, NULL, 5, 2),
(792, 'rem_0032', '8d5d906731bae08b533b730684c6a1bd.ogg', NULL, NULL, NULL, 5, 2),
(793, 'rem_0033', '2a30e54f7dac7c99314cf144858a1012.ogg', NULL, NULL, NULL, 5, 2),
(794, 'rem_0034', '488de95640e1563fc92c191a69b0acc4.ogg', NULL, NULL, NULL, 5, 2),
(795, 'rem_0035', 'f67e6f118f12b7c83cef86a4a4197cb4.ogg', NULL, NULL, NULL, 5, 2),
(796, 'rem_0036', '469bfbb331af8c64fbce355764b98117.ogg', NULL, NULL, NULL, 5, 2),
(797, 'rem_0037', '8b79656ab339711eb0f284dabe9d7635.ogg', NULL, NULL, NULL, 5, 2),
(798, 'rem_0038', '086625f82f6cd16378ee22421d50b7af.ogg', NULL, NULL, NULL, 5, 2),
(799, 'rem_0039', 'dd9e6339717b2aee7ee501991c63c871.ogg', NULL, NULL, NULL, 5, 2),
(800, 'rem_0040', '1f930e94f708ea8f3ecc8ee63ec90895.ogg', NULL, NULL, NULL, 5, 2),
(801, 'rem_0041', '632c0e87598266866584003138dc468f.ogg', NULL, NULL, NULL, 5, 2),
(802, 'rem_0042', 'd8cd0d18f2c01a5ed5bc0d69ae048ed2.ogg', NULL, NULL, NULL, 5, 2),
(803, 'rem_0043', 'c2b533896658ef9218be260831da9455.ogg', NULL, NULL, NULL, 5, 2),
(804, 'rem_0044', 'ac914792be1b7f5d0c0bd492eaffa24e.ogg', NULL, NULL, NULL, 5, 2),
(805, 'rem_0045', 'a7faa1bac67c4c747832a230f4906b44.ogg', NULL, NULL, NULL, 5, 2),
(806, 'rem_0046', '27ca6bdda3ef05c6f77da77b06e03e22.ogg', NULL, NULL, NULL, 5, 2),
(807, 'rem_0047', 'ed71f3f47da7579b055cdca379cf40b7.ogg', NULL, NULL, NULL, 5, 2),
(808, 'rem_0048', 'a94e51f7e8fb419d80a90cf01cdd0da0.ogg', NULL, NULL, NULL, 5, 2),
(809, 'rum_0000', '5c64c9f3d55f22e4e9702c993f5bff1b.ogg', NULL, NULL, NULL, 5, 2),
(810, 'rum_0001', '06126f935f9e494c8e5d5865ae575cf6.ogg', NULL, NULL, NULL, 5, 2),
(811, 'sak_0050', '9e5f44ed278142372423eeab90f92fc0.ogg', NULL, NULL, NULL, 5, 2),
(812, 'rum_0002', 'e552f04eb16cafa9e7279678a5b28e5c.ogg', NULL, NULL, NULL, 5, 2),
(813, 'rum_0003', '7c6fdfa472bfe7a8876e840af64408d1.ogg', NULL, NULL, NULL, 5, 2),
(814, 'rum_0004', 'ef292fcf869bcfebccc465d764c38992.ogg', NULL, NULL, NULL, 5, 2),
(815, 'rum_0005', '53576982d4502e4561faeb30f5b1cbcd.ogg', NULL, NULL, NULL, 5, 2),
(816, 'rum_0006', '2278d09510666109442a313156ccf173.ogg', NULL, NULL, NULL, 5, 2),
(817, 'rum_0007', '35b374fbe2897deadc74e70c914a468a.ogg', NULL, NULL, NULL, 5, 2),
(818, 'rum_0008', '431b58eac79b86cd0ba3f35f0536d7ba.ogg', NULL, NULL, NULL, 5, 2),
(819, 'rum_0009', '40b97a0f54941ad405ce5976d90847e8.ogg', NULL, NULL, NULL, 5, 2),
(820, 'rum_0010', '950b4af1043baf76ea40d5c1111d36d3.ogg', NULL, NULL, NULL, 5, 2),
(821, 'rum_0011', 'f1eb434ef434cf148413c2c134da627a.ogg', NULL, NULL, NULL, 5, 2),
(822, 'rum_0012', 'e022b2eb5a286220d36392cd4fc566a0.ogg', NULL, NULL, NULL, 5, 2),
(823, 'rum_0013', 'e4a000c4de3399024636ce82fb693949.ogg', NULL, NULL, NULL, 5, 2),
(824, 'rum_0014', '4fe3fb3e97dcae98626db48e4cd0a35d.ogg', NULL, NULL, NULL, 5, 2),
(825, 'rum_0015', '8d74bca6df6c55fa152c867c3faa86e2.ogg', NULL, NULL, NULL, 5, 2),
(826, 'rum_0016', 'c9a345607ae06ee283c59a291ff934cf.ogg', NULL, NULL, NULL, 5, 2),
(827, 'rum_0017', '9aa25593fe6c57196983a35e06623c77.ogg', NULL, NULL, NULL, 5, 2),
(828, 'rum_0018', 'c88e77c0b3fb529d19ce462b66f7e5ea.ogg', NULL, NULL, NULL, 5, 2),
(829, 'rum_0019', '23c11863675b9342f579273092c66d41.ogg', NULL, NULL, NULL, 5, 2),
(830, 'rum_0020', '37565fd7a3a0a0957304322ae7d33941.ogg', NULL, NULL, NULL, 5, 2),
(831, 'rum_0021', '08524a74cd9e8f2930c66f142900954d.ogg', NULL, NULL, NULL, 5, 2),
(832, 'rum_0022', '54a6e6c0fce90b53587f655818d69028.ogg', NULL, NULL, NULL, 5, 2),
(833, 'rum_0023', 'c790a643d4e58e34f0dffbee05bee630.ogg', NULL, NULL, NULL, 5, 2),
(834, 'rum_0024', 'd31516592132e86bd18b12aef012880f.ogg', NULL, NULL, NULL, 5, 2),
(835, 'rum_0025', '20a55649bb600043e0d4cc74526f029f.ogg', NULL, NULL, NULL, 5, 2),
(836, 'rum_0026', 'fc8f1ff23a023a12dbb5b56b24c96181.ogg', NULL, NULL, NULL, 5, 2),
(837, 'rum_0027', '90509bbcd62533391dc714a8173b52af.ogg', NULL, NULL, NULL, 5, 2),
(838, 'rum_0028', 'e53eadd76aae41e1cf5a26fad08108f9.ogg', NULL, NULL, NULL, 5, 2),
(839, 'rum_0029', 'fe00a3659043219266af6408177219b7.ogg', NULL, NULL, NULL, 5, 2),
(840, 'rum_0030', 'a087b5d83c2e33d478e3333f8bab60e4.ogg', NULL, NULL, NULL, 5, 2),
(841, 'rum_0031', '343ad9795132f80fa1416e489c0af5a7.ogg', NULL, NULL, NULL, 5, 2),
(842, 'rum_0032', '427356e7a3d35abf2488638b21aea440.ogg', NULL, NULL, NULL, 5, 2),
(843, 'rum_0033', 'b30502920c398e82dc354aa5fa96ab19.ogg', NULL, NULL, NULL, 5, 2),
(844, 'rum_0034', '76f269e204e32bdedd29662dffa9f547.ogg', NULL, NULL, NULL, 5, 2),
(845, 'rum_0035', '56720d6949d04a07004437e8e9b081ea.ogg', NULL, NULL, NULL, 5, 2),
(846, 'rum_0036', '00fcc82b15454367a3ef168df50ab1c6.ogg', NULL, NULL, NULL, 5, 2),
(847, 'rum_0037', '39aeb4725ffc033090fec011eab711e7.ogg', NULL, NULL, NULL, 5, 2),
(848, 'rum_0038', 'ebccce01feeb0b7d0a952d00b1ad9071.ogg', NULL, NULL, NULL, 5, 2),
(849, 'rum_0039', '6a5f8f25d8ef57dc5a987275c5f5dd11.ogg', NULL, NULL, NULL, 5, 2),
(850, 'rum_0040', 'f19103f6ee6633cc3107a187eb35cdcf.ogg', NULL, NULL, NULL, 5, 2),
(851, 'rum_0041', 'a2c45d3dbe0947c9292b869568711ecc.ogg', NULL, NULL, NULL, 5, 2),
(852, 'rum_0042', '560da95c22debbd2521d4b8653382a97.ogg', NULL, NULL, NULL, 5, 2),
(853, 'rum_0043', '7ecb24e66c31a622fecfbf2efbd1d374.ogg', NULL, NULL, NULL, 5, 2),
(854, 'rum_0044', '6bd8c305c071ef339fc8bdb81d6b8ddc.ogg', NULL, NULL, NULL, 5, 2),
(855, 'rum_0045', '99abcfbc234af5951ed1af2cf10c6c2b.ogg', NULL, NULL, NULL, 5, 2),
(856, 'rum_0046', '3eed25e171974e11d61e4a81ef871ec3.ogg', NULL, NULL, NULL, 5, 2),
(857, 'rum_0047', '94728a01a7c200eebe0bea5ce3c2494f.ogg', NULL, NULL, NULL, 5, 2),
(858, 'rum_0049', 'b474b6843cb6dc939aec64526ef7420d.ogg', NULL, NULL, NULL, 5, 2),
(859, 'rum_0050', 'a28c5023d5a7e4aa3b5d2ed4e590c750.ogg', NULL, NULL, NULL, 5, 2),
(860, 'rum_0051', 'e8ebf8a1c1fc154ef1ac9919520818fb.ogg', NULL, NULL, NULL, 5, 2),
(861, 'rum_0052', '369d2a38c69cd350dc659896d8a1d9a3.ogg', NULL, NULL, NULL, 5, 2),
(862, 'rum_0053', '72de54293893fa599d5cee4e0bfbe8fb.ogg', NULL, NULL, NULL, 5, 2),
(863, 'rum_0054', '50aa5189b9aca2bab8ec5fa9b86c36aa.ogg', NULL, NULL, NULL, 5, 2),
(864, 'rum_0055', 'e8f1fc13158a530583e2279bf5ab5710.ogg', NULL, NULL, NULL, 5, 2),
(865, 'rum_0056', '1e90728e0ad8276bdf3efbb8a2b637fe.ogg', NULL, NULL, NULL, 5, 2),
(866, 'rum_0057', 'a17804821e18a44e66057bf9aa86375d.ogg', NULL, NULL, NULL, 5, 2),
(867, 'rum_0058', 'e608a70a6366501e885ac33d1f9fd470.ogg', NULL, NULL, NULL, 5, 2),
(868, 'sak_0000_m', '688a8a7a41d8ebc78334c75245cf7071.ogg', NULL, NULL, NULL, 5, 2),
(869, 'sak_0000', '7cce55a2e2624b3a3de720a22eee3574.ogg', NULL, NULL, NULL, 5, 2),
(870, 'sak_0001', 'f924913d306dc9f2c0cc649dd8a17189.ogg', NULL, NULL, NULL, 5, 2),
(871, 'sak_0002', '38414bc26cc1debec7fc69a88f1533fe.ogg', NULL, NULL, NULL, 5, 2),
(872, 'sak_0003', '5e0a4484f770027abf5faed12b6f9363.ogg', NULL, NULL, NULL, 5, 2),
(873, 'sak_0004', '8c45493a3c2019d338a65818f4c84549.ogg', NULL, NULL, NULL, 5, 2),
(874, 'sak_0005', '9b40f452d0c851f5ed3e1dd9a204e19c.ogg', NULL, NULL, NULL, 5, 2),
(875, 'sak_0006', 'dbce28e73884e9d491983eb8259967e8.ogg', NULL, NULL, NULL, 5, 2),
(876, 'sak_0007', '27e83474ab4dfbad3bb0024a3baabff5.ogg', NULL, NULL, NULL, 5, 2),
(877, 'sak_0008', '1c0d2b714799995b8b85fdb2a80bdbd6.ogg', NULL, NULL, NULL, 5, 2),
(878, 'sak_0009', '036b98936063c676a1905106f67c3349.ogg', NULL, NULL, NULL, 5, 2),
(879, 'sak_0010', '20d065837411087089b31b2065bfa23a.ogg', NULL, NULL, NULL, 5, 2),
(880, 'sak_0011', '2d4101d84a9c70ba40ea4a992a2a465e.ogg', NULL, NULL, NULL, 5, 2),
(881, 'sak_0012', '6c519c2b55fc9044a4c3af21025f1c8c.ogg', NULL, NULL, NULL, 5, 2),
(882, 'sak_0013', '9142ea36268639ac835db0e8081be597.ogg', NULL, NULL, NULL, 5, 2),
(883, 'sak_0014', '881617a3976a77d363fbc3fda122dd98.ogg', NULL, NULL, NULL, 5, 2),
(884, 'sak_0015', 'f79ef618c04ce78291e96f542f9bea68.ogg', NULL, NULL, NULL, 5, 2),
(885, 'sak_0016', 'd5f184d1b0f9e1151d34830dee8b1a18.ogg', NULL, NULL, NULL, 5, 2),
(886, 'sak_0017', '035741839c7c21659565a0681722a749.ogg', NULL, NULL, NULL, 5, 2),
(887, 'sak_0018', 'd5db3c72a7d5bb50c26273a6adcdf336.ogg', NULL, NULL, NULL, 5, 2),
(888, 'sak_0019', 'ba05a8d5ff84527d93be45ba708960d0.ogg', NULL, NULL, NULL, 5, 2),
(889, 'sak_0020', 'fd90d888132fdd0b94bcbfcf714f7008.ogg', NULL, NULL, NULL, 5, 2),
(890, 'sak_0021', '3c8641afbdbbd24aec844b856cc3cf82.ogg', NULL, NULL, NULL, 5, 2),
(891, 'sak_0022', '200613f4a0413fb0f19b448e2a13c58b.ogg', NULL, NULL, NULL, 5, 2),
(892, 'sak_0023', '082278e8d353398832c19d1c961b92ae.ogg', NULL, NULL, NULL, 5, 2),
(893, 'sak_0024', '9aa79328403b302c78a51e9ec68871ff.ogg', NULL, NULL, NULL, 5, 2),
(894, 'sak_0025', 'dcc93a2ec58566069133a018be70c555.ogg', NULL, NULL, NULL, 5, 2),
(895, 'sak_0026', 'a30e8abfa57d7d472e36a7f59ac17e3c.ogg', NULL, NULL, NULL, 5, 2),
(896, 'sak_0027', '23dcda4edd5bfdafeec6601091995255.ogg', NULL, NULL, NULL, 5, 2),
(897, 'sak_0028', '9e8b93562f94fb3de521d86a5f2b65b3.ogg', NULL, NULL, NULL, 5, 2),
(898, 'sak_0029', '603b331ff775e08e7e11c1414b51b08b.ogg', NULL, NULL, NULL, 5, 2),
(899, 'sak_0030', '83e1b99cc4131c3e4e265dd9dd1367d7.ogg', NULL, NULL, NULL, 5, 2),
(900, 'sak_0031', '4e2057b5195925e21779fb4d1d063e54.ogg', NULL, NULL, NULL, 5, 2),
(901, 'sak_0032', 'a49dd5e4e6d97902da2b43a2d2f2ef0b.ogg', NULL, NULL, NULL, 5, 2),
(902, 'sak_0033', 'bf93fd89b05d2fe613fadead60cbd54b.ogg', NULL, NULL, NULL, 5, 2),
(903, 'sak_0034', 'c25db90cc32c68f9ae5642b454acb160.ogg', NULL, NULL, NULL, 5, 2),
(904, 'sak_0035', 'a7b1e814fbfa531e9baea00ed16980f9.ogg', NULL, NULL, NULL, 5, 2),
(905, 'sak_0036', 'a9194def45e5d7ea6edcbbbdbfa4945b.ogg', NULL, NULL, NULL, 5, 2),
(906, 'sak_0038', 'ca00d1ddbe36b99164cfb9225bcb99b3.ogg', NULL, NULL, NULL, 5, 2),
(907, 'sak_0039', '297ac8cc594551f21005151950f0b821.ogg', NULL, NULL, NULL, 5, 2),
(908, 'sak_0040', '27ff40458ecf6d2448b96fd2efddfe1d.ogg', NULL, NULL, NULL, 5, 2),
(909, 'sak_0041', '0560995b10687306560c78940266ece5.ogg', NULL, NULL, NULL, 5, 2),
(910, 'sak_0042', '62cc46e9f5298417b9f68a154995e4d1.ogg', NULL, NULL, NULL, 5, 2),
(911, 'sak_0037', 'c3c1103dd5e5572033f06e76b4f3523e.ogg', NULL, NULL, NULL, 5, 2),
(912, 'sak_0043', '6cc93244cc209c66eb70b77d30e4c09a.ogg', NULL, NULL, NULL, 5, 2),
(913, 'sak_0044', 'e959111f7c6582aaeb362d1e60f9d908.ogg', NULL, NULL, NULL, 5, 2),
(914, 'sak_0045', '42610128dc7c519da33dc03d2759d5d1.ogg', NULL, NULL, NULL, 5, 2),
(915, 'sak_0046', 'dce1971a25a1d8fd7916906ff2943fce.ogg', NULL, NULL, NULL, 5, 2),
(916, 'sak_0047', '933fe56cc335abc7326edff60e178270.ogg', NULL, NULL, NULL, 5, 2),
(917, 'sak_0048', '392dcde5d8aeb67361a18855b946f401.ogg', NULL, NULL, NULL, 5, 2),
(918, 'sak_0049', '3016ae75ce5be52e4c8df0e8b16778ca.ogg', NULL, NULL, NULL, 5, 2),
(919, 'rum_0048', '49e5b490baf12858b5a5a16f3f8f07e5.ogg', NULL, NULL, NULL, 5, 2),
(920, 'tuu_0036', 'e15b49baef988dce4514acbc5ea85c16.ogg', NULL, NULL, NULL, 5, 2),
(921, 'tuu_0037', 'ade16f45dd020f77bc304fe83a007fbc.ogg', NULL, NULL, NULL, 5, 2),
(922, 'sha_0000', '64d2f8cf00e51f94992e93d4d654a53d.ogg', NULL, NULL, NULL, 5, 2),
(923, 'tuu_0038', '2feb5901ccd79d5b173740387690a104.ogg', NULL, NULL, NULL, 5, 2),
(924, 'yur_0000', '223dd428c93d2f7fb4759ba13b95a15c.ogg', NULL, NULL, NULL, 5, 2),
(925, 'yua_0000', 'cdf649d20f9ddb174d6c37c255eafcd2.ogg', NULL, NULL, NULL, 5, 2),
(926, 'sha_0001', 'f8b1df6580b65c05d00a3cd26410deed.ogg', NULL, NULL, NULL, 5, 2),
(927, 'sha_0002', '66a9f5a359594649812b210885ec124c.ogg', NULL, NULL, NULL, 5, 2),
(928, 'tuu_0000', 'bfc19fe0636be0d0095adf66021752d1.ogg', NULL, NULL, NULL, 5, 2),
(929, 'tuu_0001', 'cca1e96a86b56a3898b9be2c496f952a.ogg', NULL, NULL, NULL, 5, 2),
(930, 'tuu_0002', 'd19d93f428d164f477a4e341f88fa095.ogg', NULL, NULL, NULL, 5, 2),
(931, 'tuu_0003', '8329705ec64e4edb154325ce6105d3cf.ogg', NULL, NULL, NULL, 5, 2),
(932, 'tuu_0004_a', '85575ed3b11803d6140b54d020a720d5.ogg', NULL, NULL, NULL, 5, 2),
(933, 'tuu_0004_b', '0724996995f6990985238521ed8d2cf1.ogg', NULL, NULL, NULL, 5, 2),
(934, 'tuu_0004', '8a8ee1c5babba4f6213ea8f09b849d40.ogg', NULL, NULL, NULL, 5, 2),
(935, 'tuu_0005', '4e37f46b995c757e9ce3c218c64c089a.ogg', NULL, NULL, NULL, 5, 2),
(936, 'tuu_0006', '008c0539617399244112dd6c1ac134a3.ogg', NULL, NULL, NULL, 5, 2),
(937, 'tuu_0007', '916a204e83c976e883dbb8ac7c869070.ogg', NULL, NULL, NULL, 5, 2),
(938, 'tuu_0008', 'd2ba14fcdf891456f5472c62fa142a42.ogg', NULL, NULL, NULL, 5, 2),
(939, 'tuu_0009', 'cec644d90d150bb33ffa17d12cbc0adb.ogg', NULL, NULL, NULL, 5, 2),
(940, 'tuu_0010', 'fd932ced62ff54c0fc2e6cd862510ce2.ogg', NULL, NULL, NULL, 5, 2),
(941, 'tuu_0011', '063ec8f798a2fe57027eb055ef8fb629.ogg', NULL, NULL, NULL, 5, 2),
(942, 'tuu_0012', 'fe9e605705a8a868e2f9c0e1fba2f0f9.ogg', NULL, NULL, NULL, 5, 2),
(943, 'tuu_0013', '5b4e11cfbd4aab8b636ea108d4da2520.ogg', NULL, NULL, NULL, 5, 2),
(944, 'tuu_0014', '37b4ff3c88f488b7903418ed574b4f12.ogg', NULL, NULL, NULL, 5, 2),
(945, 'tuu_0015', 'b0862978f31ccfd425e5cf968574eaa5.ogg', NULL, NULL, NULL, 5, 2),
(946, 'tuu_0016', '446e8d63aece4d762dc04803447956c3.ogg', NULL, NULL, NULL, 5, 2),
(947, 'tuu_0017', 'e3a9d46bfcbbfd6b4e15e44f45eed705.ogg', NULL, NULL, NULL, 5, 2),
(948, 'tuu_0018', 'f4f82aaba256d20b99561d64b6bfc157.ogg', NULL, NULL, NULL, 5, 2),
(949, 'tuu_0019', 'b1a7573ef53e20a21f9cef0917ed675d.ogg', NULL, NULL, NULL, 5, 2),
(950, 'tuu_0020', '8a54fe8c0e406c7352dac3698bc7ea26.ogg', NULL, NULL, NULL, 5, 2),
(951, 'tuu_0021', '4f8284445a67fbd652acb060c5cafc41.ogg', NULL, NULL, NULL, 5, 2),
(952, 'tuu_0022', '3dc1bdd94e301f2562c2b74fd5eb48e5.ogg', NULL, NULL, NULL, 5, 2),
(953, 'tuu_0023', '69f44d362cd40c7ab48aab8a00d949a5.ogg', NULL, NULL, NULL, 5, 2),
(954, 'tuu_0024', 'd7520ef057802d78c0ce127470c0f245.ogg', NULL, NULL, NULL, 5, 2),
(955, 'tuu_0025', 'd665b1fb463351c554e50bc248ec9f6e.ogg', NULL, NULL, NULL, 5, 2),
(956, 'tuu_0026', '065e71c07501820741db70f2923bef6c.ogg', NULL, NULL, NULL, 5, 2),
(957, 'tuu_0027', '0280675083262bfe86d1d9a980556ff8.ogg', NULL, NULL, NULL, 5, 2),
(958, 'tuu_0028', 'd6fb41f966a16afabff97038c178edc8.ogg', NULL, NULL, NULL, 5, 2),
(959, 'tuu_0029', 'a083116de50e155d3089b9836fb419c4.ogg', NULL, NULL, NULL, 5, 2),
(960, 'tuu_0030', '99956fe948c85fb1bc48830963543d74.ogg', NULL, NULL, NULL, 5, 2),
(961, 'tuu_0031', 'd7c2f5a90d213642228c6535bc979c94.ogg', NULL, NULL, NULL, 5, 2),
(962, 'tuu_0032', '3aef58266925d9bb3b608668461955b3.ogg', NULL, NULL, NULL, 5, 2),
(963, 'tuu_0033', '0caae819c05b987135543254006d7858.ogg', NULL, NULL, NULL, 5, 2),
(964, 'tuu_0034', 'bdc85ba8473c0f1102bb3a3b619d8320.ogg', NULL, NULL, NULL, 5, 2),
(965, 'tuu_0035', '0ecb0a3c3297ad57f3c5f319346e77d3.ogg', NULL, NULL, NULL, 5, 2),
(966, 'black', '72cddd188daaa24d7e3a6a5baf4bdb09.jpg', NULL, NULL, NULL, 2, 2),
(967, 'blast_5', '76ac85d1c33343a21d5920d3a07581a0.ogg', NULL, NULL, NULL, 4, 2),
(968, 'blast_8', '1979c330e2f373a7c0b2b0de6c669aa5.ogg', NULL, NULL, NULL, 4, 2),
(969, 'blast_3', 'df2ccde0f0648a5ba4f536de4689813f.ogg', NULL, NULL, NULL, 4, 2),
(970, 'blast_6', '208df75f034330c3c6d191d4a4d5c863.ogg', NULL, NULL, NULL, 4, 2),
(971, 'blast_4', '20e2f42c5661639dab78c2be40674bc0.ogg', NULL, NULL, NULL, 4, 2),
(972, 'blast_7', '9205a9e6fa912913ad7bad7b6b6bb590.ogg', NULL, NULL, NULL, 4, 2),
(973, 'blast_1', '5b2e8cc4b13a859ce0384f9698672720.ogg', NULL, NULL, NULL, 4, 2),
(974, 'blast_2', '7933bb11eb89426fdc5416dbeea252d6.ogg', NULL, NULL, NULL, 4, 2),
(975, 'bad end 2', 'f4b451e8c3448d59ce7518f5487669c4.jpg', NULL, NULL, NULL, 2, 2),
(976, 'aya_0099', 'b30b14ce7a010c281d1919cbb1112986.ogg', NULL, NULL, NULL, 5, 2),
(977, 'aya_0100', '0d45285409f92cafcf53e05e35f09407.ogg', NULL, NULL, NULL, 5, 2),
(978, 'aya_0053', '4c61b326737fcdd3acc15cf7204923dd.ogg', NULL, NULL, NULL, 5, 2),
(979, 'aya_0054', 'f55aec5f71c78cc6d5dd594a181895a7.ogg', NULL, NULL, NULL, 5, 2),
(980, 'aya_0051', 'f452d0227c97d5421f8871f73e3432d2.ogg', NULL, NULL, NULL, 5, 2),
(981, 'aya_0052', 'd43f79c09d45182c2146dde8fa0fe45a.ogg', NULL, NULL, NULL, 5, 2),
(982, 'aya_0055', '050f898467d5de5e1f8935ab50a694e6.ogg', NULL, NULL, NULL, 5, 2),
(983, 'aya_0056', '41fcc3eed0f6ee2877ecc1f2f16a450b.ogg', NULL, NULL, NULL, 5, 2),
(984, 'aya_0057', '3fa6426f7263198661179369355db64c.ogg', NULL, NULL, NULL, 5, 2),
(985, 'aya_0058', 'a5c9434f95e48d4090fdebd528e6bedb.ogg', NULL, NULL, NULL, 5, 2),
(986, 'aya_0059', '974004ac40fd8ccbe82be013873b0a6e.ogg', NULL, NULL, NULL, 5, 2),
(987, 'aya_0060', 'ad348633792660b42bd4e73d7d82a82a.ogg', NULL, NULL, NULL, 5, 2),
(988, 'aya_0061', '1cd99c0a467e0748204e98684c4c4d77.ogg', NULL, NULL, NULL, 5, 2),
(989, 'aya_0062', '4ce52b74d88efe9ec780b843cd0ca43d.ogg', NULL, NULL, NULL, 5, 2),
(990, 'aya_0063', '12acb4a0dae56198dc64177492d92431.ogg', NULL, NULL, NULL, 5, 2),
(991, 'aya_0064', 'e849e1022321e1bed8d9a0c50600a036.ogg', NULL, NULL, NULL, 5, 2),
(992, 'aya_0065', '55288af604e810d081886fb943652da5.ogg', NULL, NULL, NULL, 5, 2),
(993, 'aya_0066', '45ab8ad5cc6e7e19a98d828ddb2dac83.ogg', NULL, NULL, NULL, 5, 2),
(994, 'aya_0067', '5b6f0b93db8e25a0e520d1e59b27e4c7.ogg', NULL, NULL, NULL, 5, 2),
(995, 'aya_0068', '22b967d88282e54ddae9a4151b7cf2b0.ogg', NULL, NULL, NULL, 5, 2),
(996, 'aya_0069', 'dbab71fd5ae7b3e4bac5582908ba7c59.ogg', NULL, NULL, NULL, 5, 2),
(997, 'aya_0070', '490b82144f56358817ac645ca86ce423.ogg', NULL, NULL, NULL, 5, 2),
(998, 'aya_0071', 'bfe3499e56b44effe660f76c694b2c3f.ogg', NULL, NULL, NULL, 5, 2),
(999, 'aya_0072', '23f647a8ae1abc84d1452eecf4fd62e2.ogg', NULL, NULL, NULL, 5, 2),
(1000, 'aya_0073', '9683aa9d15536f482bdaac11bcf7e961.ogg', NULL, NULL, NULL, 5, 2),
(1001, 'aya_0074', '5ddfdada68a6de38acdfdccdfe337193.ogg', NULL, NULL, NULL, 5, 2),
(1002, 'aya_0075', 'c08dcf50a82bade43e20575ea2cd8106.ogg', NULL, NULL, NULL, 5, 2),
(1003, 'aya_0076', 'f1ef902f1f2ddb9631caa1d80ff532fa.ogg', NULL, NULL, NULL, 5, 2),
(1004, 'aya_0077', '683a869adc12a561e17d07d9832961aa.ogg', NULL, NULL, NULL, 5, 2),
(1005, 'aya_0078', 'de43579e0f3ac282a0cbfa36d85e1ebd.ogg', NULL, NULL, NULL, 5, 2),
(1006, 'aya_0079', 'df623648c066920c98239292051c3b97.ogg', NULL, NULL, NULL, 5, 2),
(1007, 'aya_0080', 'eda26b8eb12bffbb64ae477d30c14afb.ogg', NULL, NULL, NULL, 5, 2),
(1008, 'aya_0081', 'ba8127e2c9a36c54cf3c15cff9ec5e70.ogg', NULL, NULL, NULL, 5, 2),
(1009, 'aya_0082', 'caf463779556f502c22015272a7dd705.ogg', NULL, NULL, NULL, 5, 2),
(1010, 'aya_0083', 'bad59da09cf2ea5a2ae8b7d57dc30d46.ogg', NULL, NULL, NULL, 5, 2),
(1011, 'aya_0084', '36401814a48f90f30fc7d3101b728499.ogg', NULL, NULL, NULL, 5, 2),
(1012, 'aya_0085', 'f07b001701cee90a555879f11023198c.ogg', NULL, NULL, NULL, 5, 2),
(1013, 'aya_0086', '5335d818a19ec25c786c39e804209664.ogg', NULL, NULL, NULL, 5, 2),
(1014, 'aya_0087', 'b8714f6ad74d3cdcf966fbc6d7fae0b7.ogg', NULL, NULL, NULL, 5, 2),
(1015, 'aya_0088', 'c572933f60408b7fe10b4a33cf07b874.ogg', NULL, NULL, NULL, 5, 2),
(1016, 'aya_0089', '74a2ebf322d105c2a5d5cb5b8a148147.ogg', NULL, NULL, NULL, 5, 2),
(1017, 'aya_0090', 'db7c6b02e661736759eba9e20af56d11.ogg', NULL, NULL, NULL, 5, 2),
(1018, 'aya_0091', '4011547bc8e658fe84ca803b379311c5.ogg', NULL, NULL, NULL, 5, 2),
(1019, 'aya_0092', '08c1d28fecd5a65bef30ccb12c284ad0.ogg', NULL, NULL, NULL, 5, 2),
(1020, 'aya_0093', 'ea82dd1ad4d8ac2b0a56a3ba9373b745.ogg', NULL, NULL, NULL, 5, 2),
(1021, 'aya_0094', '2d3cd389158691aa8bbcd651106662cd.ogg', NULL, NULL, NULL, 5, 2),
(1022, 'aya_0095', '415246b3c19a44d876c0fffb7a924a90.ogg', NULL, NULL, NULL, 5, 2),
(1023, 'aya_0096', '4a058b54a46d0719d2324bc880b054de.ogg', NULL, NULL, NULL, 5, 2),
(1024, 'aya_0097', 'f4c54463cc7c40bcb54eb9f3a22c48ba.ogg', NULL, NULL, NULL, 5, 2),
(1025, 'aya_0098', 'bb0213d98ee7f323fedfeb0c055077f5.ogg', NULL, NULL, NULL, 5, 2),
(1026, 'curse', '11ea6b8acb582da1eb86521697aac7bb.ogg', NULL, NULL, NULL, 4, 2),
(1027, 'bad end 1', '75716e6acd355b3da8ba05f99403a580.jpg', NULL, NULL, NULL, 2, 2),
(1028, 'ak10e', 'ce28317b1221cb93d04861ff09497d16.png', 'Akio', '10', NULL, 1, 3),
(1029, 'ak10', 'aa89b36f0989aa79050896e371d66106.png', 'Akio', '10', 'e', 1, 3),
(1030, 'ak11', '452105f247a64134a9490133bfe31abc.png', 'Akio', '11', NULL, 1, 3),
(1031, 'ak11e', '810be6202705c36cc93cc1c00ff4055a.png', 'Akio', '11', 'e', 1, 3),
(1032, 'ak11t', 'c7b19249c557c063a19f3e23c3dbece4.png', 'Akio', '11', 't', 1, 3),
(1033, 'ak12', '27814e928e48c7b4d40c0904cfed14e6.png', 'Akio', '12', NULL, 1, 3),
(1034, 'ak12t', '58842ffc44a6b64560fe8d742d7d61ba.png', 'Akio', '12', 't', 1, 3),
(1035, 'ak12e', '22ea83be76dd437fff3b02b624e5fe70.png', 'Akio', '12', 'e', 1, 3),
(1036, 'ak13t', '5c951d67a7a40b5f727094c91f64db8f.png', 'Akio', '13', 't', 1, 3),
(1037, 'ak13', '12f907be81959f75dcd2b773f3955497.png', 'Akio', '13', NULL, 1, 3),
(1038, 'ak13e', '5dcea2bc0b15bc40ec5dfa38f16bb899.png', 'Akio', '13', 'e', 1, 3),
(1039, 'ak14t', '0cec0f4c2f5bd22c54445a44c6b31aeb.png', 'Akio', '14', 't', 1, 3),
(1040, 'ak14', 'd23a4187432e261a21b779d72f1a0477.png', 'Akio', '14', NULL, 1, 3),
(1041, 'ak14e', 'e54e684d3de1113d9ab7e0b98ff773d5.png', 'Akio', '14', 'e', 1, 3),
(1042, 'ak15t', 'ddace075f87d19434a592b7257d9240c.png', 'Akio', '15', 't', 1, 3),
(1043, 'ak15e', '8854e17547b680c6a0d42d6024f37185.png', 'Akio', '15', 'e', 1, 3),
(1044, 'ak15', '25a18cda389a21d128a407ec42fede34.png', 'Akio', '15', NULL, 1, 3),
(1045, 'ak16e', 'a6a08a5e6d7818c0046587d2394d34b7.png', 'Akio', '16', 'e', 1, 3),
(1047, 'ak18e', '0e827299879cb19de8215804374797c7.png', 'Akio', '18', 'e', 1, 3),
(1048, 'ak18', '02f92a6e4bfd6fbebe7e3975dcd2c642.png', 'Akio', '18', '', 1, 3),
(1049, 'ak19e', '5815533f55b5f4c630c3a4fbdd4e2f9d.png', 'Akio', '19', 'e', 1, 3),
(1050, 'ak19', '9b4508e0657d104cda853defd93df025.png', 'Akio', '19', NULL, 1, 3),
(1051, 'ak19t', 'ce97c1501d26612e5f6b8a2edc6450aa.png', 'Akio', '19', 't', 1, 3),
(1052, 'ak20', '0d38f4e1f7e6a9b2aa9ca4d9b12ea1ff.png', 'Akio', '20', NULL, 1, 3),
(1053, 'ak20e', '335e50351c1e5243346977d481195d2f.png', 'Akio', '20', 'e', 1, 3),
(1054, 'ak21e', 'cb84ff499782e802a46c713ee5430b3f.png', 'Akio', '21', 'e', 1, 3),
(1055, 'ak22t', '54d3ed460b7dd749a264ba6ce2456c63.png', 'Akio', '22', 't', 1, 3),
(1056, 'ak22', 'b3086b8a72eb5f908e48076b7304e411.png', 'Akio', '22', NULL, 1, 3),
(1057, 'ak22e', '54d61502c0b37374ea7bdc6384e3c974.png', 'Akio', '22', 'e', 1, 3),
(1058, 'ak23', 'cad6400e427b503149473d01c513c1fc.png', 'Akio', '23', NULL, 1, 3),
(1059, 'ak23e', 'fac82c7c1d05733c6964ca8e1ad4b594.png', 'Akio', '23', 'e', 1, 3),
(1060, 'ak23t', 'cd4782b2911376ee7f842cbfa447c87f.png', 'Akio', '23', 't', 1, 3),
(1061, 'ak24', 'fb72e40bb65cf6e7d8f888402193b0a5.png', 'Akio', '24', NULL, 1, 3),
(1062, 'ak24e', '5a28001231347b69043a52572489601a.png', 'Akio', '24', 'e', 1, 3),
(1063, 'ak25t', '9b7ab86d37b0b4f6d4cbe7162eb7a632.png', 'Akio', '25', 't', 1, 3),
(1064, 'ak25e', '0fe478fc84f258857586a2f03e732149.png', 'Akio', '25', 'e', 1, 3),
(1065, 'ak25', 'e5d675b7953628304e960242fb2dd6b3.png', 'Akio', '25', '', 1, 3),
(1066, 'ak26e', '1c3593a968d41ed68a1ab1fc246bc32e.png', 'Akio', '26', 'e', 1, 3),
(1067, 'ak26', 'c63a17bfe7fc28f658992329c0224984.png', 'Akio', '26', NULL, 1, 3),
(1068, 'fu10', 'fee28332b81839bc517923a75688b945.png', 'Fuuko', '10', NULL, 1, 3),
(1069, 'fu10a', 'f3767fa4328c44c67d923ef696d2e2f7.png', 'Fuuko', '10', 'a', 1, 3),
(1070, 'fu11', '2cb71884afbeb168972ba3e6f3cba129.png', 'Fuuko', '11', NULL, 1, 3),
(1071, 'fu12a', '4dbf8b1e1361e0eb98699fe3edec1058.png', 'Fuuko', '12', 'a', 1, 3),
(1072, 'fu12', '68c2b42fa3384c538ab155767e385e7e.png', 'Fuuko', '12', '', 1, 3),
(1073, 'fu13a', '24b8a333842412a2c906dd7674838a4b.png', 'Fuuko', '13', 'a', 1, 3),
(1074, 'fu13', 'b28af1b6b7cb70a9d65118c74a5210e5.png', 'Fuuko', '13', NULL, 1, 3),
(1075, 'fu15', '5c54d2ae1668c9c75c5782f22b03a1f0.png', 'Fuuko', '15', NULL, 1, 3),
(1076, 'fu15a', 'b7cc8983e781e3ac86260c6f8ab437f6.png', 'Fuuko', '15', 'a', 1, 3),
(1077, 'fu16', '3fb9e92de858421fa71c4c93ae50823f.png', 'Fuuko', '16', NULL, 1, 3),
(1078, 'fu16a', '4846440d252058863c4573ed63745519.png', 'Fuuko', '16', 'a', 1, 3),
(1079, 'fu17a', '9551ad76ce4c33d06f92ab7a21918102.png', 'Fuuko', '17', 'a', 1, 3),
(1080, 'fu17', 'fd9a9f79e693e6fe192ec6157d5f7c1f.png', 'Fuuko', '17', NULL, 1, 3),
(1081, 'fu18', '64c43af580d9c4f1ee9b5e88eca7d6a0.png', 'Fuuko', '18', NULL, 1, 3),
(1082, 'fu18a', '46dc44238640ca29933a78c30e1dc1a1.png', 'Fuuko', '18', 'a', 1, 3),
(1083, 'fu19', 'dce8b8e9528a616c7e31307364f6e547.png', 'Fuuko', '19', NULL, 1, 3),
(1084, 'fu19a', '453e39b1532fd551a6a3b78b9044f25a.png', 'Fuuko', '19', 'a', 1, 3),
(1085, 'fu20a', 'a8b1cc44dcd55117030e26bf684f4cdd.png', 'Fuuko', '20', 'a', 1, 3),
(1086, 'fu20', '78df95b2c927be25763d57c8ada8f327.png', 'Fuuko', '20', NULL, 1, 3),
(1087, 'fu21a', '46969808c2058cf65edf982166e4db3e.png', 'Fuuko', '21', 'a', 1, 3),
(1088, 'fu21', 'b6919a9e61b49f2cada5ffbe2bc0b34a.png', 'Fuuko', '21', '', 1, 3),
(1089, 'fu22', 'de8ca4bd6660b7eb3276e481bea1d653.png', 'Fuuko', '22', NULL, 1, 3),
(1090, 'fu22a', '82293be0f20da5e68ae26f23ebcce462.png', 'Fuuko', '22', 'a', 1, 3),
(1091, 'fu23', '4aa08f6dcd80d90add23bf9d3796c8b1.png', 'Fuuko', '23', NULL, 1, 3),
(1092, 'fu23a', '427cb440fadee5a3318240c4753bdb49.png', 'Fuuko', '23', 'a', 1, 3),
(1093, 'fu24a', '0f1af060bfd984fa18645ce82e4174a3.png', 'Fuuko', '24', 'a', 1, 3),
(1094, 'fu24', 'fb3c24c4251fe8626213c947f0be8d31.png', 'Fuuko', '24', NULL, 1, 3),
(1095, 'fu30', '627b6b2852ce3ccde09881526e498f81.png', 'Fuuko', '30', NULL, 1, 3),
(1096, 'fu30a', 'e801485e3bc30a015571095969620198.png', 'Fuuko', '30', 'a', 1, 3),
(1097, 'fu31', '2c5450f29a63adf4714ec1064810bf79.png', 'Fuuko', '31', NULL, 1, 3),
(1098, 'fu31a', 'a13412a2d9b015c43b34844153149b26.png', 'Fuuko', '31', 'a', 1, 3),
(1099, 'fu32a', 'e6320ad2ef7df446ebe15198b224af8c.png', 'Fuuko', '32', 'a', 1, 3),
(1100, 'fu32', 'a1d9fc5aa97eb0c24c16db41ec4d029d.png', 'Fuuko', '32', NULL, 1, 3),
(1101, 'fu33a', 'b045f0891adc65a5c55a52cf5142bfd4.png', 'Fuuko', '33', 'a', 1, 3),
(1102, 'fu33', 'c3e476bcf1f5d14bde8a66ac56916f55.png', 'Fuuko', '33', NULL, 1, 3),
(1103, 'fu34', 'a5d6864ab7cf0a7bd39e748eca5ab424.png', 'Fuuko', '34', NULL, 1, 3),
(1104, 'fu34a', 'c2a7091a0d3db4ff9bbd813516dd0d67.png', 'Fuuko', '34', 'a', 1, 3),
(1105, 'ky10', '7236643fd9c1dbf235fbd3e7e45bde2d.png', 'Kyou', '10', NULL, 1, 3),
(1106, 'ky10a', '8e4898c98f785cf72f46f431c73e21d2.png', 'Kyou', '10', 'a', 1, 3),
(1107, 'ky10b', '4de5599c2d230d86b37a16f4eb929a5c.png', 'Kyou', '10', 'b', 1, 3),
(1108, 'ky11b', '7d5e8b4dbff703cde6900f5d13143883.png', 'Kyou', '11', 'b', 1, 3),
(1109, 'ky11a', '3337d0cbc0b9c499704b0852a3753a40.png', 'Kyou', '11', 'a', 1, 3),
(1110, 'ky11', 'd3b685949635542047df399a5ab2c4fb.png', 'Kyou', '11', NULL, 1, 3),
(1111, 'ky12b', 'c9241797e030a9918d7c6bf1c7dc9fb6.png', 'Kyou', '12', 'b', 1, 3),
(1112, 'ky12', 'c4e6402c291bd4a7f75590756ebc29a9.png', 'Kyou', '12', NULL, 1, 3),
(1113, 'ky12a', '5654254fddcacefa171c268192afc64b.png', 'Kyou', '12', 'a', 1, 3),
(1114, 'ky13', '1aca31cbff16c3637dce6907643af52a.png', 'Kyou', '13', NULL, 1, 3),
(1115, 'ky13a', '8940ac6e3a6fe1902269696bf9b7d08b.png', 'Kyou', '13', 'a', 1, 3),
(1116, 'ky13b', '85a4425966b07a46ed0463ca1de9dde4.png', 'Kyou', '13', 'b', 1, 3),
(1117, 'ky14', '2cc622b423f9e1a34f2546212e3380f8.png', 'Kyou', '14', NULL, 1, 3),
(1118, 'ky14a', 'e3d82f6dfc04ef89ef27eaaa5732eb57.png', 'Kyou', '14', 'a', 1, 3),
(1119, 'ky15', '719a2a52889089259e837e696f1c7f76.png', 'Kyou', '15', '', 1, 3),
(1120, 'ky15a', 'd011ab7e8c7fd463e06a125dadf77131.png', 'Kyou', '15', 'a', 1, 3),
(1121, 'ky15b', '544a915d0e018d04f4f2cfccd9d336b8.png', 'Kyou', '15', 'b', 1, 3),
(1122, 'ky16a', '29b1fadc691b0489d43a02843da2a2bc.png', 'Kyou', '16', 'a', 1, 3),
(1123, 'ky16b', '1850e188eeb499c6c70c3d01c5e1e275.png', 'Kyou', '16', 'b', 1, 3),
(1124, 'ky16', '1b6137a264249b9786a045516d74d8a9.png', 'Kyou', '16', NULL, 1, 3),
(1125, 'ky17b', '51425d0978fe6231deb3d886589d932c.png', 'Kyou', '17', 'b', 1, 3),
(1126, 'ky17', '15558b9ff9d5f56303725bfa81273a2f.png', 'Kyou', '17', NULL, 1, 3),
(1127, 'ky17a', '8fd0e2cf61d1583cdbc0dc6a7fe259df.png', 'Kyou', '17', 'a', 1, 3),
(1128, 'ky18a', 'abb981319bf601df1993d015670cc339.png', 'Kyou', '18', 'a', 1, 3),
(1129, 'ky18b', '8e02da9e05df106163c4ae1cf766d62c.png', 'Kyou', '18', 'b', 1, 3),
(1130, 'ky18', '04e7d3da8a569693cff3dc277f2aec6b.png', 'Kyou', '18', NULL, 1, 3),
(1131, 'ky19', 'e60d1668c18b6b159cc3f8eea1aeff78.png', 'Kyou', '19', NULL, 1, 3),
(1132, 'ky19a', 'a2896d5d2be04019c56353d6752c48ed.png', 'Kyou', '19', 'a', 1, 3),
(1133, 'ky19b', '6f32b8e5616ea3cd16c54c9c512d00b4.png', 'Kyou', '19', 'b', 1, 3),
(1134, 'ky20a', 'fdda960c9694ff330a33c903fa9abdfb.png', 'Kyou', '20', 'a', 1, 3),
(1135, 'ky20', '3b2589d5f5d74ecbb4db1c00a4e96cac.png', 'Kyou', '20', NULL, 1, 3),
(1136, 'ky20b', '55b96c1a181b4c82e95309f9e18784a8.png', 'Kyou', '20', 'b', 1, 3),
(1137, 'ky21', 'd2c695c0db53efbe9731b8643dca80f8.png', 'Kyou', '21', NULL, 1, 3),
(1138, 'ky21b', '5942e11f1473b23b2e1fe6c2eb63f628.png', 'Kyou', '21', 'b', 1, 3),
(1139, 'ky21a', 'e92ddca3a61193c039de2b597ed9b941.png', 'Kyou', '21', 'a', 1, 3),
(1140, 'ky22', '35a247e70b3c57d0be920ac4af0e8dcd.png', 'Kyou', '22', NULL, 1, 3),
(1141, 'ky22a', '757cd4b33e23249bc82a7b387b4ad34d.png', 'Kyou', '22', 'a', 1, 3),
(1142, 'ky23a', 'f4537adfda70de99276078596b727fc2.png', 'Kyou', '23', 'a', 1, 3),
(1143, 'ky23', 'f7fd220925c86a299535c89fbad99560.png', 'Kyou', '23', '', 1, 3),
(1144, 'ky24b', 'e923d32aa9ecc5ddfaaa0d10990d3e8f.png', 'Kyou', '24', 'b', 1, 3),
(1145, 'ky24a', 'd640fa2952849ae41dee62d875bdef29.png', 'Kyou', '24', 'a', 1, 3),
(1146, 'ky24', 'e7c7908a431dac29bdefd352e35711a5.png', 'Kyou', '24', NULL, 1, 3),
(1147, 'ky25b', 'ae74ddb74ba2511000bc4a0b7bdf9312.png', 'Kyou', '25', 'b', 1, 3),
(1148, 'ky25', 'f0a2401a085763fb6e01e49b2b059d8c.png', 'Kyou', '25', NULL, 1, 3),
(1149, 'ky25a', '1d8ad683ee245e9e0871d48a150e0265.png', 'Kyou', '25', 'a', 1, 3),
(1150, 'ky26a', 'f1b64b1cd569d57203ff4998a35109fb.png', 'Kyou', '26', 'a', 1, 3),
(1151, 'ky26b', '8efd5af6437db24b715fd6a12ef28bbd.png', 'Kyou', '26', 'b', 1, 3),
(1152, 'ky26', 'e45d6137d12c42f794ff452f4368a91d.png', 'Kyou', '26', NULL, 1, 3),
(1153, 'ky30a', 'f17ed95ec5d9790661638dd4410b2c11.png', 'Kyou', '30', 'a', 1, 3),
(1154, 'ky30', '9d8d3e620ae9934ff283b516537fbb55.png', 'Kyou', '30', NULL, 1, 3),
(1155, 'ky31b', 'ba3a976f3dfa526339d9e2144b7bc572.png', 'Kyou', '31', 'b', 1, 3),
(1156, 'ky31a', '7d2086c839c931ea7aefe4812e2eeadd.png', 'Kyou', '31', 'a', 1, 3),
(1157, 'ky31', 'f9c3894d3587432b3d5a1462c476be7b.png', 'Kyou', '31', NULL, 1, 3),
(1158, 'ky32', '983e5d48b83866968e159160dbbbc7f2.png', 'Kyou', '32', NULL, 1, 3),
(1159, 'ky33b', '876dce6a384074485839b6d6541d6150.png', 'Kyou', '33', 'b', 1, 3),
(1160, 'ky33', '749b0861e8d10c652d44d54d1daeba02.png', 'Kyou', '33', NULL, 1, 3),
(1161, 'ng10', '686b47f5ab5916ee96f48df281cfc0cf.png', 'Nagisa', '10', NULL, 1, 3),
(1162, 'ng10a', '08defaefb0810ed7e1504ce7f19549ae.png', 'Nagisa', '10', 'a', 1, 3),
(1163, 'ng10az', '19466a525c33236b18e2ca0a635b3c83.png', 'Nagisa', '10', 'az', 1, 3),
(1164, 'ng10z', '33de6c72b2f400a722b424edb14ad192.png', 'Nagisa', '10', 'z', 1, 3),
(1165, 'ng10y', '08ab8377d2cf32b8e7fea6c701104810.png', 'Nagisa', '10', 'y', 1, 3),
(1166, 'ng12az', '1cbcf22caad83676e974d6aa1d0bf0da.png', 'Nagisa', '12', 'az', 1, 3),
(1167, 'ng12a', '30d9c01a969d0064344340292a1802bc.png', 'Nagisa', '12', 'a', 1, 3),
(1168, 'ng12z', 'e2d8c7a71fadd9e65c028604bb04bb2c.png', 'Nagisa', '12', 'z', 1, 3),
(1169, 'ng12', 'ef179c793ab940a65320919b1a9c40f2.png', 'Nagisa', '12', NULL, 1, 3),
(1170, 'ng13', 'a7157e51af544b90a3c666891bfb4e47.png', 'Nagisa', '13', NULL, 1, 3),
(1171, 'ng13z', '00ed30fd3af3c2154e7de17c92a942f9.png', 'Nagisa', '13', 'z', 1, 3),
(1172, 'ng13a', 'e887f6928c82dda8b87bcb7dcdc03468.png', 'Nagisa', '13', 'a', 1, 3),
(1173, 'ng13az', '761f9ec6c3664800fbf1c746f77108c6.png', 'Nagisa', '13', 'az', 1, 3),
(1174, 'ng14z', 'b5c02c287539f6f95f56dc513878e3f1.png', 'Nagisa', '14', 'z', 1, 3),
(1175, 'ng14a', '5ca64c05f38eaf86d76c21940566e810.png', 'Nagisa', '14', 'a', 1, 3),
(1176, 'ng14az', 'f2286ba516da20d6c0ec4554aa27455c.png', 'Nagisa', '14', 'az', 1, 3),
(1177, 'ng14', '315483db75ed94203c3eab38ede254a5.png', 'Nagisa', '14', NULL, 1, 3),
(1178, 'ng15', '96ad8a9602df076e6a02e61328e51d69.png', 'Nagisa', '15', NULL, 1, 3),
(1179, 'ng15z', 'b9ed690a38785af4242f3a83e9d46677.png', 'Nagisa', '15', 'z', 1, 3),
(1180, 'ng15a', '0a1b2e16590283b7bdaa5fee615f647d.png', 'Nagisa', '15', 'a', 1, 3),
(1181, 'ng15az', '67232a87c07a6558ff31e2b616640373.png', 'Nagisa', '15', 'az', 1, 3),
(1182, 'ng16', 'feb14870c9d5743c9ec6c791a939bee8.png', 'Nagisa', '16', NULL, 1, 3),
(1183, 'ng16z', 'c6f6ea9223e940a6a8e3f116f91daa27.png', 'Nagisa', '16', 'z', 1, 3),
(1184, 'ng16a', '42de56033603f1003584141e05c64c0e.png', 'Nagisa', '16', 'a', 1, 3),
(1185, 'ng16az', '84f30f63bd354a71fdf1308a55b37932.png', 'Nagisa', '16', 'az', 1, 3),
(1186, 'ng17', '108691d8500d5a396a55c520681e87b3.png', 'Nagisa', '17', NULL, 1, 3),
(1187, 'ng17a', 'ed55ef4f785a102c7cacc22bed63ad77.png', 'Nagisa', '17', 'a', 1, 3),
(1188, 'ng17az', '446200652073b13162ded5df811e8f6d.png', 'Nagisa', '17', 'az', 1, 3),
(1189, 'ng17ay', 'bf7f0d6ea93fc8c8a66407b6925e6cec.png', 'Nagisa', '17', 'ay', 1, 3),
(1190, 'ng17z', '1b5c1d8b2b5d83af8404d40b13a32f8d.png', 'Nagisa', '17', 'z', 1, 3),
(1191, 'ng17y', '0452f02394f7ef013a35e4130b3c787f.png', 'Nagisa', '17', 'y', 1, 3),
(1192, 'ng18z', 'da4c944d59ab23ba79c8d71a6dccbf1a.png', 'Nagisa', '18', 'z', 1, 3),
(1193, 'ng18', 'ba307b2926c3ade5351431999ccbf800.png', 'Nagisa', '18', NULL, 1, 3),
(1194, 'ng18a', '404857dd18509314b87a4c08250d1954.png', 'Nagisa', '18', 'a', 1, 3),
(1195, 'ng18az', 'a9e496873dbc12171109ece09b8200ba.png', 'Nagisa', '18', 'az', 1, 3),
(1196, 'ng19z', 'd9bc3fd3d50e57285c3accbaa458b2c9.png', 'Nagisa', '19', 'z', 1, 3),
(1197, 'ng19a', 'd9af04a79ff52eb77aeced5f23c1b0c6.png', 'Nagisa', '19', 'a', 1, 3),
(1198, 'ng19', '93cc02f437f91509d77906e7c918c6f1.png', 'Nagisa', '19', NULL, 1, 3),
(1199, 'ng20', '506ebcd8e59298619ce0c208cbc616b2.png', 'Nagisa', '20', NULL, 1, 3),
(1200, 'ng20a', '5cc88a77d5340c8582869fbe0491f041.png', 'Nagisa', '20', 'a', 1, 3),
(1201, 'ng22z', 'a18f2ae08fe868afa81dde88c4e6d4fd.png', 'Nagisa', '22', 'z', 1, 3),
(1202, 'ng22az', 'b44ef4aa5b39eed364cdc9bf94c11870.png', 'Nagisa', '22', 'az', 1, 3),
(1203, 'ng22', '3e2cf6d479a4477247d26af75dc4bb4e.png', 'Nagisa', '22', NULL, 1, 3),
(1204, 'ng22a', '8938bfcf9bc4e23d952546f8f9dad3fb.png', 'Nagisa', '22', 'a', 1, 3),
(1205, 'ng23', '253c6e55ebab48739e19bb17ce04ee34.png', 'Nagisa', '23', NULL, 1, 3),
(1206, 'ng23a', '01e49da0bf85191607e90223e2b14cab.png', 'Nagisa', '23', 'a', 1, 3),
(1207, 'ng23az', 'c2b878ca5dfe55298923a56301b8774c.png', 'Nagisa', '23', 'az', 1, 3),
(1208, 'ng23z', '85781b93205c4b662d5c56198a8505f2.png', 'Nagisa', '23', 'z', 1, 3),
(1209, 'ng25a', '7a278ccf853e9c03aa881fe523d41d41.png', 'Nagisa', '25', 'a', 1, 3),
(1210, 'ng25z', '090eab9518d47e37ae042ee866b2cac8.png', 'Nagisa', '25', 'z', 1, 3),
(1211, 'ng25', 'a2c99fcdbd540deee657e4b1f2f13e5a.png', 'Nagisa', '25', NULL, 1, 3),
(1212, 'ng25az', 'e7311ee200f22ca0d9f540db04c970d3.png', 'Nagisa', '25', 'az', 1, 3),
(1213, 'ng26', 'a327c29220243fb1a00cefb74599f4c1.png', 'Nagisa', '26', NULL, 1, 3),
(1214, 'ng26a', '56428eb48feebefd16065cc6fe1055ef.png', 'Nagisa', '26', 'a', 1, 3),
(1215, 'ng26z', '3851313890f29b6e876c3de174402a22.png', 'Nagisa', '26', 'z', 1, 3),
(1216, 'ng26ay', 'ff8bc5b288618285f2445abc082d42b2.png', 'Nagisa', '26', 'ay', 1, 3),
(1217, 'ng30', '957910099b4f077ece7ae32a3023a584.png', 'Nagisa', '30', NULL, 1, 3),
(1218, 'ng30a', '518dcf1b24f84fb396eede65830e5aed.png', 'Nagisa', '30', 'a', 1, 3),
(1219, 'ng31a', '742033e688efe138a10a0fa4e44f6993.png', 'Nagisa', '31', 'a', 1, 3),
(1220, 'ng31', 'cf8b71899bd3bfe31e561a276954aeed.png', 'Nagisa', '31', NULL, 1, 3),
(1221, 'ng32', 'a7a1fd0747c4988dcb4d884ba9ccf29c.png', 'Nagisa', '32', NULL, 1, 3),
(1222, 'ng32a', '1d5a39d9ba449cbb85db0cfbe20727b6.png', 'Nagisa', '32', 'a', 1, 3),
(1223, 'ng33a', '0bae4a1b4351aec375dff65c520bf27f.png', 'Nagisa', '33', 'a', 1, 3),
(1224, 'ng33', '685ff743ff24b32e9f9a92da02d4d824.png', 'Nagisa', '33', NULL, 1, 3),
(1225, 'ng34', '9d5b29f8403c3969ee784a84786fef39.png', 'Nagisa', '34', NULL, 1, 3),
(1226, 'ng34a', 'fa96ab0d01c905318a0a11308d9ef707.png', 'Nagisa', '34', 'a', 1, 3),
(1227, 'ng36a', '9c2a9ef5501f9d9f5d6dd7f84cdaffb3.png', 'Nagisa', '36', 'a', 1, 3),
(1228, 'ng36', 'fbf2d434a6d1cda68c227d3a43a16775.png', 'Nagisa', '36', NULL, 1, 3),
(1229, 'ny10a', '9f99fba5942d9f90bcc737b52838e823.png', 'Naoyuki', '10', 'a', 1, 3),
(1230, 'ny10', 'bc5ce5652b3cc80835ef605a8e055079.png', 'Naoyuki', '10', NULL, 1, 3),
(1231, 'ny11a', 'c58d8c1519e5f398e934917a725fbd6f.png', 'Naoyuki', '11', 'a', 1, 3),
(1232, 'ny11', '8369c3052ff9409e4b333e5e3d10baf4.png', 'Naoyuki', '11', NULL, 1, 3),
(1233, 'ny12a', '4996bf35e106917b4ef65e3090f4b90b.png', 'Naoyuki', '12', 'a', 1, 3),
(1234, 'ny12', 'fed4496b57baf4b1c6667b9889e6de96.png', 'Naoyuki', '12', NULL, 1, 3),
(1235, 'ak17t', '58d72a9196ab60243e3c4ef3e5cde43f.png', 'Akio', '17', 't', 1, 3),
(1236, 'ak17e', 'bcd41bb967d14a056bbc63591998bb46.png', 'Akio', '17', 'e', 1, 3),
(1237, 'ak17', '595b3a9e90c9014ae38aec9c4101e978.png', 'Akio', '17', NULL, 1, 3);
INSERT INTO `resource` (`resource_id`, `name`, `file_name`, `character_name`, `figure_name`, `expression_name`, `fk_resourcetype_id`, `fk_project_id`) VALUES
(1238, 'ry11b', '98eae42eb7b58de0af677025a1110f66.png', 'Ryou', '11', 'b', 1, 3),
(1239, 'ry11a', 'd860e1986e79b1c65c80581514f572e1.png', 'Ryou', '11', 'a', 1, 3),
(1240, 'ry12', 'c67fce24f195a783bcb1b440c39932f0.png', 'Ryou', '12', '', 1, 3),
(1241, 'ry11', 'c406dd2692f512aeb1e6827c74e9fc7a.png', 'Ryou', '11', '', 1, 3),
(1242, 'ry10', 'bf16b198eec1e4d803bc906565539602.png', 'Ryou', '10', '', 1, 3),
(1243, 'ry10b', '83a6cabb6ca9f68b127fb23fb0f2edb0.png', 'Ryou', '10', 'b', 1, 3),
(1244, 'ry13', 'aa3be8dd3969ac2e6b15cdb7d5e2672e.png', 'Ryou', '13', '', 1, 3),
(1245, 'ry14', 'ad91528ac4de48414367e7cfc91c9775.png', 'Ryou', '14', '', 1, 3),
(1246, 'ry14a', 'ef387351058eb96ae8e872c1c081c8db.png', 'Ryou', '14', 'a', 1, 3),
(1247, 'ry14b', '057fb83dace0c71708d525d774b9bc7a.png', 'Ryou', '14', 'b', 1, 3),
(1248, 'ry15', '6740de93fb442237ae29a5803882dc72.png', 'Ryou', '15', '', 1, 3),
(1249, 'ry15a', '579348a373ec377d92f295a615800b10.png', 'Ryou', '15', 'a', 1, 3),
(1250, 'ry16', '60da9bd6838af3d6aece9537f7b8c453.png', 'Ryou', '16', '', 1, 3),
(1251, 'ry16a', '76317c95dcba7e1ef6910fbba384c8c8.png', 'Ryou', '16', 'a', 1, 3),
(1252, 'ry17', 'eb1bf9eae4c1e53a1dc60d486f31136f.png', 'Ryou', '17', '', 1, 3),
(1253, 'ry17a', 'f05602481d4138fa59a1575a3d118a84.png', 'Ryou', '17', 'a', 1, 3),
(1254, 'ry18', 'b2fb36e888918c03edcb9b79e44783a1.png', 'Ryou', '18', '', 1, 3),
(1255, 'ry18a', '68259f48f3d27166359d7522e3a30e34.png', 'Ryou', '18', 'a', 1, 3),
(1256, 'ry19', 'c5089d615a7dda628d8d260a285ba342.png', 'Ryou', '19', '', 1, 3),
(1257, 'ry19a', 'fdb12996d7c3d5ec67d4fd61037f2d37.png', 'Ryou', '19', 'a', 1, 3),
(1258, 'ry19b', 'eced65624f9ab91beab20a8f0f58bf26.png', 'Ryou', '19', 'b', 1, 3),
(1259, 'ry20', 'c0097cbdfc359a557dfc75445131ca73.png', 'Ryou', '20', '', 1, 3),
(1260, 'ry20a', '826589be5dc14383c6e25a95481237a7.png', 'Ryou', '20', 'a', 1, 3),
(1261, 'ry21', '7e3627e08c5ba03e300a5cf51181e438.png', 'Ryou', '21', '', 1, 3),
(1262, 'ry21a', '4eada96ff653080f57c2e6a3d5c33a2e.png', 'Ryou', '21', 'a', 1, 3),
(1263, 'ry21b', '699fc9ce92a6e8e75016cbd819cae3ed.png', 'Ryou', '21b', '', 1, 3),
(1264, 'ry22', 'f730a841d40ebcf5cdc11d01491e6017.png', 'Ryou', '22', '', 1, 3),
(1265, 'ry22a', '785b0f29119b9b55e1a427642fa89701.png', 'Ryou', '22', 'a', 1, 3),
(1266, 'ry22b', '9941ccabc59af9b0ce11c0f4b1247426.png', 'Ryou', '22', 'b', 1, 3),
(1267, 'ry23', 'feccf2a76a9879cf102f6e758d5ad323.png', 'Ryou', '23', '', 1, 3),
(1268, 'ry23a', '8b1cd71c6376facc7341ea8030c03e5b.png', 'Ryou', '23', 'a', 1, 3),
(1269, 'ry24', '11e146ae391f444d9a516f883815b0aa.png', 'Ryou', '24', '', 1, 3),
(1270, 'ry24a', 'db2a38096b8a99e2bb108d8af02baf7b.png', 'Ryou', '24', 'a', 1, 3),
(1271, 'ry25', 'f8dad169eeced7c4cf7b562f204a6fd0.png', 'Ryou', '25', '', 1, 3),
(1272, 'ry25a', 'aac93d98ab1622ba3d2714bcf4ed8d7a.png', 'Ryou', '25', 'a', 1, 3),
(1273, 'ry26', '3d5024df42bc77248aa954d19d997f0f.png', 'Ryou', '26', '', 1, 3),
(1274, 'ry26b', '82f4dc90a692fd898bd17b41bc28527e.png', 'Ryou', '26', 'b', 1, 3),
(1275, 'sh12', '493a6586145d7907f45b76a4c8137a3e.png', 'Sunohara', '12', '', 1, 3),
(1276, 'sh10', '6d2efeb7423a42ba0ca3628ed800c7f4.png', 'Sunohara', '10', '', 1, 3),
(1277, 'sh11b', '86bfe1c2858149f91ddf2b66fb0a4365.png', 'Sunohara', '11', 'b', 1, 3),
(1278, 'sh10b', '2507e7d289e24cc433522c4ca225c262.png', 'Sunohara', '10', 'b', 1, 3),
(1279, 'sh10x0', 'e7ddbbcbf82e2dcd42c5c29c8151a085.png', 'Sunohara', '10', 'x0', 1, 3),
(1280, 'sh11', '5a8ec8da19704816ab1f75af605d3640.png', 'Sunohara', '11', '', 1, 3),
(1281, 'sh12b', '3acba030084e7070659e1c7a951b1356.png', 'Sunohara', '12', 'b', 1, 3),
(1282, 'sh12x0', '94264f6328b13fd60444d7e45e923804.png', 'Sunohara', '12', 'x0', 1, 3),
(1283, 'sh12x1', 'ddcd006d3b9354d8c97ec77e2d0f631a.png', 'Sunohara', '12', 'x1', 1, 3),
(1284, 'sh13', 'cdf3b40c1d7f56dce803670601e25394.png', 'Sunohara', '13', '', 1, 3),
(1285, 'sh13b', '2eb368a53d3f8841d74a291a4c1e1e20.png', 'Sunohara', '13', 'b', 1, 3),
(1286, 'sh13x0', '46071b1b2932e12e5e6e2255ea0830bb.png', 'Sunohara', '13', 'x0', 1, 3),
(1287, 'sh13x1', '29b765f04a5aed08ac18c6b6392804b3.png', 'Sunohara', '13', 'x1', 1, 3),
(1288, 'sh13x2', 'fbe23b66f53f38b8bd8e2c4d42b303b0.png', 'Sunohara', '13', 'x2', 1, 3),
(1289, 'sh14', '7ae86f14cea8f0d2819facd34996d9fb.png', 'Sunohara', '14', '', 1, 3),
(1290, 'sh14b', '5dd6690372cf6b033292942cb4a67a48.png', 'Sunohara', '14', 'b', 1, 3),
(1291, 'sh14x0', '14f7dec14a4f2ac0382726380dfdec4f.png', 'Sunohara', '14', 'x0', 1, 3),
(1292, 'sh14x1', '3c017c1e0e64094b2c714d4c1d074beb.png', 'Sunohara', '14', 'x1', 1, 3),
(1293, 'sh15', '3c893186d33eeaa6d6f5e3ea0b49320b.png', 'Sunohara', '15', '', 1, 3),
(1294, 'sh15b', 'b5eb82695799804c8d0e0614c3b1c788.png', 'Sunohara', '15', 'b', 1, 3),
(1295, 'sh15x1', '9083e4e2f04806d766f7554a0e20261a.png', 'Sunohara', '15', 'x1', 1, 3),
(1296, 'sh15x2', '187f5f5f1bf6e7624655505191e49674.png', 'Sunohara', '15', 'x2', 1, 3),
(1297, 'sh16', '5a4e816adb9ba0061437273e30e0adae.png', 'Sunohara', '16', '', 1, 3),
(1298, 'sh16b', '17b71b5357aa9543dadc7ef3c3d837d3.png', 'Sunohara', '16', 'b', 1, 3),
(1299, 'sh16x0', '6c98cf6ef35adf7e3cc9da8b2b6ac496.png', 'Sunohara', '16', 'x0', 1, 3),
(1300, 'sh16x1', '0fae741e529a3ba6c9d31a8b05f203f3.png', 'Sunohara', '16', 'x1', 1, 3),
(1301, 'sh16x2', '7ac1c3d95c86e7636bd8edaa94962deb.png', 'Sunohara', '16', 'x2', 1, 3),
(1302, 'sh17', '0bc58331f6b816ee072ee47578264969.png', 'Sunohara', '17', '', 1, 3),
(1303, 'sh17b', 'c73619f11e33083ed5b2e76300e7b65b.png', 'Sunohara', '17', 'b', 1, 3),
(1304, 'sh17x1', 'ad98964fe3f8e35229c4d1e64d9c0bb4.png', 'Sunohara', '17', 'x1', 1, 3),
(1305, 'sh18', '3ded42175ec6cc54bd67ba47bd8f4f0e.png', 'Sunohara', '18', '', 1, 3),
(1306, 'sh18b', '928b5eca71c32268069c877ca3fb20a1.png', 'Sunohara', '18', 'b', 1, 3),
(1307, 'sh18x0', '8a5e712cba5a3f45498dda1edec9f0d0.png', 'Sunohara', '18', 'x0', 1, 3),
(1308, 'sh18x1', 'ce782f9b28dfc80a3545b228793454a1.png', 'Sunohara', '18', 'x1', 1, 3),
(1309, 'sh18x2', '752505afd04f3d590b4e3102f85d8b3e.png', 'Sunohara', '18', 'x2', 1, 3),
(1310, 'sh19', '24d47325ff4a95c8951004940e4b33af.png', 'Sunohara', '19', '', 1, 3),
(1311, 'sh19b', 'fb6ec02422fc3f0d2731765707628c9d.png', 'Sunohara', '19', 'b', 1, 3),
(1312, 'sh20', '9771306e8bef940744cb9b2deba23c0b.png', 'Sunohara', '20', '', 1, 3),
(1313, 'sh20b', 'beae90e0461691d3db7546ebf5baffa6.png', 'Sunohara', '20', 'b', 1, 3),
(1314, 'sh20x0', '12d8c85284df66863c66945c3e51f39b.png', 'Sunohara', '20', 'x0', 1, 3),
(1315, 'sh20x1', 'c2b3de0a023fcaae386d3a7085c61250.png', 'Sunohara', '20', 'x1', 1, 3),
(1316, 'sh20x2', '0e0f3cf52c1085ef8619a2dee43e292c.png', 'Sunohara', '20', 'x2', 1, 3),
(1317, 'sh21', '11cc897f5fa324832736dbc20b1d12a6.png', 'Sunohara', '21', '', 1, 3),
(1318, 'sh21b', '18bbf17103ce3028f94686c898f743ff.png', 'Sunohara', '21b', '', 1, 3),
(1319, 'sh22', '994f08fe438ad45ba945bd5aaa468518.png', 'Sunohara', '22', '', 1, 3),
(1320, 'sh22b', '3a5c97db0ee9df6a34240e881155fbcc.png', 'Sunohara', '22', 'b', 1, 3),
(1321, 'sh23', '3b4c08b8db8e94d2b6d8dfe6b08e07ff.png', 'Sunohara', '23', '', 1, 3),
(1322, 'sh23b', '098dbcab636731619f0050128f227e5b.png', 'Sunohara', '23', 'b', 1, 3),
(1323, 'sh23x0', '0ecfbef9e430b2e0280b835b0351c0da.png', 'Sunohara', '23', 'x0', 1, 3),
(1324, 'sh23x1', '51216374c1a422191052fda1c7d6dc4e.png', 'Sunohara', '23', 'x1', 1, 3),
(1325, 'sh23x2', '447ec2a3817253a5d5aed4bf81f99805.png', 'Sunohara', '23', 'x2', 1, 3),
(1326, 'sh24', 'c30644ab3876c1d4805dc9ac25569dfb.png', 'Sunohara', '24', '', 1, 3),
(1327, 'sh24b', '543187fca1d7b0ef5e2ba2d14a7e7a5b.png', 'Sunohara', '24', 'b', 1, 3),
(1328, 'sh24x0', '37d3107d41cf4af93faf2b61d784b3ca.png', 'Sunohara', '24', 'x0', 1, 3),
(1329, 'sh24x1', '8ba01a052d7d4e12b9adba93b8705209.png', 'Sunohara', '24', 'x1', 1, 3),
(1330, 'sh25', '42d15a2d8e3f61e4c46916402dc6cc11.png', 'Sunohara', '25', '', 1, 3),
(1331, 'sh27x2', '3246e64aa8850de7bc7e37effb446559.png', 'Sunohara', '27', 'x2', 1, 3),
(1332, 'sh26x0', '3e6ba149250fb85c7249a7f54042a65a.png', 'Sunohara', '26', 'x0', 1, 3),
(1333, 'sh27x1', 'db7476a1cf684ccb885cff29a448f357.png', 'Sunohara', '27', 'x1', 1, 3),
(1334, 'sh26b', '797575b6dfef369f94be983d9e7c3611.png', 'Sunohara', '26', 'b', 1, 3),
(1335, 'sh25x0', '28d070aa381f1e1747bf074562c7a5f2.png', 'Sunohara', '25', 'x0', 1, 3),
(1336, 'sh25x1', '734f61c6c904139304412a20b8da613c.png', 'Sunohara', '25', 'x1', 1, 3),
(1337, 'sh28b', 'ef331c6914a5a0912ccd4ebda0b5a782.png', 'Sunohara', '28', 'b', 1, 3),
(1338, 'sh27x0', 'b52cf953c9e6c5b3ec47bcb185a9f69c.png', 'Sunohara', '27', 'x0', 1, 3),
(1339, 'sh26', 'a8d1968681f369f29f946eb4dc9edbe3.png', 'Sunohara', '26', '', 1, 3),
(1340, 'sh27b', 'fd844cc85f5384d66645b5bb44713684.png', 'Sunohara', '27', 'b', 1, 3),
(1341, 'sh25b', 'd0be442227f659b7b316f67f0a9787eb.png', 'Sunohara', '25', 'b', 1, 3),
(1342, 'sh28', '2d1425eb3a4bf82af9e769bd8df3418f.png', 'Sunohara', '28', '', 1, 3),
(1343, 'sh27', '9938b6b4d0ee1449e1f903fdf734f2f1.png', 'Sunohara', '27', '', 1, 3),
(1344, 'BG282', 'd883c051d37f17ebd7ec5812131c612b.jpg', NULL, NULL, NULL, 2, 3),
(1345, 'BG280', '39d8309b7697e31f2d585eb572ca4e24.jpg', NULL, NULL, NULL, 2, 3),
(1346, 'BG235', '990febd300f673aa9aedbdb9426aca77.jpg', NULL, NULL, NULL, 2, 3),
(1347, 'BG233', 'c630192db8d83d6430ba9023a6faa3da.jpg', NULL, NULL, NULL, 2, 3),
(1348, 'BG249', '9333ffa56044a5f6d97a5978137378ec.jpg', NULL, NULL, NULL, 2, 3),
(1349, 'BG215', '3abdb72c64b6e802b2031404c2dea70a.jpg', NULL, NULL, NULL, 2, 3),
(1350, 'BG300', '381d35b74c41be62dd1862e9bd71144b.jpg', NULL, NULL, NULL, 2, 3),
(1351, 'FGFU01A', 'd13da5d889cc6f045f44ef101a1a4f68.jpg', NULL, NULL, NULL, 2, 3),
(1352, 'FGFU01B', 'da9e8c997ceb4fe137fab9f7b4a7637c.jpg', NULL, NULL, NULL, 2, 3),
(1353, 'FGFU02A', 'a4c466eb6d1c6f91de1c6e72eca8e40a.jpg', NULL, NULL, NULL, 2, 3),
(1354, 'FGFU02B', '4c35514667d4b0c91701930f030dfb0d.jpg', NULL, NULL, NULL, 2, 3),
(1355, 'FGKT01A', 'cf2c942c32be8ae1ec93cc6a650e9152.jpg', NULL, NULL, NULL, 2, 3),
(1356, 'FGKT01B', '18f9d1562dff46d1b2c9e9c9ab0baf72.jpg', NULL, NULL, NULL, 2, 3),
(1357, 'FGKT01C', 'e86c522867594f170d301861da8f7b62.jpg', NULL, NULL, NULL, 2, 3),
(1358, 'FGKY04A', '6b1d11975c4e453c51ad2c27789f60d8.jpg', NULL, NULL, NULL, 2, 3),
(1359, 'FGKY04B', '1c8dde05228958df1de959eb8a986002.jpg', NULL, NULL, NULL, 2, 3),
(1360, 'FGKY04C', '0634eec100e48c0268f9717126938c5b.jpg', NULL, NULL, NULL, 2, 3),
(1361, 'FGKY04D', 'efdfd24b5bab3ce79f7543ea868680d2.jpg', NULL, NULL, NULL, 2, 3),
(1362, 'FGKY04E', '848f809afd9bcacbbd1517f4b406815a.jpg', NULL, NULL, NULL, 2, 3),
(1363, 'FGKY04F', 'd4df2de01808f4107514f9f256a94b91.jpg', NULL, NULL, NULL, 2, 3),
(1364, 'FGKY04G', '66be495b1919bbdb9d4d1dea37557902.jpg', NULL, NULL, NULL, 2, 3),
(1365, 'FGKY04H', '268854be2973415aa6f744ae70c03ee9.jpg', NULL, NULL, NULL, 2, 3),
(1366, 'FGKY04I', '620ae6acf5cd2d60d348a04fb7ac0673.jpg', NULL, NULL, NULL, 2, 3),
(1367, 'FGKY04J', '0d75dfd7c1f29df82cba39fa67eb5b6a.jpg', NULL, NULL, NULL, 2, 3),
(1368, 'FGMS32', 'eb566723b6688eab17cd887f5c107948.png', NULL, NULL, NULL, 2, 3),
(1369, 'FGMS33', '7e11443a5ee01aebcfa8e6641043d049.png', NULL, NULL, NULL, 2, 3),
(1370, 'FGMS34', '34ce77466db8ac9eb7ee836d2bfa9496.png', NULL, NULL, NULL, 2, 3),
(1371, 'FGNG01A', '613d4bc412e17ab11c079d0fec7b9cf9.jpg', NULL, NULL, NULL, 2, 3),
(1372, 'FGNG01B', 'c9430e215ff4de4e6963cbd3f6781b0f.jpg', NULL, NULL, NULL, 2, 3),
(1373, 'FGNG01C', '89d175c68b333e77b6d43c9be25c502b.jpg', NULL, NULL, NULL, 2, 3),
(1374, 'FGNG01D', '5792d26368becf16bd364228a6450bc0.jpg', NULL, NULL, NULL, 2, 3),
(1375, 'FGNG01E', 'd0cb0db099c0e0fc1867b3b14fdee357.jpg', NULL, NULL, NULL, 2, 3),
(1376, 'BG001', 'cbb3cf5aa23b61e49938daf5ffccf601.jpg', NULL, NULL, NULL, 2, 3),
(1377, 'BG001A', 'acf6dcb8c1fe420402756fee767e2d45.jpg', NULL, NULL, NULL, 2, 3),
(1378, 'BG001N1', 'b048609eec4e07bf5c3ff87f238edccc.jpg', NULL, NULL, NULL, 2, 3),
(1379, 'BG001N2', '0a16218fbff2de92eceb87499374c2fd.jpg', NULL, NULL, NULL, 2, 3),
(1380, 'BG001R', 'd7f589f6cad293ecc449a3f75dd85b6b.jpg', NULL, NULL, NULL, 2, 3),
(1381, 'BG001Y', '068c7478252ae5f1f269b74fc0128705.jpg', NULL, NULL, NULL, 2, 3),
(1382, 'BG002', '8f2a8b9dcaaa9c3a3b817c73a1989dfe.jpg', NULL, NULL, NULL, 2, 3),
(1383, 'BG002N1', 'ba047796c2862eba32faf300f90bbf63.jpg', NULL, NULL, NULL, 2, 3),
(1384, 'BG002Y', 'c67d705604950f4985c77d24998f67c6.jpg', NULL, NULL, NULL, 2, 3),
(1385, 'BG003', 'caacdec2bd2fd2d521849aff3bc5b97e.jpg', NULL, NULL, NULL, 2, 3),
(1386, 'BG003H', '0a737d59ef97e880ab7bc8b1d9443b49.jpg', NULL, NULL, NULL, 2, 3),
(1387, 'BG003N1', '7a16211f2e02793098ae03a79384ff5c.jpg', NULL, NULL, NULL, 2, 3),
(1388, 'BG003N1H', '5c6ee142fec9c9e55eac3f2d000862a2.jpg', NULL, NULL, NULL, 2, 3),
(1389, 'BG003Y', '9f71035c7660e784284687a78a518bc4.jpg', NULL, NULL, NULL, 2, 3),
(1390, 'BG004A', 'ccb8ad6e6afa3bfdc2dca4769e3ee5c0.jpg', NULL, NULL, NULL, 2, 3),
(1391, 'BG004AN1', '07a2b5d0c5ef2787e5955c2b1f882ccc.jpg', NULL, NULL, NULL, 2, 3),
(1392, 'BG004C', '5da25d2e726b1915e265cd59dae06ffa.jpg', NULL, NULL, NULL, 2, 3),
(1393, 'BG005', '474263e3466507698fb7766c4591b583.jpg', NULL, NULL, NULL, 2, 3),
(1394, 'BG005A', '73cfbafc8105f06a4f18a3f9a05180ab.jpg', NULL, NULL, NULL, 2, 3),
(1395, 'BG005N1', '62b1ec035724719b8d56bebe11704238.jpg', NULL, NULL, NULL, 2, 3),
(1396, 'BG005N2', '785e4bbceae051c656da59264c11054e.jpg', NULL, NULL, NULL, 2, 3),
(1397, 'BG006', '37815d9b4742c00c0e57dfb64b1474cc.jpg', NULL, NULL, NULL, 2, 3),
(1398, 'BG006N1', '908240945136594648642e1f84bc6d0a.jpg', NULL, NULL, NULL, 2, 3),
(1399, 'BG006N2', '56895c58b09aeb10c4420026003dcc84.jpg', NULL, NULL, NULL, 2, 3),
(1400, 'BG007', 'e07fcd34ebe2b0caf3f3f4dffbfd294f.jpg', NULL, NULL, NULL, 2, 3),
(1401, 'BG007N1', 'bdb54efcc6077f5f09581c476b67605c.jpg', NULL, NULL, NULL, 2, 3),
(1402, 'BG007R', '27759e8bfe3b67b0d8aea751b0d80601.jpg', NULL, NULL, NULL, 2, 3),
(1403, 'BG007Y', 'c6795254d2a6c4e514de307d36f22a44.jpg', NULL, NULL, NULL, 2, 3),
(1404, 'BG008', 'cd54326ddd33421d0828c98a2466bd34.jpg', NULL, NULL, NULL, 2, 3),
(1405, 'BG008A', '35c5ebaee0a66d9fe4dac5eee15a9dc0.jpg', NULL, NULL, NULL, 2, 3),
(1406, 'BG008C', 'b1ba5e60640b5af0dbc53261273a6587.jpg', NULL, NULL, NULL, 2, 3),
(1407, 'BG008N', '3b340bc612a3637c76f195489c7d89bd.jpg', NULL, NULL, NULL, 2, 3),
(1408, 'BG008Y', 'a7f17c76823ecc31feee00a5f883df1d.jpg', NULL, NULL, NULL, 2, 3),
(1409, 'BG009', 'db5b0a8623c6fecbb0aaf99082b525fe.jpg', NULL, NULL, NULL, 2, 3),
(1410, 'BG009M', 'bacbe80de412efa3b254a87ddd0d87ed.jpg', NULL, NULL, NULL, 2, 3),
(1411, 'BG009N1', '7d8c2910e4836c9531e39a1dad999525.jpg', NULL, NULL, NULL, 2, 3),
(1412, 'BG009N2', '5cdffbdc0b8119eea8714013b1bd64cd.jpg', NULL, NULL, NULL, 2, 3),
(1413, 'BG009Y', '3ef2b562b67b3cfea6387c236fc0d9f3.jpg', NULL, NULL, NULL, 2, 3),
(1414, 'BG010', 'b8af316371e737cc08555a454645e14f.jpg', NULL, NULL, NULL, 2, 3),
(1415, 'BG010N1', '8f55bc8f0da6feb9c7164191c29ae12c.jpg', NULL, NULL, NULL, 2, 3),
(1416, 'BG010Y', '72b623e348270b820588a3775d3d679e.jpg', NULL, NULL, NULL, 2, 3),
(1417, 'BG011', 'd2f755acb1a80e1b3435ef37f41c1f71.jpg', NULL, NULL, NULL, 2, 3),
(1418, 'BG011C', '237e6b10a71911bb3d3411d706f79772.jpg', NULL, NULL, NULL, 2, 3),
(1419, 'BG011R', '5d1d5ec2b00df9a502ed673e026aa978.jpg', NULL, NULL, NULL, 2, 3),
(1420, 'BG011Y', 'cba7f4c49569633c40100bc0e9778ac1.jpg', NULL, NULL, NULL, 2, 3),
(1421, 'BG012', 'bfa5db3f1c95c5bf81cb267971439222.jpg', NULL, NULL, NULL, 2, 3),
(1422, 'BG012R', '77df807b550d6df3fdc14a0c962edd4f.jpg', NULL, NULL, NULL, 2, 3),
(1423, 'BG012Y', 'a63a161b9a9a0f011c7b1d83812c50dc.jpg', NULL, NULL, NULL, 2, 3),
(1424, 'BG014', '8e42e8fdc4bee4faf13e1afd25223a97.jpg', NULL, NULL, NULL, 2, 3),
(1425, 'BG014R', '2c43f0a957f295f5c7a897abb8872f7e.jpg', NULL, NULL, NULL, 2, 3),
(1426, 'BG014Y', 'a044cb2ad6241cc047dcf1eb1f55dcc6.jpg', NULL, NULL, NULL, 2, 3),
(1427, 'BG015', '61c5f87a8118886b3d2c2929556454e2.jpg', NULL, NULL, NULL, 2, 3),
(1428, 'BG015C', 'e923334598d207ed321a2ac15f5173d0.jpg', NULL, NULL, NULL, 2, 3),
(1429, 'BG015N', '8177b28a056aeefafa4f6a630b9d98bb.jpg', NULL, NULL, NULL, 2, 3),
(1430, 'BG015R', '0414510bfdce486ed8b607dbb5d76652.jpg', NULL, NULL, NULL, 2, 3),
(1431, 'BG015Y', 'd37338bc71200b6e02218bd93137c99a.jpg', NULL, NULL, NULL, 2, 3),
(1432, 'BG016C', '703e962563a8d9441ac33b82090d3725.jpg', NULL, NULL, NULL, 2, 3),
(1433, 'BG016', '613ce03c41fd89e41c71607649f996c4.jpg', NULL, NULL, NULL, 2, 3),
(1434, 'BG016N', 'f051a4fcc3dad9767abc2da4fdbaf659.jpg', NULL, NULL, NULL, 2, 3),
(1435, 'BG016Y', '140a219597872f6298ec6dcbc1c67f3f.jpg', NULL, NULL, NULL, 2, 3),
(1436, 'BG017', '73a898c6798d713c3e2771572dfc4884.jpg', NULL, NULL, NULL, 2, 3),
(1437, 'BG017Y', '3496367fb0d0d4c74b82cea15e2c2f08.jpg', NULL, NULL, NULL, 2, 3),
(1438, 'BG018', 'f156aaf8b33e7cb492cc369aa0ee80ba.jpg', NULL, NULL, NULL, 2, 3),
(1439, 'BG018C', '7cd7282c65334c7c2719687b8348cd02.jpg', NULL, NULL, NULL, 2, 3),
(1440, 'BG018Y', '86170a87a2f41c4c77c3255af4678e1b.jpg', NULL, NULL, NULL, 2, 3),
(1441, 'BG019', '76cd204e05be443e2b129331f8ff4010.jpg', NULL, NULL, NULL, 2, 3),
(1442, 'BG019C', 'e25d920263c8e5daf8dc89580d7e9308.jpg', NULL, NULL, NULL, 2, 3),
(1443, 'BG019Y', 'a9e8a492d8d6cde35b078d4cde943bb0.jpg', NULL, NULL, NULL, 2, 3),
(1444, 'BG020', 'fdd0c656033e5c8770c173f160ed71bb.jpg', NULL, NULL, NULL, 2, 3),
(1445, 'BG020C', '5e56153b46132c4626969f3105dd3bd0.jpg', NULL, NULL, NULL, 2, 3),
(1446, 'BG020Y', '040786a847f8bb6646f3bd390e695269.jpg', NULL, NULL, NULL, 2, 3),
(1447, 'BG021', '32f673aff5f1f42c7eae6e1bc679f9f1.jpg', NULL, NULL, NULL, 2, 3),
(1448, 'BG021A', 'f6f0612b3f80fa5be0b3415525654e96.jpg', NULL, NULL, NULL, 2, 3),
(1449, 'BG021AC', 'fb39205252ca271cc747af5a67fa7a60.jpg', NULL, NULL, NULL, 2, 3),
(1450, 'BG021B', 'c238c48901cae509f17ac5cf8e75fad3.jpg', NULL, NULL, NULL, 2, 3),
(1451, 'BG021BC', 'd277877de466d490d58ed7baaa35a521.jpg', NULL, NULL, NULL, 2, 3),
(1452, 'BG021D', '2e97b54e1e32f3e9d55c895d47c22853.jpg', NULL, NULL, NULL, 2, 3),
(1453, 'BG021DC', 'a6dbbc84c994b1508e528db9235a01d6.jpg', NULL, NULL, NULL, 2, 3),
(1454, 'BG021E', '7cc1cc404cecc4811ea1fdd5356ef9f6.jpg', NULL, NULL, NULL, 2, 3),
(1455, 'BG021H', '067a9c653a38790d48980c5a8597938a.jpg', NULL, NULL, NULL, 2, 3),
(1456, 'BG021Y', '82d09902472df964544cb19dcf50d136.jpg', NULL, NULL, NULL, 2, 3),
(1457, 'BG022', '0387728d2ef62f05f8fafd467d42ea86.jpg', NULL, NULL, NULL, 2, 3),
(1458, 'BG022A', '5ab073a52c3e395f636aa27971b9defd.jpg', NULL, NULL, NULL, 2, 3),
(1459, 'BG022C', '888e6de7e1051c85a39c788e510f5f3f.jpg', NULL, NULL, NULL, 2, 3),
(1460, 'BG022Y', '2963f9c0059b0d29a6e0ce216cfd4b43.jpg', NULL, NULL, NULL, 2, 3),
(1461, 'BG023', '5bd83bf994dab9b19ac76a4fbfcfef8d.jpg', NULL, NULL, NULL, 2, 3),
(1462, 'BG023N', 'c81163d78b8db1c434b6fb82fb41ddee.jpg', NULL, NULL, NULL, 2, 3),
(1463, 'BG023Y', '8db8030a2ecf1d586b1e18c3b960126f.jpg', NULL, NULL, NULL, 2, 3),
(1464, 'BG024', '469ae95ca475140cce01328e2895fe70.jpg', NULL, NULL, NULL, 2, 3),
(1465, 'BG024Y', '877043e6950d74c53ae3434189d3bdd6.jpg', NULL, NULL, NULL, 2, 3),
(1466, 'BG025', '3428f76aedd16fe1c14ccc5251df4655.jpg', NULL, NULL, NULL, 2, 3),
(1467, 'BG025A', 'e50a093169f5c18a15d1adbfb36abb10.jpg', NULL, NULL, NULL, 2, 3),
(1468, 'BG025B', 'bce577218e44fa1f81a07a1285e69f21.jpg', NULL, NULL, NULL, 2, 3),
(1469, 'BG025BY', 'e474e61727e3bd8f9560214da1ad7dcb.jpg', NULL, NULL, NULL, 2, 3),
(1470, 'BG025C', '3cec184a9c386ee53c0062c84d0b402b.jpg', NULL, NULL, NULL, 2, 3),
(1471, 'BG026', 'cd0fd0f3c17d27fe3c87c0b3ace8759b.jpg', NULL, NULL, NULL, 2, 3),
(1472, 'BG027', 'd4e6b238693e9f2ec5065c8daad3635a.jpg', NULL, NULL, NULL, 2, 3),
(1473, 'BG027Y', '4f2567e97a53b5139be8b8db90fc2a3c.jpg', NULL, NULL, NULL, 2, 3),
(1474, 'BG028', 'ef8bb8a34ff1b4eff508940df4c7b01f.jpg', NULL, NULL, NULL, 2, 3),
(1475, 'BG028C', '1c06832c49d44aa3e15a3c7d301083c5.jpg', NULL, NULL, NULL, 2, 3),
(1476, 'BG029A', 'b64d357bad4945f5713dfb6be8767fb4.jpg', NULL, NULL, NULL, 2, 3),
(1477, 'BG029B1', '25d83825649559524c85e6054f4ff15d.jpg', NULL, NULL, NULL, 2, 3),
(1478, 'BG029B2', '4e23de5a84da97e5a86ce1531eed94e8.jpg', NULL, NULL, NULL, 2, 3),
(1479, 'BG029C', 'df378c669e7ec63d660c3e2953d788c6.jpg', NULL, NULL, NULL, 2, 3),
(1480, 'BG030', '8b032c27c30e2718b3c50cd64eaf8217.jpg', NULL, NULL, NULL, 2, 3),
(1481, 'BG030A', '12a0169f0a223dea02eae7f4a7ecf2d0.jpg', NULL, NULL, NULL, 2, 3),
(1482, 'BG030AY', '8123bb2900e1997dadd7dc795db4c8a3.jpg', NULL, NULL, NULL, 2, 3),
(1483, 'BG030C', '8d1f467eaa9dd2b867c5eb9452667166.jpg', NULL, NULL, NULL, 2, 3),
(1484, 'BG030N', 'e502663d3dab81be6f308638786b9d9f.jpg', NULL, NULL, NULL, 2, 3),
(1485, 'BG030R', '8e98ff57736ac38d59f69cc0276bb140.jpg', NULL, NULL, NULL, 2, 3),
(1486, 'BG030Y', 'c5e6ac7c6b53d15951b01f18a6839a6a.jpg', NULL, NULL, NULL, 2, 3),
(1487, 'BG031', 'c371da2f9f68ef77de8f6ea920a8b9a2.jpg', NULL, NULL, NULL, 2, 3),
(1488, 'BG031C', '3cd8c439de2bc045e69016c72ac486f0.jpg', NULL, NULL, NULL, 2, 3),
(1489, 'BG031N', 'ab199239acbba1d1b00350855f395132.jpg', NULL, NULL, NULL, 2, 3),
(1490, 'BG031Y', '7acbb47ff15d8e89e0d447a8a4500ea6.jpg', NULL, NULL, NULL, 2, 3),
(1491, 'BG032', 'ec541d1fef1faae57732cee11e4c6a29.jpg', NULL, NULL, NULL, 2, 3),
(1492, 'BG033', '69dbefb9226ccbe14748da697f1787a2.jpg', NULL, NULL, NULL, 2, 3),
(1493, 'BG033A', '915428b0d3c6df3e92fdfe03616dfd33.jpg', NULL, NULL, NULL, 2, 3),
(1494, 'BG033AC', '6cb4f6086fa070dd93dbcae81a4ff2d5.jpg', NULL, NULL, NULL, 2, 3),
(1495, 'BG033B', '9124d18b65fbb488094571b16a75442b.jpg', NULL, NULL, NULL, 2, 3),
(1496, 'BG033C', 'c66882fbf92d5ed4da171a33a7257f0e.jpg', NULL, NULL, NULL, 2, 3),
(1497, 'BG033N', '75c0f30fc33e9445e088f4679affd4b3.jpg', NULL, NULL, NULL, 2, 3),
(1498, 'BG033R', '445dd6663898d8cd770b7a4d1b106174.jpg', NULL, NULL, NULL, 2, 3),
(1499, 'BG033Y', '85a430c4f528c1950ce3f0d07bca8d2b.jpg', NULL, NULL, NULL, 2, 3),
(1500, 'BG034', 'ee6a607838858dd31dcd6bd867d8d14e.jpg', NULL, NULL, NULL, 2, 3),
(1501, 'BG034C', '0becf40243f0a8002f79d1053fabf3c0.jpg', NULL, NULL, NULL, 2, 3),
(1502, 'BG034N', 'b8ecf2710c20e5219c7a54c2e39178a9.jpg', NULL, NULL, NULL, 2, 3),
(1503, 'BG034Y', '6f7cfc9a995fad9163f76ddc685a032d.jpg', NULL, NULL, NULL, 2, 3),
(1504, 'BG035', '64edb7c9c1f346b0d1032cb9fa404061.jpg', NULL, NULL, NULL, 2, 3),
(1505, 'BG035A', '1f2a5c19605e3671221921b6a22106a3.jpg', NULL, NULL, NULL, 2, 3),
(1506, 'BG035AY', '6284512873093ab57f2f532a10762c77.jpg', NULL, NULL, NULL, 2, 3),
(1507, 'BG035N', '9fc014e961eeb60b0870bdaabd4b9f8b.jpg', NULL, NULL, NULL, 2, 3),
(1508, 'BG035R', '4655a3962839ed634611d33621421b56.jpg', NULL, NULL, NULL, 2, 3),
(1509, 'BG035Y', 'db51ae0237576f0f5c006131901eea60.jpg', NULL, NULL, NULL, 2, 3),
(1510, 'BG044Z', 'aad8ba023149a9089a0ffa14b4d4bd4c.jpg', NULL, NULL, NULL, 2, 3),
(1511, 'BG045', '26c55d2298ef6d09fba65d6d2c6d9072.jpg', NULL, NULL, NULL, 2, 3),
(1512, 'BG045N', '87dbc128280e90b961fdf2aaf713db7f.jpg', NULL, NULL, NULL, 2, 3),
(1513, 'BG045Y', '905a4f096e293f4b6d9dc9803907ac18.jpg', NULL, NULL, NULL, 2, 3),
(1514, 'BG046', '4df538978e1c9b5c88814a8449445cdd.jpg', NULL, NULL, NULL, 2, 3),
(1515, 'BG046A', 'eed5a6ce9da134c5b72f359e427b2562.jpg', NULL, NULL, NULL, 2, 3),
(1516, 'BG046AY', 'af0356f04a4a1e531ea3f886ba1856ce.jpg', NULL, NULL, NULL, 2, 3),
(1517, 'BG046C', '6543a5d1c8d4f139a07391d3249ecca8.jpg', NULL, NULL, NULL, 2, 3),
(1518, 'BG046N', '74b8442fc680de62fdf7a200a118e928.jpg', NULL, NULL, NULL, 2, 3),
(1519, 'BG046NA', 'a03501ae0a4a06caeac3d226e294c76d.jpg', NULL, NULL, NULL, 2, 3),
(1520, 'BG046NT', '76d262301432c17505125e14f038ea48.jpg', NULL, NULL, NULL, 2, 3),
(1521, 'BG046T', 'b55b732d9c3f922db268bf66cd3e29a4.jpg', NULL, NULL, NULL, 2, 3),
(1522, 'BG046Y', 'd1d90dde3d7e25261e47b7b3a4258dd7.jpg', NULL, NULL, NULL, 2, 3),
(1523, 'BG046YT', '0b7657e70ff4416b755a72b110da7f34.jpg', NULL, NULL, NULL, 2, 3),
(1524, 'BG049', '99df93b8e7a412ed3dc1137bbf9be7da.jpg', NULL, NULL, NULL, 2, 3),
(1525, 'BG049A', 'da7370ac0f6f29967549773694f7a76d.jpg', NULL, NULL, NULL, 2, 3),
(1526, 'BG049B', 'fa969ac2dad33ec1c11ebc123a4663c0.jpg', NULL, NULL, NULL, 2, 3),
(1527, 'BG049C', '2946cb6aa604f7f9cb65da9046f10011.jpg', NULL, NULL, NULL, 2, 3),
(1528, 'BG049D', '1c21f63ea69234c91704e2a604d96b64.jpg', NULL, NULL, NULL, 2, 3),
(1529, 'BG049E', 'ae0998e1d07bddd98a714c3e7f0bbdc9.jpg', NULL, NULL, NULL, 2, 3),
(1530, 'BG049N', '1dbb5b969ead5260e7265f78dbb6b7ad.jpg', NULL, NULL, NULL, 2, 3),
(1531, 'BG049R', '4e2fceda6c24dc748cdf66890e5886d4.jpg', NULL, NULL, NULL, 2, 3),
(1532, 'BG049Y', '6cd938acaf657a1450c1727d85ac3b9d.jpg', NULL, NULL, NULL, 2, 3),
(1533, 'BG055', 'bc8e02e42fda14e5783a61fb776bd57c.jpg', NULL, NULL, NULL, 2, 3),
(1534, 'BG057', 'faf0bd5d7c8a012144909ee0075ef0a5.jpg', NULL, NULL, NULL, 2, 3),
(1535, 'BG057E', '177fcfb446dbaabf89920078461ac971.jpg', NULL, NULL, NULL, 2, 3),
(1536, 'BG057Y', 'ce19c43f71e1b0d00ab7eb69ff451336.jpg', NULL, NULL, NULL, 2, 3),
(1537, 'BG080', 'd7c8d3c9a4b7db47f75080b9e3a65a83.jpg', NULL, NULL, NULL, 2, 3),
(1538, 'BG080C', 'e8570ec717019acb314a0c408d3a0e4f.jpg', NULL, NULL, NULL, 2, 3),
(1539, 'BG080N', 'fd91aa267f917244c1ee9d8a1e373c1d.jpg', NULL, NULL, NULL, 2, 3),
(1540, 'BG081', '229c2539d901150928b3735aef51d89b.jpg', NULL, NULL, NULL, 2, 3),
(1541, 'BG082', 'b7c1c1638cb4bf1c742c1802723dccf5.jpg', NULL, NULL, NULL, 2, 3),
(1542, 'BG084', '556dffe8718cc69a63025e31543166b2.jpg', NULL, NULL, NULL, 2, 3),
(1543, 'BG085', 'd388a3fcda32c53fcd62c2bac6dbc07c.jpg', NULL, NULL, NULL, 2, 3),
(1544, 'BG086', '44c141198f1aecdf9d93708bfb3d4be5.jpg', NULL, NULL, NULL, 2, 3),
(1545, 'BG087', 'bfc8162b5447a03f1351ac9d9aa700a1.jpg', NULL, NULL, NULL, 2, 3),
(1546, 'BG090', 'baad604b47a8a8de7f9b502741d92ed5.jpg', NULL, NULL, NULL, 2, 3),
(1547, 'BG101', '721183af5e8554f36b1fafe740433beb.jpg', NULL, NULL, NULL, 2, 3),
(1548, 'BG101A', '4f40be0a2e9a0e5c7c84a28015f1a24a.jpg', NULL, NULL, NULL, 2, 3),
(1549, 'BG101Y', '07df57ac6a2401849b341e61c55272c5.jpg', NULL, NULL, NULL, 2, 3),
(1550, 'BG102', 'aa2451a9a54d713137187290b91f21e9.jpg', NULL, NULL, NULL, 2, 3),
(1551, 'BG102N1', '4723245aae5546fa9133adace165ac62.jpg', NULL, NULL, NULL, 2, 3),
(1552, 'BG102N2', 'e9efd2da8c8c1e0f2d70dfc9bedab3da.jpg', NULL, NULL, NULL, 2, 3),
(1553, 'BG107', '8dde77b35c82b927ae4da15b92e7048d.jpg', NULL, NULL, NULL, 2, 3),
(1554, 'BG107A', '22f86ab60e73255d7a63ceda279d9d79.jpg', NULL, NULL, NULL, 2, 3),
(1555, 'BG107N', '3272ceb22433f9c7e37f0d3dfcdb57ca.jpg', NULL, NULL, NULL, 2, 3),
(1556, 'BG108', 'ce9f96214f761fa5a0020f6c7fe83d6b.jpg', NULL, NULL, NULL, 2, 3),
(1557, 'BG110', '26a624d72b9f510fd9e3f8850e744042.jpg', NULL, NULL, NULL, 2, 3),
(1558, 'BG132', '2d8f088ea70bf6c4975c547730474d3b.jpg', NULL, NULL, NULL, 2, 3),
(1559, 'BG133', '19b6666e0f0956c4eb94625b845e27f0.jpg', NULL, NULL, NULL, 2, 3),
(1560, 'BG133B', '7dfdfee467c3778c5dbcc4c0d5883c6d.jpg', NULL, NULL, NULL, 2, 3),
(1561, 'BG133Y', 'f0e0078f5b1c3850825def05e45adb91.jpg', NULL, NULL, NULL, 2, 3),
(1562, 'BG135', 'a3606c853a4b3732e31ccbdb76855bfa.jpg', NULL, NULL, NULL, 2, 3),
(1563, 'BG136', '7c842d2138a5a97904c9c5a73dcbece0.jpg', NULL, NULL, NULL, 2, 3),
(1564, 'BG180', 'ee79b5c39a4806e7199a7d8be55ca001.jpg', NULL, NULL, NULL, 2, 3),
(1565, 'BG184', '91af967f48330d09785d5074d0bbac96.jpg', NULL, NULL, NULL, 2, 3),
(1566, 'BG202', 'f75f1cc3811c5c7b586efa6e0b69947a.jpg', NULL, NULL, NULL, 2, 3),
(1567, 'BG212', '111c0f4a398a908469d61bca7d44f1de.jpg', NULL, NULL, NULL, 2, 3),
(1568, 'BGM19', 'a8d842486c6688aed38b81d7d3e35c14.ogg', NULL, NULL, NULL, 3, 3),
(1569, 'BGM20A', '4c0979ea0f1c2b63d2befec19b13dc87.ogg', NULL, NULL, NULL, 3, 3),
(1570, 'BGM23', '83cc05066fb32c7d452c64fdaf3efbe5.ogg', NULL, NULL, NULL, 3, 3),
(1571, 'BGM25A', '7578e53e7ff45ce7acf4d72b3d22e3d1.ogg', NULL, NULL, NULL, 3, 3),
(1572, 'BGM25B', 'c5474909c9dd16645a1b458e3b577868.ogg', NULL, NULL, NULL, 3, 3),
(1573, 'BGM21', 'a22a70786556928619f97f2cbec74b62.ogg', NULL, NULL, NULL, 3, 3),
(1574, 'BGM24', '80b432a2060df0014f6128ca681ce49e.ogg', NULL, NULL, NULL, 3, 3),
(1575, 'BGM20B', 'f4c643dada4e4661e3641fa884847456.ogg', NULL, NULL, NULL, 3, 3),
(1576, 'BGM26B', '7ec7c345772e5a60fd57f08c8983d4f7.ogg', NULL, NULL, NULL, 3, 3),
(1577, 'BGM28', '823902240c8e3601dc37e8a3dc3f140a.ogg', NULL, NULL, NULL, 3, 3),
(1578, 'BGM26A', '45d526fd150e2b26f49ee8a0247b2666.ogg', NULL, NULL, NULL, 3, 3),
(1579, 'BGM29', 'c755e609cdabdc1544ba2b45bcbbe313.ogg', NULL, NULL, NULL, 3, 3),
(1580, 'BGM30', '9ccc9547a3d224fafea637ae1f7aa966.ogg', NULL, NULL, NULL, 3, 3),
(1581, 'BGM31', '5a4d29498c6e752fbc4935283ccf0f98.ogg', NULL, NULL, NULL, 3, 3),
(1582, 'BGM32A', 'ad195d4c18e9e9b7f2b43505498cf32c.ogg', NULL, NULL, NULL, 3, 3),
(1583, 'BGM33', '5468962e99d0f4812a4b018d02c66e4f.ogg', NULL, NULL, NULL, 3, 3),
(1584, 'BGM32B', '3ada0b89b056866972c453667396e758.ogg', NULL, NULL, NULL, 3, 3),
(1585, 'BGM34', '8f13a0f4f0416fad8dd62d2f20c60844.ogg', NULL, NULL, NULL, 3, 3),
(1586, 'BGM35', '9924a5f9ce0ab6b930b83b8d1d148cb9.ogg', NULL, NULL, NULL, 3, 3),
(1587, 'BGM01', '6825d0d8cdf8c661339e554d61c30a57.ogg', NULL, NULL, NULL, 3, 3),
(1588, 'BGM02A', '26d1b995d9ed96b57efaeab02e86f1a5.ogg', NULL, NULL, NULL, 3, 3),
(1589, 'BGM02B', 'bd25a61fd8373c67917cb64618920642.ogg', NULL, NULL, NULL, 3, 3),
(1590, 'BGM02C', '8548a10d41a71e629a4506adcae7c116.ogg', NULL, NULL, NULL, 3, 3),
(1591, 'BGM03A', '8f3d6867b9ebe9b9657171a3e47227a1.ogg', NULL, NULL, NULL, 3, 3),
(1592, 'BGM05A', 'f743c2124e5675da9ddf6def72f2b49b.ogg', NULL, NULL, NULL, 3, 3),
(1593, 'BGM05B', '7cd07d536987e20c78d5ab2969fabe3f.ogg', NULL, NULL, NULL, 3, 3),
(1594, 'BGM05C', 'faa1778918383e61a9be2a4e2a83ccae.ogg', NULL, NULL, NULL, 3, 3),
(1595, 'BGM05D', 'ffd06bcb8de31a4da6f416705d82b732.ogg', NULL, NULL, NULL, 3, 3),
(1596, 'BGM05E', '89434595d2d63f053de545e1e7a55441.ogg', NULL, NULL, NULL, 3, 3),
(1597, 'BGM06', '303286b6f6d0a7ea4767e913a6b35a7c.ogg', NULL, NULL, NULL, 3, 3),
(1598, 'BGM07B', '83aea75af606c3ab6303b8e7837b42dc.ogg', NULL, NULL, NULL, 3, 3),
(1599, 'BGM08A', '5265c103162fbee263b4a18965789470.ogg', NULL, NULL, NULL, 3, 3),
(1600, 'BGM08B', '9b7236941984d55d9433e4a69bd195be.ogg', NULL, NULL, NULL, 3, 3),
(1601, 'BGM08C', '7d749077767eefac6d0fb602fb541297.ogg', NULL, NULL, NULL, 3, 3),
(1602, 'BGM08D', 'a564ad25a9b9fd472c40c28911183205.ogg', NULL, NULL, NULL, 3, 3),
(1603, 'BGM09A', '9b88df82c5a79f3783563e68b26ecabe.ogg', NULL, NULL, NULL, 3, 3),
(1604, 'BGM09B', '83eedea238fdfb7444b9ea32f234ba2d.ogg', NULL, NULL, NULL, 3, 3),
(1605, 'BGM09C', 'a6258fa8855ec6c26147d792a38e52b2.ogg', NULL, NULL, NULL, 3, 3),
(1606, 'BGM10', 'e75cfed9d87afba30f0b78c3f99f4445.ogg', NULL, NULL, NULL, 3, 3),
(1607, 'BGM15', '1451645fc2813ccc0ae59e8e2b7d0238.ogg', NULL, NULL, NULL, 3, 3),
(1608, 'BGM10B', 'f3fe73f954cd64e76682e2e19e654227.ogg', NULL, NULL, NULL, 3, 3),
(1609, 'BGM14', '18645850eff1649de49dff4ad98e67c9.ogg', NULL, NULL, NULL, 3, 3),
(1610, 'BGM11', 'a439d0e96ffab77cd052202f335fdafd.ogg', NULL, NULL, NULL, 3, 3),
(1611, 'BGM16A', 'dd9821674d75a4c31b5405ec55466229.ogg', NULL, NULL, NULL, 3, 3),
(1612, 'BGM13', '3ae382ed8c2a2ce05e9679263ef1b3e6.ogg', NULL, NULL, NULL, 3, 3),
(1613, 'BGM16B', '9d288285a6ef76b960f4cd9a7b938072.ogg', NULL, NULL, NULL, 3, 3),
(1614, 'BGM16C', '211cbf078635c7b865b18fa4a741d465.ogg', NULL, NULL, NULL, 3, 3),
(1615, 'BGM17A', '019b865af64799f5e93a9b54d5542052.ogg', NULL, NULL, NULL, 3, 3),
(1616, 'BGM18A', 'b738ab035f4cbe544e25165a429bc606.ogg', NULL, NULL, NULL, 3, 3),
(1617, 'BGM18B', '9168a4f26d8450ed68d16c9fc8db0b93.ogg', NULL, NULL, NULL, 3, 3),
(1618, 'dogusi', 'affc522cb9d3e09a2c69323b7b8e271b.ogg', NULL, NULL, NULL, 4, 3),
(1619, 'door_2', '8300e34ccf5ab93320b49d6c7e35e500.ogg', NULL, NULL, NULL, 4, 3),
(1620, 'engine', 'b3b02de6e36a51d5e89403b989d4af6e.ogg', NULL, NULL, NULL, 4, 3),
(1621, 'fire', 'b6f22529ea0524d97abca63a726855ec.ogg', NULL, NULL, NULL, 4, 3),
(1622, 'door_3', '081ed42b7cc0964bde2492d2f5c1e62c.ogg', NULL, NULL, NULL, 4, 3),
(1623, 'don', '7a5709a55393de85a234582824baa1cd.ogg', NULL, NULL, NULL, 4, 3),
(1624, 'footstep', '18f1bf940bf8c1c5192855ee49dbb09a.ogg', NULL, NULL, NULL, 4, 3),
(1625, 'end', 'fadb61cbeaee64a772d442ce24f856f5.ogg', NULL, NULL, NULL, 4, 3),
(1626, 'fufan00', 'a41f6b6ca26037fb3e2d9dbfac59b174.ogg', NULL, NULL, NULL, 4, 3),
(1627, 'door_1', '7748e5ca9184279a4ac3876a7483969f.ogg', NULL, NULL, NULL, 4, 3),
(1628, 'gabu', '7b72c6755c0d1a970be45a7ed6110bf7.ogg', NULL, NULL, NULL, 4, 3),
(1629, 'hget', '27fd8eeb107902002b9544b9a9a4806c.ogg', NULL, NULL, NULL, 4, 3),
(1630, 'hirate', '669f35644fac3fd793d03d88f2971de2.ogg', NULL, NULL, NULL, 4, 3),
(1631, 'fufan01', '0ed429ce533b03ca040fc7ca8fcd98e2.ogg', NULL, NULL, NULL, 4, 3),
(1632, 'howacha', '36e3f2c37c0a79c86ef90b37578e05c7.ogg', NULL, NULL, NULL, 4, 3),
(1633, 'ignite', '2e18ae8d71439d1bccde42279c341384.ogg', NULL, NULL, NULL, 4, 3),
(1634, 'higurashi', '95f6b6aa137f047b3415bb8d25c8eca1.ogg', NULL, NULL, NULL, 4, 3),
(1635, 'keylock', '2a92083030eb281eadcc7c91d9f2e2d3.ogg', NULL, NULL, NULL, 4, 3),
(1636, 'huse', '659d6a157707908b6027482fc4ba5069.ogg', NULL, NULL, NULL, 4, 3),
(1637, 'kick', 'a00f949cbdae9a001dcee73623c5ceae.ogg', NULL, NULL, NULL, 4, 3),
(1638, 'kuma', 'd1503a37deb3e52bc1de4db39045e832.ogg', NULL, NULL, NULL, 4, 3),
(1639, 'kyofu', '0bb656b892492f5b2a484e79ff717020.ogg', NULL, NULL, NULL, 4, 3),
(1640, 'kyupeen', '7b170fea45845ef1fc269727ae70a116.ogg', NULL, NULL, NULL, 4, 3),
(1641, 'knock', 'f28cbdfe0c9ec5e5a35d6b78c268adb7.ogg', NULL, NULL, NULL, 4, 3),
(1642, 'mushi', 'e3ac1ecb0260c6e02e92cdf7661ac6f3.ogg', NULL, NULL, NULL, 4, 3),
(1643, 'nakama', '5a34daa17cc458f018935dffd25cfc38.ogg', NULL, NULL, NULL, 4, 3),
(1644, 'nami', 'b886ea1f185b25808a3f702bef802394.ogg', NULL, NULL, NULL, 4, 3),
(1645, 'pikin', '5fbb5d10187e5692aa0fbdac8788fbfd.ogg', NULL, NULL, NULL, 4, 3),
(1646, 'ring', '30403ca29c28a0c31fbd35e353bce678.ogg', NULL, NULL, NULL, 4, 3),
(1647, 'senritu', '6508b4df81e4c26b662020c7ac5b6667.ogg', NULL, NULL, NULL, 4, 3),
(1648, 'sizen', 'c219ae1b0af9822a18deecb626529225.ogg', NULL, NULL, NULL, 4, 3),
(1649, 'rain_out', '434e913a3ca07834e52df87e0a32582d.ogg', NULL, NULL, NULL, 4, 3),
(1650, 'steal', '9ac953cbb970d28b93856e5c785b990a.ogg', NULL, NULL, NULL, 4, 3),
(1651, 'shouri', '01e2f854c7200e736d9d17b07f00b8b7.ogg', NULL, NULL, NULL, 4, 3),
(1652, 'rain_in', '76a002b559b076dd9ae87635a7d97e1c.ogg', NULL, NULL, NULL, 4, 3),
(1653, 'swing', '4722d9e65c0f05a043f14e6ca8131964.ogg', NULL, NULL, NULL, 4, 3),
(1654, 'supon', 'f0f0c9d3cf75c2c6baf1a38001661540.ogg', NULL, NULL, NULL, 4, 3),
(1655, 'uoo', '5c51fcadbdd6d82b56fcabcba5b090ca.ogg', NULL, NULL, NULL, 4, 3),
(1656, 'upstairs', '7b49fbfe1df9444696e127cc772b0917.ogg', NULL, NULL, NULL, 4, 3),
(1657, 'tsignal', '96c9e6ae4a3e4c4ed76521d2eff7f7fa.ogg', NULL, NULL, NULL, 4, 3),
(1658, 'tunami', 'a0cb4f16fd3a2efb2d0343ccc12d44b4.ogg', NULL, NULL, NULL, 4, 3),
(1659, 'ame', '230feab7eacc85d0fd09aa054e6bc735.ogg', NULL, NULL, NULL, 4, 3),
(1660, 'abura', '1ba373f8dd511af5e52b3dbffa7b92e4.ogg', NULL, NULL, NULL, 4, 3),
(1661, 'tret', 'cf1632403b7cc851196d10d0689f5065.ogg', NULL, NULL, NULL, 4, 3),
(1662, 'basari', '0ca4df0e2920c9e8360614f9fdf06df2.ogg', NULL, NULL, NULL, 4, 3),
(1663, 'baki', '0aa954a4669acc39ff87c5798bc0822e.ogg', NULL, NULL, NULL, 4, 3),
(1664, 'dango', '8cc667cea79dbe02a93b7c57c574545f.ogg', NULL, NULL, NULL, 4, 3),
(1665, 'bung', '0fb9290da82ad072f38bcf5066a2fcce.ogg', NULL, NULL, NULL, 4, 3),
(1666, 'z0414_000120', 'c7b6af461eafa37addc13f0cb56736b6.ogg', NULL, NULL, NULL, 5, 3),
(1667, 'z0414_000200', '9172eb432eed16b4c3e07ce86ca8b0bb.ogg', NULL, NULL, NULL, 5, 3),
(1668, 'z0414_000220', 'd6242ba964836b7a68748fa07bef38a1.ogg', NULL, NULL, NULL, 5, 3),
(1669, 'z0414_000160', 'fd68795787d1e26708f747dd5936c823.ogg', NULL, NULL, NULL, 5, 3),
(1670, 'z0414_000100', '4112cafa1bd255d9f6e7b3e2a1632592.ogg', NULL, NULL, NULL, 5, 3),
(1671, 'z0414_000240', 'e33f3c40ff440c26498f8495c9109935.ogg', NULL, NULL, NULL, 5, 3),
(1672, 'z0414_000180', 'c743381c4ee260cbef38d9e5c4e2c02c.ogg', NULL, NULL, NULL, 5, 3),
(1673, 'z0414_000140', 'a672a12057fea7f43f04048ff90b6f44.ogg', NULL, NULL, NULL, 5, 3),
(1674, 'z0414_000260', '95bc77ef5c8de70f2be957ef10bcdd61.ogg', NULL, NULL, NULL, 5, 3),
(1675, 'z0414_000300', 'f9f76c9deabfe8115423eb2e9a0c0642.ogg', NULL, NULL, NULL, 5, 3),
(1676, 'z0414_000380', '4345df795a25147a10e711dbfdfa9f65.ogg', NULL, NULL, NULL, 5, 3),
(1677, 'z0414_000320', '38a1bca752d3cb2c8d8396e6cbdcc2a0.ogg', NULL, NULL, NULL, 5, 3),
(1678, 'z0414_000340', '1ece985a6053fce96ccc5702fc3e56e8.ogg', NULL, NULL, NULL, 5, 3),
(1679, 'z0414_000280', '7a267fdb9058d36559e000573b76782e.ogg', NULL, NULL, NULL, 5, 3),
(1680, 'z0414_000400', 'c3390758a943f8247bc77ff2a4ea021e.ogg', NULL, NULL, NULL, 5, 3),
(1681, 'z0414_000420', 'e6aef6a36f2d80be30705bcee0b0875a.ogg', NULL, NULL, NULL, 5, 3),
(1682, 'z0414_000480', '1b52eb7a6879c205feff02652078479c.ogg', NULL, NULL, NULL, 5, 3),
(1683, 'z0414_000360', 'fe70dbcaf4386de29616045d139516a7.ogg', NULL, NULL, NULL, 5, 3),
(1684, 'z0414_000440', '2e4214dc7157d1d0eb3cc9e322f93587.ogg', NULL, NULL, NULL, 5, 3),
(1685, 'z0414_000520', '745893c028b3e2d398ecfc2efdfd391c.ogg', NULL, NULL, NULL, 5, 3),
(1686, 'z0414_000500', '85604ce8136c4d2c6cbddafb8b1dcb0a.ogg', NULL, NULL, NULL, 5, 3),
(1687, 'z0414_000560', 'dc77ad291c40fd1eefe28029e35ae900.ogg', NULL, NULL, NULL, 5, 3),
(1688, 'z0414_000540', '41f4d50dea70a79c47ddea26a98202e9.ogg', NULL, NULL, NULL, 5, 3),
(1689, 'z0414_000600', '36f28bd92a33940e51550514e878f08c.ogg', NULL, NULL, NULL, 5, 3),
(1690, 'z0414_000620', 'eab63cab4f773cc9ffc2f54864e7425a.ogg', NULL, NULL, NULL, 5, 3),
(1691, 'z0414_000640', 'f20d4b1d48fa0c6e6835c142e394b1b5.ogg', NULL, NULL, NULL, 5, 3),
(1692, 'z0414_000580', '3aeb3f96dad7d743307382cb0db1cd3a.ogg', NULL, NULL, NULL, 5, 3),
(1693, 'z0414_000660', '828b394d2803f53a9436877022fedb4f.ogg', NULL, NULL, NULL, 5, 3),
(1694, 'z0414_000680', '9aa92c27479ae134de08c34ff34a3b0b.ogg', NULL, NULL, NULL, 5, 3),
(1695, 'z0414_000720', 'fc27e41cd0eb3e3fabea9eac026df730.ogg', NULL, NULL, NULL, 5, 3),
(1696, 'z0414_000700', '20b209255c6d73666e9940b3974cea7e.ogg', NULL, NULL, NULL, 5, 3),
(1697, 'z0414_000740', 'c793072935d8988a691e6f05f7853093.ogg', NULL, NULL, NULL, 5, 3),
(1698, 'z0414_000760', 'dee620bb5a16b3ccffd6050dee94ea74.ogg', NULL, NULL, NULL, 5, 3),
(1699, 'z0414_000800', 'bd82f94f1c132b18423512c90edec653.ogg', NULL, NULL, NULL, 5, 3),
(1700, 'z0414_000780', 'c7cc025feaae20181a9a03133ece27af.ogg', NULL, NULL, NULL, 5, 3),
(1701, 'z0414_000900', '7951ebd92239c49ca03878cd8655133a.ogg', NULL, NULL, NULL, 5, 3),
(1702, 'z0414_000920', 'f69342e7a7f1b21dbfe5d10ff0b5ff01.ogg', NULL, NULL, NULL, 5, 3),
(1703, 'z0414_000820', '2c24aaa389bb822681455181544c28de.ogg', NULL, NULL, NULL, 5, 3),
(1704, 'z0414_000860', '3745ecb800e5c059a13d2fa93d255f5b.ogg', NULL, NULL, NULL, 5, 3),
(1705, 'z0414_000880', 'dcf3f47d9b53070677b327de7296204a.ogg', NULL, NULL, NULL, 5, 3),
(1706, 'z0414_000840', '60abe0cafd1fd326566309681ae8ed26.ogg', NULL, NULL, NULL, 5, 3),
(1707, 'z0414_000940', '352dac440dd931b24a7c37e88dd39172.ogg', NULL, NULL, NULL, 5, 3),
(1708, 'z0414_000960', 'a09c640381ca0114ce8abea3d9c78b23.ogg', NULL, NULL, NULL, 5, 3),
(1709, 'z0414_000980', '461a3eb7f9a9d1c9ba8f5c3da01a5e96.ogg', NULL, NULL, NULL, 5, 3),
(1710, 'z0414_001000', '38a33169663882980b86c2b049eb4c5f.ogg', NULL, NULL, NULL, 5, 3),
(1711, 'z0414_001040', '18c0c325bdfd373ba09ceff7c54d3c98.ogg', NULL, NULL, NULL, 5, 3),
(1712, 'z0414_001060', '040515bbe163c8154b98f038d83a6053.ogg', NULL, NULL, NULL, 5, 3),
(1713, 'z0414_001080', '0177afa83a195212fb55c7c8dca62bb8.ogg', NULL, NULL, NULL, 5, 3),
(1714, 'z0414_001020', 'bbfd9a4c916b0925774cf5b81f98d625.ogg', NULL, NULL, NULL, 5, 3),
(1715, 'z0414_001100', '6fde9914106bb6303836848c723e29e4.ogg', NULL, NULL, NULL, 5, 3),
(1716, 'z0414_001140', 'd092daecd49b8c4962ba0ee8bcd1b912.ogg', NULL, NULL, NULL, 5, 3),
(1717, 'z0414_001120', 'd3887159641f32b46055ae7ec59cfd68.ogg', NULL, NULL, NULL, 5, 3),
(1718, 'z0414_001160', '6c081d1285882c40d0b5edd04cfc5c7f.ogg', NULL, NULL, NULL, 5, 3),
(1719, 'z0414_001180', 'f2ff72b98df3138282992dc47997b89f.ogg', NULL, NULL, NULL, 5, 3),
(1720, 'z0414_001240', '3b80550ec2271fe126a3ba5869cc2e99.ogg', NULL, NULL, NULL, 5, 3),
(1721, 'z0414_001260', '1530a77a840372cf846ba5a1eff0a0ad.ogg', NULL, NULL, NULL, 5, 3),
(1722, 'z0414_001220', '164f30fc161c8ab7e72bb61edf892b0f.ogg', NULL, NULL, NULL, 5, 3),
(1723, 'z0414_001200', '2893b98f44d00067df5765d26e227cd7.ogg', NULL, NULL, NULL, 5, 3),
(1724, 'z0414_001280', 'f370df5f88f9d77e59b24865f84a5cf3.ogg', NULL, NULL, NULL, 5, 3),
(1725, 'z0415_000000', '10c00dccdb7af651ad8e140b2404fb47.ogg', NULL, NULL, NULL, 5, 3),
(1726, 'z0415_000060', '4df44ea0f9e3cee00d3e7353a5f9642d.ogg', NULL, NULL, NULL, 5, 3),
(1727, 'z0415_000020', '473bdf4258c17364e69af2f2a1b5f266.ogg', NULL, NULL, NULL, 5, 3),
(1728, 'z0415_000080', 'bed449af6074f3291636a12850c0e43d.ogg', NULL, NULL, NULL, 5, 3),
(1729, 'z0415_000160', '5b550e676c14d42b624157a4dfb0ed94.ogg', NULL, NULL, NULL, 5, 3),
(1730, 'z0415_000040', '56d9bb36762303a815e3d8e9be24a81e.ogg', NULL, NULL, NULL, 5, 3),
(1731, 'z0415_000100', '7350f6bdbe9831978ec0b9d9efa859cd.ogg', NULL, NULL, NULL, 5, 3),
(1732, 'z0415_000180', 'a78063ae78875ffc0536c34e77197bbf.ogg', NULL, NULL, NULL, 5, 3),
(1733, 'z0415_000200', 'fd2a938d6bd874fad71ecdee1e04dbe9.ogg', NULL, NULL, NULL, 5, 3),
(1734, 'z0415_000120', '2656666cf403ffa29c372585da96f78e.ogg', NULL, NULL, NULL, 5, 3),
(1735, 'z0415_000140', '6433864eb3cb6daaa45ed8415f016648.ogg', NULL, NULL, NULL, 5, 3),
(1736, 'z0415_000280', 'ebc1bca7e6a9cc0b957afb53dfbc44cc.ogg', NULL, NULL, NULL, 5, 3),
(1737, 'z0415_000240', '667f249e37998deb4eddfb70d5abf648.ogg', NULL, NULL, NULL, 5, 3),
(1738, 'z0415_000300', '4d0033fce44b07583e93aeb81c8c1a75.ogg', NULL, NULL, NULL, 5, 3),
(1739, 'z0415_000220', '29bd81c2d7cd912e7e764390a1912aeb.ogg', NULL, NULL, NULL, 5, 3),
(1740, 'z0415_000260', 'd9675dddfb76f85e06104f7c76a16975.ogg', NULL, NULL, NULL, 5, 3),
(1741, 'z0415_000320', '1144df7dc1df9f1a70491ce9774e11d5.ogg', NULL, NULL, NULL, 5, 3),
(1742, 'z0415_000340', '2cd85666e04533b8eb66b3b510770b15.ogg', NULL, NULL, NULL, 5, 3),
(1743, 'z0415_000360', '6e270459b287f8b8cca1c79423a90d94.ogg', NULL, NULL, NULL, 5, 3),
(1744, 'z0415_000380', '61798e59add48d91433fdd21a558993c.ogg', NULL, NULL, NULL, 5, 3),
(1745, 'z0415_000400', 'b32c9a12bff91e187f6c2bdec1c2029e.ogg', NULL, NULL, NULL, 5, 3),
(1746, 'z0415_000420', '7c3550b6dfea3dede353c2e105847037.ogg', NULL, NULL, NULL, 5, 3),
(1747, 'z0415_000460', 'cbfd17f1011469897031e6d53b41dbf9.ogg', NULL, NULL, NULL, 5, 3),
(1748, 'z0415_000440', '396f728f923d733dcea55483468a34c3.ogg', NULL, NULL, NULL, 5, 3),
(1749, 'z0415_000500', '9869f39fade46825dee50d080d2fe5d5.ogg', NULL, NULL, NULL, 5, 3),
(1750, 'z0415_000520', 'b8659ec14f7d5a8c5795a89cea9263ca.ogg', NULL, NULL, NULL, 5, 3),
(1751, 'z0415_000580', '46118e5d85deb9cdcaac903411ed5b37.ogg', NULL, NULL, NULL, 5, 3),
(1752, 'z0415_000540', 'fcf18686e26314f908ed6ca2f2f1ffa6.ogg', NULL, NULL, NULL, 5, 3),
(1753, 'z0415_000600', '919df69d816706722747cd7f49ab5062.ogg', NULL, NULL, NULL, 5, 3),
(1754, 'z0415_000620', 'b22aedf8edce09793cea7d6c20607f82.ogg', NULL, NULL, NULL, 5, 3),
(1755, 'z0415_000480', '06d42853e78c098bb1311b5bf189ddbc.ogg', NULL, NULL, NULL, 5, 3),
(1756, 'z0415_000560', '85fa947ebcefcbadec74a874becffe7c.ogg', NULL, NULL, NULL, 5, 3),
(1757, 'z0415_000660', '3e9409285a1c5f8661b2356306f062a9.ogg', NULL, NULL, NULL, 5, 3),
(1758, 'z0415_000640', 'dfc04496df89812965334a099fba20a3.ogg', NULL, NULL, NULL, 5, 3),
(1759, 'z0415_000680', '5856eb0083b95be41daa5815f6311318.ogg', NULL, NULL, NULL, 5, 3),
(1760, 'z0415_000720', 'af606adde0780668191e2cbbfa4a60b2.ogg', NULL, NULL, NULL, 5, 3),
(1761, 'z0415_000760', '3c97c3d7ac9c0351bfc8cc38af3e465f.ogg', NULL, NULL, NULL, 5, 3),
(1762, 'z0415_000800', '4309cc4f98ce3ba2d627bc610dea2c49.ogg', NULL, NULL, NULL, 5, 3),
(1763, 'z0415_000780', '146adfb0c7748b9bb647616597839ef1.ogg', NULL, NULL, NULL, 5, 3),
(1764, 'z0415_000700', '03e721da338bafd80d98918f11df87b4.ogg', NULL, NULL, NULL, 5, 3),
(1765, 'z0415_000820', 'a07c7a497cc19a7f6b17ecf006f489ac.ogg', NULL, NULL, NULL, 5, 3),
(1766, 'z0415_000740', '649c509b267e6cb252b7432054cb3161.ogg', NULL, NULL, NULL, 5, 3),
(1767, 'z0415_000900', '469b86cd5a80816526a77deaac37f758.ogg', NULL, NULL, NULL, 5, 3),
(1768, 'z0415_000880', '2f651b0846ba60e1d9b5cc697f6144fe.ogg', NULL, NULL, NULL, 5, 3),
(1769, 'z0415_000920', '27461bc27fccd56936514c2b5760efac.ogg', NULL, NULL, NULL, 5, 3),
(1770, 'z0415_000940', '0efb4a5bf10f763742f36f4ad89d9f2f.ogg', NULL, NULL, NULL, 5, 3),
(1771, 'z0415_000840', '6c9ea4e1817bc78f0b640c33cec1a2d1.ogg', NULL, NULL, NULL, 5, 3),
(1772, 'z0415_000860', '2c663bf66ef8639f403d565849a7ff71.ogg', NULL, NULL, NULL, 5, 3),
(1773, 'z0415_000960', '662ea74db2459aaf96c19d996aadf9a9.ogg', NULL, NULL, NULL, 5, 3),
(1774, 'z0415_000980', '41cf6fa79865cc7fa10edd0a3b2a5eec.ogg', NULL, NULL, NULL, 5, 3),
(1775, 'z0415_001000', '8c9a5087c2c646821b08e4f4958d9279.ogg', NULL, NULL, NULL, 5, 3),
(1776, 'z0415_001040', '797f115c1eea3602ab87955d75f76390.ogg', NULL, NULL, NULL, 5, 3),
(1777, 'z0415_001020', 'ba2289d37f329ebfbf9bc5a54528163c.ogg', NULL, NULL, NULL, 5, 3),
(1778, 'z0415_001060', 'ed668a48d56f58ba3e77185ea0ac189f.ogg', NULL, NULL, NULL, 5, 3),
(1779, 'z0415_001140', 'd30ddd92409940c03505498619b2384a.ogg', NULL, NULL, NULL, 5, 3),
(1780, 'z0415_001100', '9e315376e09c55e0a5036de9a6ccadcd.ogg', NULL, NULL, NULL, 5, 3),
(1781, 'z0415_001080', 'e6d4504daf08b9a3142a30236ff68fa1.ogg', NULL, NULL, NULL, 5, 3),
(1782, 'z0415_001200', '6d8eef3e4fa4e2c5366f07f4ad382c03.ogg', NULL, NULL, NULL, 5, 3),
(1783, 'z0415_001240', '3dd235da8436a0bec3ccbc7d2d3cbf46.ogg', NULL, NULL, NULL, 5, 3),
(1784, 'z0415_001160', '06c24d38281d8d9a655d6e73841929df.ogg', NULL, NULL, NULL, 5, 3),
(1785, 'z0415_001120', '77d3ff9adf41a4538890f26954f10da5.ogg', NULL, NULL, NULL, 5, 3),
(1786, 'z0415_001220', '81a9e97f1817ef79105a1b466f67934e.ogg', NULL, NULL, NULL, 5, 3),
(1787, 'z0415_001180', 'ad1dd30a2503387dab8fc0924587c8c2.ogg', NULL, NULL, NULL, 5, 3),
(1788, 'z0415_001280', 'ddf4601ce1bb0c8f724dd08cc70596e0.ogg', NULL, NULL, NULL, 5, 3),
(1789, 'z0415_001360', '11d2c4f2fa2179f1497bc50a76d3fd58.ogg', NULL, NULL, NULL, 5, 3),
(1790, 'z0415_001260', '7ed750f4e79e5b86b7087ddaf7f25410.ogg', NULL, NULL, NULL, 5, 3),
(1791, 'z0415_001340', '07e9f603f8349672484210dd05ffe8a6.ogg', NULL, NULL, NULL, 5, 3),
(1792, 'z0415_001380', 'ac1055ee2084ab1e2b2870e1e1137aa1.ogg', NULL, NULL, NULL, 5, 3),
(1793, 'z0415_001400', 'b394a6a7dbcfca59b68f4107cd7ba486.ogg', NULL, NULL, NULL, 5, 3),
(1794, 'z0415_001300', 'd97a01a72a1448ee589b9ef0eb2d535d.ogg', NULL, NULL, NULL, 5, 3),
(1795, 'z0415_001460', 'b7c672d8ec2ca33c9e2e10d5638b63b4.ogg', NULL, NULL, NULL, 5, 3),
(1796, 'z0415_001420', '6e52cad8633eea658f77760c374dd73d.ogg', NULL, NULL, NULL, 5, 3),
(1797, 'z0415_001320', 'b6e4e5a621394e6981662b5599a75381.ogg', NULL, NULL, NULL, 5, 3),
(1798, 'z0415_001500', '86ae25d38519be0d2e46cb2fbe543516.ogg', NULL, NULL, NULL, 5, 3),
(1799, 'z0415_001480', '75d1769ecf13cf97e80bb67c0beb2999.ogg', NULL, NULL, NULL, 5, 3),
(1800, 'z0414_000060', 'f0a825ad840f6044a6c83b14599747ae.ogg', NULL, NULL, NULL, 5, 3),
(1801, 'z0414_000040', 'dcb9210734f63f14e496d5d5abef4b35.ogg', NULL, NULL, NULL, 5, 3),
(1802, 'z0414_000020', 'ff2d70b284094dec36b904a74d23c2fd.ogg', NULL, NULL, NULL, 5, 3),
(1803, 'z0415_001440', '72f6d25774695e2b2c9bfdf21f5c0456.ogg', NULL, NULL, NULL, 5, 3),
(1804, 'z0414_000000', '289e78da03c3d484abddae5e48cb0cce.ogg', NULL, NULL, NULL, 5, 3),
(1805, 'z0414_000080', '188e2210ca7278c40d4bb71e60da8c63.ogg', NULL, NULL, NULL, 5, 3),
(1806, 'black', '2f1be0803571d8f887084eb9a5722486.jpg', NULL, NULL, NULL, 2, 1),
(1807, 'living room', '930c3e708ee3b046d0e3a62cbadb4d83.jpg', NULL, NULL, NULL, 2, 1);

-- --------------------------------------------------------

--
-- Table structure for table `resourcetype`
--

CREATE TABLE IF NOT EXISTS `resourcetype` (
  `resourcetype_id` int(8) NOT NULL AUTO_INCREMENT,
  `name` varchar(32) COLLATE utf8_unicode_ci NOT NULL,
  PRIMARY KEY (`resourcetype_id`),
  KEY `resourcetype_id` (`resourcetype_id`)
) ENGINE=InnoDB  DEFAULT CHARSET=utf8 COLLATE=utf8_unicode_ci AUTO_INCREMENT=7 ;

--
-- Dumping data for table `resourcetype`
--

INSERT INTO `resourcetype` (`resourcetype_id`, `name`) VALUES
(1, 'sprite'),
(2, 'background image'),
(3, 'background music'),
(4, 'sound effect'),
(5, 'character voice'),
(6, 'video');

-- --------------------------------------------------------

--
-- Table structure for table `savedata`
--

CREATE TABLE IF NOT EXISTS `savedata` (
  `savedata_id` int(16) NOT NULL AUTO_INCREMENT,
  `save_date` datetime NOT NULL,
  `fk_line_id` int(16) NOT NULL,
  `fk_user_id` int(16) NOT NULL,
  `fk_savedatatype_id` int(8) NOT NULL,
  `fk_project_id` int(16) NOT NULL,
  PRIMARY KEY (`savedata_id`),
  KEY `savedata_id` (`savedata_id`),
  KEY `fk_line_id` (`fk_line_id`),
  KEY `fk_user_id` (`fk_user_id`),
  KEY `fk_savedatatype_id` (`fk_savedatatype_id`),
  KEY `fk_project_id` (`fk_project_id`)
) ENGINE=InnoDB  DEFAULT CHARSET=utf8 COLLATE=utf8_unicode_ci AUTO_INCREMENT=4 ;

--
-- Dumping data for table `savedata`
--

INSERT INTO `savedata` (`savedata_id`, `save_date`, `fk_line_id`, `fk_user_id`, `fk_savedatatype_id`, `fk_project_id`) VALUES
(1, '2015-05-28 22:51:24', 1, 2, 1, 1),
(2, '2015-06-02 11:58:13', 79, 2, 2, 2),
(3, '2015-06-02 13:39:48', 18, 2, 1, 2);

-- --------------------------------------------------------

--
-- Table structure for table `savedatatype`
--

CREATE TABLE IF NOT EXISTS `savedatatype` (
  `savedatatype_id` int(16) NOT NULL AUTO_INCREMENT,
  `name` varchar(32) COLLATE utf8_unicode_ci NOT NULL,
  PRIMARY KEY (`savedatatype_id`),
  KEY `savedatatype_id` (`savedatatype_id`)
) ENGINE=InnoDB  DEFAULT CHARSET=utf8 COLLATE=utf8_unicode_ci AUTO_INCREMENT=3 ;

--
-- Dumping data for table `savedatatype`
--

INSERT INTO `savedatatype` (`savedatatype_id`, `name`) VALUES
(1, 'normal'),
(2, 'quick');

-- --------------------------------------------------------

--
-- Table structure for table `sprite`
--

CREATE TABLE IF NOT EXISTS `sprite` (
  `sprite_id` int(16) NOT NULL AUTO_INCREMENT,
  `fk_resource_id` int(16) DEFAULT NULL,
  `position_x` int(16) DEFAULT NULL,
  `position_y` int(16) DEFAULT NULL,
  `position_z` int(16) DEFAULT NULL,
  `fk_effect_id` int(8) DEFAULT NULL,
  `fk_line_id` int(16) NOT NULL,
  PRIMARY KEY (`sprite_id`),
  KEY `sprite_id` (`sprite_id`),
  KEY `fk_resource_id` (`fk_resource_id`),
  KEY `fk_effect_id` (`fk_effect_id`),
  KEY `fk_line_id` (`fk_line_id`)
) ENGINE=InnoDB  DEFAULT CHARSET=utf8 COLLATE=utf8_unicode_ci AUTO_INCREMENT=281 ;

--
-- Dumping data for table `sprite`
--

INSERT INTO `sprite` (`sprite_id`, `fk_resource_id`, `position_x`, `position_y`, `position_z`, `fk_effect_id`, `fk_line_id`) VALUES
(1, 26, 0, 0, 0, NULL, 1),
(2, 26, 0, 0, 0, NULL, 2),
(3, 1, 4, 1, 0, 6, 2),
(4, 27, 0, 0, 0, 7, 3),
(5, 1, 4, 1, 0, NULL, 3),
(6, 1, 4, 1, 0, NULL, 4),
(7, 16, 0, 1, 0, NULL, 4),
(14, 1, 4, 1, 0, NULL, 9),
(15, 16, 0, 1, 0, NULL, 9),
(16, 11, 4, 1, 0, NULL, 10),
(17, 16, 0, 1, 0, NULL, 10),
(18, 1, 4, 1, 0, NULL, 11),
(19, 25, 0, 1, 0, NULL, 11),
(20, 11, 4, 1, 0, NULL, 12),
(21, 16, 0, 1, 0, NULL, 12),
(22, 3, 4, 1, 0, NULL, 15),
(23, 136, 2, 1, 0, NULL, 32),
(24, 87, 2, 1, 0, NULL, 33),
(25, 87, 4, 1, 0, NULL, 34),
(26, 136, 0, 1, 0, NULL, 34),
(27, 87, 4, 1, 0, NULL, 35),
(28, 136, 0, 1, 0, NULL, 35),
(29, 87, 4, 1, 0, NULL, 36),
(30, 140, 0, 1, 0, NULL, 36),
(31, 87, 4, 1, 0, NULL, 37),
(32, 140, 0, 1, 0, NULL, 37),
(33, 87, 4, 1, 0, NULL, 38),
(34, 136, 0, 1, 0, NULL, 38),
(35, 87, 4, 1, 0, NULL, 39),
(36, 136, 0, 1, 0, NULL, 39),
(37, 87, 4, 1, 0, NULL, 40),
(38, 136, 0, 1, 0, NULL, 40),
(39, 87, 4, 1, 0, NULL, 41),
(40, 136, 0, 1, 0, NULL, 41),
(41, 87, 4, 1, 0, NULL, 42),
(42, 136, 0, 1, 0, NULL, 42),
(43, 89, 4, 1, 0, NULL, 43),
(44, 136, 0, 1, 0, NULL, 43),
(45, 89, 4, 1, 0, NULL, 44),
(46, 143, 0, 1, 0, NULL, 44),
(47, 89, 4, 1, 0, NULL, 45),
(48, 143, 0, 1, 0, NULL, 45),
(49, 89, 4, 1, 0, NULL, 46),
(50, 140, 0, 1, 0, NULL, 46),
(51, 87, 4, 1, 0, NULL, 47),
(52, 140, 0, 1, 0, NULL, 47),
(53, 87, 4, 1, 0, NULL, 48),
(54, 143, 0, 1, 0, NULL, 48),
(55, 92, 4, 1, 0, NULL, 49),
(56, 143, 0, 1, 0, NULL, 49),
(57, 92, 4, 1, 0, NULL, 50),
(58, 140, 0, 1, 0, NULL, 50),
(59, 87, 4, 1, 0, NULL, 51),
(60, 140, 0, 1, 0, NULL, 51),
(61, 87, 4, 1, 0, NULL, 52),
(62, 136, 0, 1, 0, NULL, 52),
(63, 87, 4, 1, 0, NULL, 53),
(64, 136, 0, 1, 0, NULL, 53),
(65, 87, 4, 1, 0, NULL, 54),
(66, 143, 0, 1, 0, NULL, 54),
(67, 89, 4, 1, 0, NULL, 55),
(68, 143, 0, 1, 0, NULL, 55),
(69, 89, 4, 1, 0, NULL, 56),
(70, 140, 0, 1, 0, NULL, 56),
(71, 87, 4, 1, 0, NULL, 57),
(72, 140, 0, 1, 0, NULL, 57),
(73, 87, 4, 1, 0, NULL, 58),
(74, 136, 0, 1, 0, NULL, 58),
(75, 87, 4, 1, 0, NULL, 59),
(76, 136, 0, 1, 0, NULL, 59),
(77, 87, 4, 1, 0, NULL, 60),
(78, 143, 0, 1, 0, NULL, 60),
(79, 87, 4, 1, 0, NULL, 61),
(80, 143, 0, 1, 0, NULL, 61),
(81, 87, 4, 1, 0, NULL, 62),
(82, 143, 0, 1, 0, NULL, 62),
(83, 87, 4, 1, 0, NULL, 63),
(84, 140, 0, 1, 0, NULL, 63),
(85, 87, 4, 1, 0, NULL, 65),
(86, 140, 0, 1, 0, NULL, 65),
(87, 87, 4, 1, 0, NULL, 66),
(88, 140, 0, 1, 0, NULL, 66),
(89, 87, 4, 1, 0, NULL, 67),
(90, 143, 0, 1, 0, NULL, 67),
(91, 92, 4, 1, 0, NULL, 68),
(92, 143, 0, 1, 0, NULL, 68),
(93, 92, 4, 1, 0, NULL, 69),
(94, 136, 0, 1, 0, NULL, 69),
(95, 89, 4, 1, 0, NULL, 70),
(96, 136, 0, 1, 0, NULL, 70),
(97, 89, 4, 1, 0, NULL, 71),
(98, 140, 0, 1, 0, NULL, 71),
(99, 87, 4, 1, 0, NULL, 72),
(100, 140, 0, 1, 0, NULL, 72),
(101, 87, 4, 1, 0, NULL, 73),
(102, 136, 0, 1, 0, NULL, 73),
(103, 95, 4, 1, 0, NULL, 74),
(104, 136, 0, 1, 0, NULL, 74),
(105, 95, 4, 1, 0, NULL, 75),
(106, 140, 0, 1, 0, NULL, 75),
(107, 87, 4, 1, 0, NULL, 76),
(108, 140, 0, 1, 0, NULL, 76),
(109, 87, 4, 1, 0, NULL, 77),
(110, 140, 0, 1, 0, NULL, 77),
(111, 87, 4, 1, 0, NULL, 79),
(112, 140, 0, 1, 0, NULL, 79),
(113, 87, 4, 1, 0, NULL, 80),
(114, 144, 0, 1, 0, NULL, 80),
(115, 87, 4, 1, 0, NULL, 81),
(116, 144, 0, 1, 0, NULL, 81),
(117, 87, 4, 1, 0, NULL, 82),
(118, 143, 0, 1, 0, NULL, 82),
(119, 89, 4, 1, 0, NULL, 83),
(120, 143, 0, 1, 0, NULL, 83),
(121, 89, 4, 1, 0, NULL, 84),
(122, 143, 0, 1, 0, NULL, 84),
(123, 87, 4, 1, 0, NULL, 85),
(124, 143, 0, 1, 0, NULL, 85),
(125, 87, 4, 1, 0, NULL, 86),
(126, 143, 0, 1, 0, NULL, 86),
(127, 87, 4, 1, 0, NULL, 87),
(128, 143, 0, 1, 0, NULL, 87),
(129, 87, 4, 1, 0, NULL, 88),
(130, 143, 0, 1, 0, NULL, 88),
(131, 92, 4, 1, 0, NULL, 89),
(132, 143, 0, 1, 0, NULL, 89),
(133, 92, 4, 1, 0, NULL, 90),
(134, 143, 0, 1, 0, NULL, 90),
(135, 92, 4, 1, 0, NULL, 91),
(136, 143, 0, 1, 0, NULL, 91),
(137, 92, 4, 1, 0, NULL, 92),
(138, 143, 0, 1, 0, NULL, 92),
(139, 95, 4, 1, 0, NULL, 93),
(140, 143, 0, 1, 0, NULL, 93),
(141, 95, 4, 1, 0, NULL, 94),
(142, 144, 0, 1, 0, NULL, 94),
(145, 113, 2, 1, 0, NULL, 98),
(147, 120, 2, 1, 0, NULL, 103),
(148, 120, 2, 1, 0, NULL, 104),
(149, 87, 4, 1, 0, NULL, 106),
(150, 136, 0, 1, 0, NULL, 106),
(151, 87, 4, 1, 0, NULL, 107),
(152, 136, 0, 1, 0, NULL, 107),
(153, 87, 4, 1, 0, NULL, 108),
(154, 140, 0, 1, 0, NULL, 108),
(155, 92, 4, 1, 0, NULL, 109),
(156, 140, 0, 1, 0, NULL, 109),
(157, 92, 4, 1, 0, NULL, 110),
(158, 143, 0, 1, 0, NULL, 110),
(159, 87, 4, 1, 0, NULL, 111),
(160, 143, 0, 1, 0, NULL, 111),
(161, 87, 4, 1, 0, NULL, 112),
(162, 143, 0, 1, 0, NULL, 112),
(163, 87, 4, 1, 0, NULL, 113),
(164, 143, 0, 1, 0, NULL, 113),
(165, 87, 4, 1, 0, 7, 114),
(166, 143, 0, 1, 0, NULL, 114),
(167, 143, 0, 1, 0, NULL, 115),
(168, 143, 2, 1, 0, NULL, 116),
(169, 142, 0, 0, 0, NULL, 117),
(170, 142, 0, 0, 0, NULL, 118),
(171, 142, 0, 0, 0, NULL, 119),
(172, 87, 2, 1, 0, NULL, 124),
(173, 92, 2, 1, 0, NULL, 125),
(174, 85, 2, 1, 0, NULL, 128),
(175, 80, 2, 1, 0, NULL, 132),
(176, 79, 2, 1, 0, NULL, 133),
(177, 79, 2, 1, 0, NULL, 134),
(178, 81, 0, 0, 0, NULL, 135),
(179, 113, 2, 1, 0, NULL, 138),
(180, 143, 2, 1, 0, NULL, 139),
(181, 143, 0, 1, 0, NULL, 140),
(182, 115, 4, 1, 0, NULL, 140),
(183, 136, 0, 1, 0, NULL, 141),
(184, 115, 4, 1, 0, NULL, 141),
(185, 118, 2, 1, 0, NULL, 143),
(186, 143, 0, 1, 0, NULL, 144),
(187, 118, 4, 1, 0, NULL, 144),
(188, 80, 2, 1, 0, NULL, 147),
(190, 1, 4, 1, 0, NULL, 149),
(191, 25, 0, 1, 0, NULL, 15),
(192, 3, 4, 1, 0, NULL, 150),
(193, 18, 0, 1, 0, NULL, 150),
(194, 3, 4, 1, 0, NULL, 151),
(195, 18, 0, 1, 0, NULL, 151),
(196, 3, 4, 1, 0, NULL, 152),
(197, 16, 0, 1, 0, NULL, 152),
(198, 1, 4, 1, 0, NULL, 153),
(199, 16, 0, 1, 0, NULL, 153),
(200, 1, 4, 1, 0, NULL, 154),
(201, 23, 0, 1, 0, NULL, 154),
(202, 1, 4, 1, 0, NULL, 157),
(203, 23, 0, 1, 0, NULL, 157),
(204, 1, 4, 1, 0, NULL, 155),
(205, 23, 0, 1, 0, NULL, 155),
(206, 1, 4, 1, 0, NULL, 156),
(207, 23, 0, 1, 0, NULL, 156),
(208, 1, 4, 1, 0, NULL, 158),
(209, 25, 0, 1, 0, NULL, 158),
(210, 1, 4, 1, 0, NULL, 159),
(211, 25, 0, 1, 0, NULL, 159),
(212, 1, 4, 1, 0, NULL, 160),
(213, 16, 0, 1, 0, NULL, 160),
(214, 13, 4, 1, 0, NULL, 161),
(215, 16, 0, 1, 0, NULL, 161),
(216, 13, 4, 1, 0, NULL, 162),
(217, 23, 0, 1, 0, NULL, 162),
(218, 5, 4, 1, 0, NULL, 163),
(219, 23, 0, 1, 0, NULL, 163),
(220, 5, 4, 1, 0, NULL, 164),
(221, 23, 0, 1, 0, NULL, 164),
(222, 5, 4, 1, 0, NULL, 165),
(223, 23, 0, 1, 0, NULL, 165),
(224, 5, 4, 1, 0, NULL, 166),
(225, 23, 0, 1, 0, NULL, 166),
(226, 11, 4, 1, 0, NULL, 168),
(227, 23, 0, 1, 0, NULL, 168),
(228, 11, 4, 1, 0, NULL, 169),
(229, 17, 0, 1, 0, 5, 169),
(230, 1, 2, 1, 0, NULL, 170),
(231, 1, 2, 1, 0, NULL, 171),
(232, 6, 2, 1, 0, NULL, 173),
(233, 6, 2, 1, 0, NULL, 174),
(234, 14, 2, 1, 0, NULL, 175),
(235, 1, 0, 1, 0, NULL, 177),
(236, 26, 4, 0, 0, 6, 177),
(237, 5, 0, 1, 0, NULL, 178),
(238, 26, 4, 0, 0, 6, 178),
(239, 1, 0, 1, 0, NULL, 179),
(240, 30, 4, 0, 0, NULL, 179),
(241, 5, 0, 1, 0, NULL, 180),
(242, 30, 4, 0, 0, NULL, 180),
(243, 5, 0, 1, 0, NULL, 181),
(244, 26, 4, 0, 0, NULL, 181),
(245, 1, 0, 1, 0, NULL, 182),
(246, 26, 4, 0, 0, NULL, 182),
(247, 1, 0, 1, 0, NULL, 183),
(248, 26, 4, 0, 0, NULL, 183),
(249, 1, 0, 1, 0, NULL, 184),
(250, 26, 4, 0, 0, NULL, 184),
(251, 1, 0, 1, 0, NULL, 185),
(252, 26, 4, 0, 0, NULL, 185),
(253, 1, 0, 1, 0, NULL, 186),
(254, 26, 4, 0, 0, NULL, 186),
(255, 1, 0, 1, 0, NULL, 187),
(256, 31, 4, 0, 0, NULL, 187),
(257, 13, 0, 1, 0, NULL, 188),
(258, 31, 4, 0, 0, NULL, 188),
(259, 13, 0, 1, 0, NULL, 189),
(260, 26, 4, 0, 0, NULL, 189),
(261, 45, 2, 0, 0, NULL, 196),
(262, 13, 0, 1, 0, NULL, 190),
(263, 30, 4, 0, 0, NULL, 190),
(264, 45, 2, 0, 0, NULL, 198),
(265, 13, 0, 1, 0, NULL, 202),
(266, 30, 3, 0, 0, NULL, 202),
(267, 6, 0, 1, 0, NULL, 203),
(268, 30, 4, 0, 0, NULL, 203),
(269, 6, 0, 1, 0, NULL, 204),
(270, 30, 4, 0, 0, NULL, 204),
(271, 5, 0, 1, 0, NULL, 205),
(272, 30, 4, 0, 0, NULL, 205),
(273, 5, 0, 1, 0, NULL, 206),
(274, 27, 4, 0, 0, 5, 206),
(275, 5, 2, 1, 0, NULL, 207),
(276, 14, 2, 1, 0, NULL, 209),
(277, 42, 4, 2, 0, NULL, 218),
(278, 42, 4, 2, 0, NULL, 219),
(279, 42, 4, 2, 0, NULL, 220),
(280, 33, 0, 0, 0, NULL, 220);

-- --------------------------------------------------------

--
-- Table structure for table `user`
--

CREATE TABLE IF NOT EXISTS `user` (
  `user_id` int(16) NOT NULL AUTO_INCREMENT,
  `username` varchar(32) COLLATE utf8_unicode_ci NOT NULL,
  `password` char(255) COLLATE utf8_unicode_ci NOT NULL,
  `salt` char(255) COLLATE utf8_unicode_ci NOT NULL,
  `created_date` datetime NOT NULL,
  `updated_date` timestamp NOT NULL DEFAULT CURRENT_TIMESTAMP ON UPDATE CURRENT_TIMESTAMP,
  `fk_permission_id` int(8) NOT NULL,
  PRIMARY KEY (`user_id`),
  KEY `user_id` (`user_id`),
  KEY `fk_permission_id` (`fk_permission_id`)
) ENGINE=InnoDB  DEFAULT CHARSET=utf8 COLLATE=utf8_unicode_ci AUTO_INCREMENT=3 ;

--
-- Dumping data for table `user`
--

INSERT INTO `user` (`user_id`, `username`, `password`, `salt`, `created_date`, `updated_date`, `fk_permission_id`) VALUES
(1, 'admin', '$2a$07$53b701839a43b18214295O8FgSqSXBJWI8kMf8rpdQsRnKBST1lJC', '$2a$07$53b701839a43b18214295bcc44f969fdf2058704bd8ec2aa4077f6ac2b6697d596d9f30b27dc58face8911aff4cb10440d79f698669a8e43d4ec6071f19de965$', '2015-05-28 17:20:32', '2015-05-28 15:20:46', 1),
(2, 'fourleaves', '$2a$07$eedc5708261c69588b422uCfWdVFhlNd8PcobQLOt6c2OFyirkheq', '$2a$07$eedc5708261c69588b4223725e61fb59d222f13eec491c067d20bd2d0a627db73eb0eb8da4e9a591e508b53e5546bb27cde13cbb60e40135a388da76d9f0c7ec$', '2015-05-28 17:32:42', '2015-05-28 15:32:42', 2);

--
-- Constraints for dumped tables
--

--
-- Constraints for table `choice`
--
ALTER TABLE `choice`
  ADD CONSTRAINT `choice_ibfk_1` FOREIGN KEY (`jumpto_line_id`) REFERENCES `line` (`line_id`) ON DELETE CASCADE ON UPDATE NO ACTION,
  ADD CONSTRAINT `choice_ibfk_2` FOREIGN KEY (`fk_line_id`) REFERENCES `line` (`line_id`) ON DELETE CASCADE ON UPDATE NO ACTION;

--
-- Constraints for table `configuration`
--
ALTER TABLE `configuration`
  ADD CONSTRAINT `configuration_ibfk_1` FOREIGN KEY (`fk_fonttype_id`) REFERENCES `fonttype` (`fonttype_id`) ON UPDATE NO ACTION,
  ADD CONSTRAINT `configuration_ibfk_2` FOREIGN KEY (`fk_user_id`) REFERENCES `user` (`user_id`) ON DELETE CASCADE ON UPDATE NO ACTION,
  ADD CONSTRAINT `configuration_ibfk_3` FOREIGN KEY (`fk_project_id`) REFERENCES `project` (`project_id`) ON DELETE CASCADE ON UPDATE NO ACTION;

--
-- Constraints for table `line`
--
ALTER TABLE `line`
  ADD CONSTRAINT `line_ibfk_1` FOREIGN KEY (`jumpto_line_id`) REFERENCES `line` (`line_id`) ON DELETE CASCADE ON UPDATE NO ACTION,
  ADD CONSTRAINT `line_ibfk_2` FOREIGN KEY (`fk_linetype_id`) REFERENCES `linetype` (`linetype_id`) ON UPDATE NO ACTION,
  ADD CONSTRAINT `line_ibfk_3` FOREIGN KEY (`fk_project_id`) REFERENCES `project` (`project_id`) ON DELETE CASCADE ON UPDATE NO ACTION;

--
-- Constraints for table `lineres`
--
ALTER TABLE `lineres`
  ADD CONSTRAINT `lineres_ibfk_1` FOREIGN KEY (`fk_resource_id`) REFERENCES `resource` (`resource_id`) ON DELETE CASCADE ON UPDATE NO ACTION,
  ADD CONSTRAINT `lineres_ibfk_2` FOREIGN KEY (`fk_line_id`) REFERENCES `line` (`line_id`) ON DELETE CASCADE ON UPDATE NO ACTION;

--
-- Constraints for table `project`
--
ALTER TABLE `project`
  ADD CONSTRAINT `project_ibfk_1` FOREIGN KEY (`fk_user_id`) REFERENCES `user` (`user_id`) ON DELETE CASCADE ON UPDATE NO ACTION,
  ADD CONSTRAINT `project_ibfk_2` FOREIGN KEY (`fk_projectstatus_id`) REFERENCES `projectstatus` (`projectstatus_id`) ON UPDATE NO ACTION;

--
-- Constraints for table `resource`
--
ALTER TABLE `resource`
  ADD CONSTRAINT `resource_ibfk_1` FOREIGN KEY (`fk_resourcetype_id`) REFERENCES `resourcetype` (`resourcetype_id`) ON UPDATE NO ACTION,
  ADD CONSTRAINT `resource_ibfk_2` FOREIGN KEY (`fk_project_id`) REFERENCES `project` (`project_id`) ON DELETE CASCADE ON UPDATE NO ACTION;

--
-- Constraints for table `savedata`
--
ALTER TABLE `savedata`
  ADD CONSTRAINT `savedata_ibfk_1` FOREIGN KEY (`fk_line_id`) REFERENCES `line` (`line_id`) ON DELETE CASCADE ON UPDATE NO ACTION,
  ADD CONSTRAINT `savedata_ibfk_2` FOREIGN KEY (`fk_user_id`) REFERENCES `user` (`user_id`) ON DELETE CASCADE ON UPDATE NO ACTION,
  ADD CONSTRAINT `savedata_ibfk_3` FOREIGN KEY (`fk_savedatatype_id`) REFERENCES `savedatatype` (`savedatatype_id`) ON UPDATE NO ACTION,
  ADD CONSTRAINT `savedata_ibfk_4` FOREIGN KEY (`fk_project_id`) REFERENCES `project` (`project_id`) ON DELETE CASCADE ON UPDATE NO ACTION;

--
-- Constraints for table `sprite`
--
ALTER TABLE `sprite`
  ADD CONSTRAINT `sprite_ibfk_1` FOREIGN KEY (`fk_resource_id`) REFERENCES `resource` (`resource_id`) ON DELETE CASCADE,
  ADD CONSTRAINT `sprite_ibfk_2` FOREIGN KEY (`fk_effect_id`) REFERENCES `effect` (`effect_id`),
  ADD CONSTRAINT `sprite_ibfk_3` FOREIGN KEY (`fk_line_id`) REFERENCES `line` (`line_id`) ON DELETE CASCADE;

--
-- Constraints for table `user`
--
ALTER TABLE `user`
  ADD CONSTRAINT `user_ibfk_1` FOREIGN KEY (`fk_permission_id`) REFERENCES `permission` (`permission_id`);

/*!40101 SET CHARACTER_SET_CLIENT=@OLD_CHARACTER_SET_CLIENT */;
/*!40101 SET CHARACTER_SET_RESULTS=@OLD_CHARACTER_SET_RESULTS */;
/*!40101 SET COLLATION_CONNECTION=@OLD_COLLATION_CONNECTION */;
