-- phpMyAdmin SQL Dump
-- version 3.5.2.2
-- http://www.phpmyadmin.net
--
-- Host: 127.0.0.1
-- Generation Time: Jun 02, 2015 at 10:44 PM
-- Server version: 5.5.27
-- PHP Version: 5.4.7

SET SQL_MODE="NO_AUTO_VALUE_ON_ZERO";
SET time_zone = "+00:00";


/*!40101 SET @OLD_CHARACTER_SET_CLIENT=@@CHARACTER_SET_CLIENT */;
/*!40101 SET @OLD_CHARACTER_SET_RESULTS=@@CHARACTER_SET_RESULTS */;
/*!40101 SET @OLD_COLLATION_CONNECTION=@@COLLATION_CONNECTION */;
/*!40101 SET NAMES utf8 */;

--
-- Database: `cast`
--

-- --------------------------------------------------------

--
-- Table structure for table `choice`
--

CREATE TABLE IF NOT EXISTS `choice` (
  `choice_id` int(16) NOT NULL AUTO_INCREMENT,
  `content` varchar(64) COLLATE utf8_unicode_ci NOT NULL,
  `jumpto_line_id` int(16) DEFAULT NULL,
  `fk_line_id` int(16) NOT NULL,
  PRIMARY KEY (`choice_id`),
  KEY `choice_id` (`choice_id`),
  KEY `jumpto_line_id` (`jumpto_line_id`),
  KEY `fk_line_id` (`fk_line_id`)
) ENGINE=InnoDB  DEFAULT CHARSET=utf8 COLLATE=utf8_unicode_ci AUTO_INCREMENT=7 ;

--
-- Dumping data for table `choice`
--

INSERT INTO `choice` (`choice_id`, `content`, `jumpto_line_id`, `fk_line_id`) VALUES
(1, 'Yes', 10, 8),
(2, 'Why do you ask?', 9, 8),
(3, 'Visit the person you always go to.', NULL, 19),
(4, 'Visit someone else for a change.', 121, 19),
(5, 'Think together.', NULL, 78),
(6, 'Propose something.', 106, 78);

-- --------------------------------------------------------

--
-- Table structure for table `configuration`
--

CREATE TABLE IF NOT EXISTS `configuration` (
  `configuration_id` int(16) NOT NULL AUTO_INCREMENT,
  `fk_fonttype_id` int(8) NOT NULL,
  `text_speed` int(16) NOT NULL COMMENT 'delay per character',
  `bgm_volume` float NOT NULL,
  `voice_volume` float NOT NULL,
  `sfx_volume` float NOT NULL,
  `fk_user_id` int(16) NOT NULL,
  `fk_project_id` int(16) NOT NULL,
  PRIMARY KEY (`configuration_id`),
  KEY `configuration_id` (`configuration_id`),
  KEY `fk_fonttype_id` (`fk_fonttype_id`),
  KEY `fk_user_id` (`fk_user_id`),
  KEY `fk_project_id` (`fk_project_id`)
) ENGINE=InnoDB  DEFAULT CHARSET=utf8 COLLATE=utf8_unicode_ci AUTO_INCREMENT=2 ;

--
-- Dumping data for table `configuration`
--

INSERT INTO `configuration` (`configuration_id`, `fk_fonttype_id`, `text_speed`, `bgm_volume`, `voice_volume`, `sfx_volume`, `fk_user_id`, `fk_project_id`) VALUES
(1, 4, 1, 1, 1, 1, 2, 1);

-- --------------------------------------------------------

--
-- Table structure for table `effect`
--

CREATE TABLE IF NOT EXISTS `effect` (
  `effect_id` int(16) NOT NULL AUTO_INCREMENT,
  `name` varchar(32) COLLATE utf8_unicode_ci NOT NULL,
  PRIMARY KEY (`effect_id`),
  KEY `effect_id` (`effect_id`)
) ENGINE=InnoDB  DEFAULT CHARSET=utf8 COLLATE=utf8_unicode_ci AUTO_INCREMENT=12 ;

--
-- Dumping data for table `effect`
--

INSERT INTO `effect` (`effect_id`, `name`) VALUES
(1, 'no effect'),
(2, 'fade in (default)'),
(3, 'fade out (default)'),
(4, 'move in from left'),
(5, 'move out to left'),
(6, 'move in from right'),
(7, 'move out to right'),
(8, 'move in from above'),
(9, 'move out to above'),
(10, 'move in from below'),
(11, 'move out to below');

-- --------------------------------------------------------

--
-- Table structure for table `fonttype`
--

CREATE TABLE IF NOT EXISTS `fonttype` (
  `fonttype_id` int(16) NOT NULL AUTO_INCREMENT,
  `name` varchar(32) COLLATE utf8_unicode_ci NOT NULL,
  PRIMARY KEY (`fonttype_id`),
  KEY `fonttype_id` (`fonttype_id`)
) ENGINE=InnoDB  DEFAULT CHARSET=utf8 COLLATE=utf8_unicode_ci AUTO_INCREMENT=8 ;

--
-- Dumping data for table `fonttype`
--

INSERT INTO `fonttype` (`fonttype_id`, `name`) VALUES
(1, 'Arial'),
(2, 'Helvetica'),
(3, 'Times New Roman'),
(4, 'MS UI Gothic'),
(5, 'Verdana'),
(6, 'Tahoma'),
(7, 'Comic Sans MS');

-- --------------------------------------------------------

--
-- Table structure for table `line`
--

CREATE TABLE IF NOT EXISTS `line` (
  `line_id` int(16) NOT NULL AUTO_INCREMENT,
  `sequence` int(16) NOT NULL,
  `label` varchar(32) COLLATE utf8_unicode_ci DEFAULT NULL,
  `speaker` varchar(32) COLLATE utf8_unicode_ci DEFAULT NULL,
  `content` varchar(256) COLLATE utf8_unicode_ci DEFAULT NULL,
  `jumpto_line_id` int(11) DEFAULT NULL,
  `fk_linetype_id` int(8) NOT NULL,
  `fk_project_id` int(16) NOT NULL,
  PRIMARY KEY (`line_id`),
  KEY `line_id` (`line_id`),
  KEY `jumpto_line_id` (`jumpto_line_id`),
  KEY `fk_linetype_id` (`fk_linetype_id`),
  KEY `fk_project_id` (`fk_project_id`)
) ENGINE=InnoDB  DEFAULT CHARSET=utf8 COLLATE=utf8_unicode_ci AUTO_INCREMENT=148 ;

--
-- Dumping data for table `line`
--

INSERT INTO `line` (`line_id`, `sequence`, `label`, `speaker`, `content`, `jumpto_line_id`, `fk_linetype_id`, `fk_project_id`) VALUES
(1, 1, 'first line', 'Gentleman', 'Look here, boy, can you hold my horse a few minutes?', NULL, 1, 1),
(2, 2, NULL, 'Jack', 'Yes, sir, I''ll hold him as long as you like.', NULL, 1, 1),
(3, 3, NULL, 'Gentleman', 'All right! I''m going in at No. 39; I won''t be long.', NULL, 1, 1),
(4, 4, NULL, 'Frank', 'Have you set up a carriage, Jack?', NULL, 1, 1),
(8, 5, NULL, NULL, NULL, NULL, 2, 1),
(9, 6, 'asking answer', 'Frank', 'No real reason, just curious', 11, 1, 1),
(10, 7, 'yes answer', 'Jack', 'but it ain''t for long. I shall set down again pretty soon.', 11, 1, 1),
(11, 9, 'continue', 'Frank', 'I thought your grandmother had left you a fortune, and you had set up a team.', NULL, 1, 1),
(12, 8, NULL, 'Jack', 'No such good news. It belongs to a gentleman that''s inside.', NULL, 1, 1),
(13, 10, NULL, NULL, NULL, NULL, 3, 1),
(15, 11, NULL, 'Jack', '...', NULL, 1, 1),
(16, 12, NULL, NULL, NULL, NULL, 4, 1),
(17, 1, NULL, 'Aya', 'There''s no good material at all. Ah, hello everyone, it''s your pure and honest Shameimaru!\nI''ve been called disgusting and annoying recently, so I want to improve my mood.', NULL, 1, 2),
(18, 2, NULL, 'Aya', 'Writing about danmaku fights between various people would be too ordinary and there aren''t any big incidents. What so I do?', NULL, 1, 2),
(19, 3, NULL, NULL, NULL, NULL, 2, 2),
(20, 4, 'first branch', 'Aya', 'This time let''s try going to that place that is always in the centre of attention to collect some material and fight boredom...', NULL, 1, 2),
(21, 5, NULL, NULL, '............', NULL, 1, 2),
(22, 6, NULL, 'Reimu', 'Ah... I wish I had money...', NULL, 1, 2),
(23, 7, NULL, 'Reimu', 'Of course... or perhaps needless to say... I don''t have it! I have less money than anyone in Gensokyo!... Money! Yen... Dollars! Not even the smallest banknote! I have nothing.', NULL, 1, 2),
(24, 8, NULL, 'Aya', 'Miss Reimu!', NULL, 1, 2),
(25, 9, NULL, 'Reimu', 'I don''t know if Marisa got the idea from her burglar friends or pulled it out of nowhere, but no matter how loud she tells me, there''s no such thing as hidden Hakurei Tresures!', NULL, 1, 2),
(26, 10, NULL, 'Aya', 'Ehm... Miss Reimu?...', NULL, 1, 2),
(27, 11, NULL, 'Reimu', 'I recently felt bad about the donation box only standing near my shrine, so I took it Underground, to Hell, Springs and other places.', NULL, 1, 2),
(28, 12, NULL, 'Reimu', 'I got about 50 pieces. It''s not like I couldn''t move it. Basically, donation income slacks as well.', NULL, 1, 2),
(29, 13, NULL, 'Aya', 'Miss Reimu...', NULL, 1, 2),
(30, 14, NULL, 'Reimu', 'Fool! There''s nothing in there... Nothing at all!...', NULL, 1, 2),
(31, 15, NULL, 'Aya', 'Miss Re-eimu!', NULL, 1, 2),
(32, 16, NULL, 'Reimu', '...Hm? Woah! You were here? If you are here, then say that you are!', NULL, 1, 2),
(33, 17, NULL, 'Aya', 'Aside from that... What were you doing just...', NULL, 1, 2),
(34, 18, NULL, 'Reimu', 'Traditional Hakurei prayers for money accumulation', NULL, 1, 2),
(35, 19, NULL, 'Aya', 'They don''t seem to work, though.', NULL, 1, 2),
(36, 20, NULL, 'Reimu', 'I have a feeling they squeeze money out instead of bringing it.', NULL, 1, 2),
(37, 21, NULL, 'Aya', 'Ah... I thought that this game suddenly took a change in direction.', NULL, 1, 2),
(38, 22, NULL, 'Reimu', 'What do you mean? "this game"?', NULL, 1, 2),
(39, 23, NULL, 'Aya', 'Just talking to myself.', NULL, 1, 2),
(40, 24, NULL, 'Reimu', 'By the way, it''s a rare sight for you to come.', NULL, 1, 2),
(41, 25, NULL, 'Aya', 'I thought I could come ask you a few things.', NULL, 1, 2),
(42, 26, NULL, 'Reimu', 'I don''t think I have anything to tell that you could use for your newspaper. There''s just sweeping and boredom here.', NULL, 1, 2),
(43, 27, NULL, 'Aya', 'Well then, I''m going to take off my underwear and go make new material that way, is that alright?', NULL, 1, 2),
(44, 28, NULL, 'Reimu', 'It''s not alright! Why do you start telling such shocking stuff all of a sudden?', NULL, 1, 2),
(45, 29, NULL, 'Aya', 'I''m not as bad as you think. After all, I''m pure and honest.', NULL, 1, 2),
(46, 30, NULL, 'Reimu', 'Just where the hell ARE you pure?', NULL, 1, 2),
(47, 31, NULL, 'Aya', 'Well, let me take off my skirt and I''ll show you.', NULL, 1, 2),
(48, 32, NULL, 'Reimu', 'Put that back on!...Actually, put everything back on! This game is for all ages!', NULL, 1, 2),
(49, 33, NULL, 'Aya', 'I''m kidding. There clothes are my body hair.', NULL, 1, 2),
(50, 34, NULL, 'Reimu', 'Not that''s gross... So, why did you come?', NULL, 1, 2),
(51, 35, NULL, 'Aya', 'I thought that something interesting may have happened.', NULL, 1, 2),
(52, 36, NULL, 'Reimu', 'Nothing happened. I swept, I drank tea, I peeked into the donation box, I ate, I slept. And that''s enough for me.', NULL, 1, 2),
(53, 37, NULL, 'Aya', 'If nothing intriguing happens, I won''t have anything to write in my newspaper.', NULL, 1, 2),
(54, 38, NULL, 'Reimu', 'Then don''t!', NULL, 1, 2),
(55, 39, NULL, 'Aya', 'If there''s nothing to report, I''m going to just think articles up and that;s where my era truly beings.', NULL, 1, 2),
(56, 40, NULL, 'Reimu', 'You''re a helpless bastard, aren''t you?', NULL, 1, 2),
(57, 41, NULL, 'Aya', 'Thank you.', NULL, 1, 2),
(58, 42, NULL, 'Reimu', 'If you can''t get wnough materials here, aren''t there many other places you could try? How about visiting those mountain guys? Can''t you get enough materials there?', NULL, 1, 2),
(59, 43, NULL, 'Aya', 'Moriya residents wanted to drive the local Maglev train, so they shouted something like "We''re going to our home country to protest! Don''t stop, both of you!" and they left the world in high spirits.', NULL, 1, 2),
(60, 44, NULL, 'Reimu', 'If they pass through the border this light-heartedly it could be a problem... Or maybe the problem could be that Sanae was also eager to do it.', NULL, 1, 2),
(61, 45, NULL, 'Aya', 'She''s keeping up with times, you know. The gods on the other hand went "Aa Uuu!! Go slower, Iron Box! Aaa Uuu.".', NULL, 1, 2),
(62, 46, NULL, 'Aya', '"The Big Ground is going to hit us!" and "O, o, o! ON- stick!", so they showed they have no idea how it worked.', NULL, 1, 2),
(63, 47, NULL, 'Reimu', 'Fine then, but why don''t you just stop making the newspaper for some time? This should be easy, it''s not like you''re making money with it right?', NULL, 1, 2),
(64, 49, NULL, 'Reimu', 'Eh? "Uffufufufu, as expected, Korindo has a lot of glasses" - wait, has Rinnosuke finally gone insane?', NULL, 1, 2),
(65, 48, NULL, 'Aya', 'To begin with, I actually did start an advertisement column. This is newspaper printed the other day. The ad column is in the frame below.', NULL, 1, 2),
(66, 50, NULL, 'Aya', 'Yes, that''s it. Kourindo doesn''t sell glasses in the first place.', NULL, 1, 2),
(67, 51, NULL, 'Reimu', 'That''s not what I meant! So, how much did you get for this strange message from this Mr.Uffufufu?', NULL, 1, 2),
(68, 52, NULL, 'Aya', 'He subscribed to my newspaper, that''s enough for me.', NULL, 1, 2),
(69, 53, NULL, 'Reimu', 'For a reporter, you sure have a strange priorities in your mind...', NULL, 1, 2),
(70, 54, NULL, 'Aya', 'Ayayayayayayayaya.', NULL, 1, 2),
(71, 55, NULL, 'Reimu', 'What''s up with this reaction?...', NULL, 1, 2),
(72, 56, NULL, 'Aya', 'To have your work seen by people, to have them being touch by it, to have them become happy is a great feeling. That feeling alone is enough to make the effort worthy.', NULL, 1, 2),
(73, 57, NULL, 'Reimu', 'It''s strange for you to say such good word''s even though your newspaper is mostly filled with peeping photos.', NULL, 1, 2),
(74, 58, NULL, 'Aya', 'Yeah, yeah, want to act all smug?', NULL, 1, 2),
(75, 59, NULL, 'Reimu', 'I''m not trying to be smug here...', NULL, 1, 2),
(76, 60, NULL, 'Aya', 'Anyway, aren''t any refreshing, shocking, intriguing or nonsensical ideas running through your head?', NULL, 1, 2),
(77, 62, 'think together', 'Reimu', 'I can give you an idea, but give me something for it first.', NULL, 1, 2),
(78, 61, NULL, NULL, NULL, NULL, 2, 2),
(79, 63, NULL, 'Aya', 'I''ll give you Special Tengu Chestnut Bean Paste', NULL, 1, 2),
(80, 64, NULL, 'Reimu', 'What?! With that I won''t starve for 3 months!', NULL, 1, 2),
(81, 65, NULL, 'Aya', 'It''s good to be well-fd, isn''t it?', NULL, 1, 2),
(82, 66, NULL, 'Reimu', 'Let''s start. Hey, you! You worthless!', NULL, 1, 2),
(83, 67, NULL, 'Aya', 'Who?', NULL, 1, 2),
(84, 68, NULL, 'Reimu', 'I''m taling to you! you can''t make a newspaper from just photos and imaginary articles!', NULL, 1, 2),
(85, 69, NULL, 'Aya', 'But I often get the impression I can make people laugh from them.', NULL, 1, 2),
(86, 70, NULL, 'Reimu', 'So you make people laugh and what next? Act more like a journalist, show your journalist spirit!', NULL, 1, 2),
(87, 71, NULL, 'Aya', 'If you''re going to say something like this right noe, you''re going to raise some bad flags...', NULL, 1, 2),
(88, 72, NULL, 'Reimu', 'There''s no turning back now!! Unleash the fury!', NULL, 1, 2),
(89, 73, NULL, 'Aya', 'Oh, so that''s it... That''s it, huh? I... I''ll do my best!', NULL, 1, 2),
(90, 74, NULL, 'Reimu', 'Once more, from the depth of your stomach!', NULL, 1, 2),
(91, 75, NULL, 'Aya', 'I''ll do my best!', NULL, 1, 2),
(92, 76, NULL, 'Reimu', 'This doesn''t reach at all! Stomach it! Put all you soul into it!', NULL, 1, 2),
(93, 77, NULL, 'Aya', 'I will try. I''ll be working on newspaper as hard as I can.', NULL, 1, 2),
(94, 78, NULL, 'Reimu', 'Okay, my contract period expires here!', NULL, 1, 2),
(96, 79, NULL, 'Aya', 'Uoooo...', NULL, 1, 2),
(97, 80, NULL, NULL, '.............', NULL, 1, 2),
(98, 81, NULL, 'Marisa', 'Oh, every time I come to htis shrine, it''s always hot. It''s always spring with those two around here.', NULL, 1, 2),
(99, 82, NULL, 'Reimu', 'Now, Aya!', NULL, 1, 2),
(100, 83, NULL, 'Aya', 'Shameimaru Smash!', NULL, 1, 2),
(101, 84, NULL, 'Reimu', 'Yes! Now you''ve really become a journalist star!', NULL, 1, 2),
(103, 85, NULL, 'Marisa', 'Whew! Keep going! And so, they lived happily ever after.', NULL, 1, 2),
(104, 86, NULL, NULL, NULL, NULL, 1, 2),
(105, 87, NULL, NULL, NULL, NULL, 4, 2),
(106, 88, 'propose something', 'Reimu', 'Why don''t we find someone who wants to post in your ad column?', NULL, 1, 2),
(107, 89, NULL, 'Aya', 'Oh I see. This way I can reduce the part I''d had to write myself.', NULL, 1, 2),
(108, 90, NULL, 'Reimu', 'I wonder if you really want to write an article in the first place...', NULL, 1, 2),
(109, 91, NULL, 'Aya', 'With this decided, I can quickly, rapidly and swiftly print the next one once I return.', NULL, 1, 2),
(110, 92, NULL, 'Reimu', 'Wait... Did you even listen to me? Why are you full of energy all of a sudden?', NULL, 1, 2),
(111, 93, NULL, 'Aya', 'I think I''ll try to have ads occupy half the space.', NULL, 1, 2),
(112, 94, NULL, 'Reimu', 'That''s too much! Don''t leave just half the space for your writing!', NULL, 1, 2),
(113, 95, NULL, 'Aya', 'No, the rest is for "Uffufufuffu".', NULL, 1, 2),
(114, 96, NULL, 'Reimu', 'That''s not even a newspaper anymore! Don''t you dare to print it! Don''t make more trash!', NULL, 1, 2),
(115, 97, NULL, 'Aya', 'Well then, I''ll be leaving now. If something interesting happens, I''ll be sure to let Miss Reimu know... ow... ow...', NULL, 1, 2),
(116, 98, NULL, 'Reimu', 'Hey, I said listen to me! And stop making this cheesy echo!', NULL, 1, 2),
(117, 99, NULL, 'Reimu', 'And give me my money for offering the idea!!!!', NULL, 1, 2),
(118, 100, NULL, NULL, '..............', NULL, 1, 2),
(119, 101, NULL, NULL, '(to be continued...)', NULL, 1, 2),
(120, 102, NULL, NULL, NULL, NULL, 4, 2),
(121, 103, 'second branch', 'Aya', 'Since I''m always writing mainly about Reimu and Marisa, let''s try to watch a different person once in a while.', NULL, 1, 2),
(122, 104, NULL, 'Aya', 'Let''s go to that person''s house and see!', NULL, 1, 2),
(123, 105, NULL, NULL, '.............', NULL, 1, 2),
(124, 106, NULL, 'Aya', 'As you know, this is the house of Alice the puppeteer. Speaking of which, I wonder whom I''m speaking to all this time?', NULL, 1, 2),
(125, 107, NULL, 'Aya', 'Anyway, let''s casually walk inside and see what''s going on.', NULL, 1, 2),
(126, 108, NULL, NULL, '.............', NULL, 1, 2),
(127, 109, NULL, 'Aya', 'Ah.. What could... it be?...', NULL, 1, 2),
(128, 110, NULL, 'Alice', 'MA-RI-SA-A-A-A-A-A-A!!!', NULL, 1, 2),
(129, 111, NULL, 'Shanghai', 'Sha-a-a-a-!! Uboa-a-a!', NULL, 1, 2),
(130, 112, NULL, 'Aya', 'Good old Alice... Attached Marisa''s phpto to her own dolls and then loves them with all her might.', NULL, 1, 2),
(131, 113, NULL, 'Aya', 'Quickly make a photo.', NULL, 1, 2),
(132, 114, NULL, 'Alice', 'MARISA-AAAA... WHAT THE !?', NULL, 1, 2),
(133, 116, NULL, 'Alice', 'Ah... It''s, it''s not what you think! I made fake Marisa''s to practice for the real thing!', NULL, 1, 2),
(134, 117, NULL, 'Aya', 'No, it totally IS what I think it is.', NULL, 1, 2),
(135, 118, NULL, 'Alice', 'Now that you''ve seen it... I''ll make you into a doll too!!', NULL, 1, 2),
(136, 119, NULL, 'Aya', 'Eh!? W-wait a s!... A-a-a-a-a-a-a.............................', NULL, 1, 2),
(137, 120, NULL, NULL, '.............', NULL, 1, 2),
(138, 121, NULL, 'Marisa', 'Hey, Reimu. I came to ask for tea and sweets again.', NULL, 1, 2),
(139, 122, NULL, 'Reimu', 'There''s no food for you here!', NULL, 1, 2),
(140, 123, NULL, 'Marisa', 'You''re as cruel as always.', NULL, 1, 2),
(141, 124, NULL, 'Reimu', 'Aside from that, look here.', NULL, 1, 2),
(142, 125, NULL, NULL, 'Last night, Crow Tengu Aya Shameimaru went missing. Ms Shameimaru went to look for newspaper material herself yesterday...', NULL, 1, 2),
(143, 126, NULL, 'Marisa', 'Wh-what''s this... There''s a TV set in this tattered shrine...', NULL, 1, 2),
(144, 127, NULL, 'Reimu', 'That''s not what I meant!', NULL, 1, 2),
(145, 128, NULL, NULL, NULL, NULL, 1, 2),
(146, 129, NULL, NULL, NULL, NULL, 4, 2),
(147, 115, NULL, 'Alice', 'Ah...', NULL, 1, 2);

-- --------------------------------------------------------

--
-- Table structure for table `lineres`
--

CREATE TABLE IF NOT EXISTS `lineres` (
  `fk_line_id` int(16) NOT NULL,
  `fk_resource_id` int(16) NOT NULL,
  KEY `fk_line_id` (`fk_line_id`),
  KEY `fk_resource_id` (`fk_resource_id`)
) ENGINE=InnoDB DEFAULT CHARSET=utf8 COLLATE=utf8_unicode_ci;

--
-- Dumping data for table `lineres`
--

INSERT INTO `lineres` (`fk_line_id`, `fk_resource_id`) VALUES
(1, 50),
(1, 51),
(1, 57),
(1, 70),
(2, 50),
(2, 51),
(2, 75),
(3, 50),
(3, 51),
(3, 72),
(4, 50),
(4, 51),
(4, 74),
(9, 50),
(9, 51),
(9, 73),
(10, 50),
(10, 51),
(10, 66),
(11, 50),
(11, 51),
(11, 68),
(12, 50),
(12, 51),
(12, 67),
(13, 76),
(15, 50),
(15, 51),
(15, 67),
(17, 175),
(17, 339),
(18, 175),
(18, 343),
(20, 175),
(20, 353),
(21, 966),
(22, 169),
(22, 185),
(22, 713),
(23, 169),
(23, 185),
(23, 714),
(24, 169),
(24, 185),
(24, 354),
(25, 169),
(25, 185),
(25, 715),
(26, 169),
(26, 185),
(26, 355),
(27, 169),
(27, 185),
(27, 716),
(28, 169),
(28, 185),
(29, 169),
(29, 185),
(29, 356),
(30, 169),
(30, 185),
(30, 717),
(31, 169),
(31, 185),
(31, 357),
(32, 169),
(32, 177),
(32, 718),
(33, 169),
(33, 177),
(33, 358),
(34, 169),
(34, 177),
(34, 719),
(35, 169),
(35, 177),
(35, 359),
(36, 169),
(36, 177),
(36, 720),
(37, 169),
(37, 177),
(37, 360),
(38, 169),
(38, 177),
(38, 721),
(39, 169),
(39, 177),
(39, 361),
(40, 169),
(40, 177),
(40, 722),
(41, 169),
(41, 177),
(41, 362),
(42, 169),
(42, 177),
(42, 723),
(43, 169),
(43, 177),
(43, 363),
(44, 169),
(44, 177),
(44, 271),
(44, 724),
(45, 169),
(45, 177),
(45, 364),
(46, 169),
(46, 177),
(46, 725),
(47, 169),
(47, 177),
(47, 365),
(48, 169),
(48, 177),
(48, 726),
(49, 169),
(49, 177),
(49, 366),
(50, 169),
(50, 177),
(50, 727),
(51, 169),
(51, 177),
(51, 367),
(52, 169),
(52, 177),
(52, 728),
(53, 169),
(53, 177),
(53, 368),
(54, 169),
(54, 177),
(54, 729),
(55, 169),
(55, 177),
(55, 369),
(56, 169),
(56, 177),
(56, 730),
(57, 169),
(57, 177),
(57, 370),
(58, 169),
(58, 177),
(58, 731),
(59, 169),
(59, 177),
(59, 371),
(60, 169),
(60, 177),
(60, 732),
(61, 169),
(61, 177),
(61, 372),
(62, 169),
(62, 177),
(63, 169),
(63, 177),
(63, 733),
(65, 169),
(65, 177),
(65, 373),
(64, 169),
(64, 177),
(64, 734),
(66, 169),
(66, 177),
(66, 374),
(67, 169),
(67, 177),
(67, 735),
(68, 169),
(68, 177),
(68, 375),
(69, 169),
(69, 177),
(69, 736),
(70, 169),
(70, 177),
(70, 376),
(71, 169),
(71, 177),
(71, 737),
(72, 169),
(72, 177),
(72, 377),
(73, 169),
(73, 177),
(73, 738),
(74, 169),
(74, 177),
(74, 378),
(75, 169),
(75, 177),
(75, 739),
(76, 169),
(76, 177),
(76, 379),
(77, 169),
(77, 177),
(77, 740),
(79, 169),
(79, 181),
(79, 380),
(80, 169),
(80, 181),
(80, 741),
(81, 169),
(81, 181),
(81, 381),
(82, 169),
(82, 181),
(82, 742),
(83, 169),
(83, 181),
(83, 382),
(84, 169),
(84, 181),
(84, 743),
(85, 169),
(85, 181),
(85, 383),
(86, 169),
(86, 181),
(86, 744),
(87, 169),
(87, 181),
(87, 384),
(88, 169),
(88, 181),
(88, 745),
(88, 969),
(89, 169),
(89, 181),
(89, 385),
(90, 169),
(90, 181),
(90, 746),
(91, 169),
(91, 181),
(91, 386),
(92, 169),
(92, 181),
(92, 747),
(93, 169),
(93, 181),
(93, 387),
(94, 169),
(94, 181),
(94, 748),
(96, 169),
(96, 181),
(96, 388),
(97, 966),
(97, 181),
(98, 169),
(98, 177),
(98, 557),
(99, 169),
(99, 177),
(99, 269),
(99, 749),
(100, 169),
(100, 177),
(100, 338),
(101, 169),
(101, 177),
(101, 750),
(103, 169),
(103, 177),
(103, 558),
(104, 975),
(104, 181),
(106, 169),
(106, 177),
(106, 751),
(107, 169),
(107, 177),
(107, 341),
(108, 169),
(108, 177),
(108, 752),
(109, 169),
(109, 177),
(109, 340),
(110, 169),
(110, 177),
(110, 753),
(111, 169),
(111, 177),
(112, 169),
(112, 177),
(112, 754),
(113, 169),
(113, 177),
(113, 981),
(111, 980),
(114, 169),
(114, 177),
(114, 755),
(115, 169),
(115, 177),
(115, 978),
(116, 169),
(116, 177),
(116, 756),
(117, 169),
(117, 177),
(117, 706),
(118, 966),
(119, 966),
(121, 175),
(121, 342),
(122, 175),
(122, 344),
(123, 966),
(124, 170),
(124, 182),
(124, 345),
(125, 170),
(125, 182),
(125, 346),
(126, 966),
(126, 182),
(127, 171),
(127, 182),
(127, 347),
(128, 171),
(128, 182),
(128, 287),
(129, 171),
(129, 182),
(129, 922),
(130, 171),
(130, 182),
(130, 348),
(131, 171),
(131, 182),
(131, 195),
(131, 349),
(132, 171),
(132, 182),
(132, 243),
(132, 292),
(133, 171),
(133, 182),
(133, 293),
(134, 171),
(134, 182),
(134, 351),
(135, 171),
(135, 182),
(135, 294),
(135, 1026),
(136, 171),
(136, 182),
(136, 352),
(137, 966),
(137, 182),
(138, 169),
(138, 181),
(138, 554),
(139, 169),
(139, 181),
(139, 710),
(140, 169),
(140, 181),
(140, 555),
(141, 169),
(141, 181),
(141, 711),
(142, 169),
(142, 181),
(142, 440),
(143, 169),
(143, 181),
(143, 556),
(143, 217),
(144, 169),
(144, 181),
(144, 967),
(144, 712),
(145, 1027),
(145, 181),
(147, 171),
(147, 182),
(147, 350);

-- --------------------------------------------------------

--
-- Table structure for table `linetype`
--

CREATE TABLE IF NOT EXISTS `linetype` (
  `linetype_id` int(8) NOT NULL AUTO_INCREMENT,
  `name` varchar(32) COLLATE utf8_unicode_ci NOT NULL,
  PRIMARY KEY (`linetype_id`),
  KEY `linetype_id` (`linetype_id`)
) ENGINE=InnoDB  DEFAULT CHARSET=utf8 COLLATE=utf8_unicode_ci AUTO_INCREMENT=5 ;

--
-- Dumping data for table `linetype`
--

INSERT INTO `linetype` (`linetype_id`, `name`) VALUES
(1, 'text'),
(2, 'choice'),
(3, 'video'),
(4, 'end');

-- --------------------------------------------------------

--
-- Table structure for table `permission`
--

CREATE TABLE IF NOT EXISTS `permission` (
  `permission_id` int(8) NOT NULL AUTO_INCREMENT,
  `name` varchar(32) COLLATE utf8_unicode_ci NOT NULL,
  PRIMARY KEY (`permission_id`),
  KEY `permission_id` (`permission_id`)
) ENGINE=InnoDB  DEFAULT CHARSET=utf8 COLLATE=utf8_unicode_ci AUTO_INCREMENT=3 ;

--
-- Dumping data for table `permission`
--

INSERT INTO `permission` (`permission_id`, `name`) VALUES
(1, 'administrator'),
(2, 'member');

-- --------------------------------------------------------

--
-- Table structure for table `project`
--

CREATE TABLE IF NOT EXISTS `project` (
  `project_id` int(16) NOT NULL AUTO_INCREMENT,
  `title` varchar(32) COLLATE utf8_unicode_ci NOT NULL,
  `description` varchar(512) COLLATE utf8_unicode_ci DEFAULT NULL,
  `cover` varchar(128) COLLATE utf8_unicode_ci DEFAULT NULL,
  `created_date` datetime NOT NULL,
  `published_date` datetime DEFAULT NULL,
  `updated_date` timestamp NOT NULL DEFAULT CURRENT_TIMESTAMP ON UPDATE CURRENT_TIMESTAMP,
  `fk_user_id` int(16) NOT NULL,
  `fk_projectstatus_id` int(8) NOT NULL,
  PRIMARY KEY (`project_id`),
  KEY `project_id` (`project_id`),
  KEY `fk_user_id` (`fk_user_id`,`fk_projectstatus_id`),
  KEY `fk_projectstatus_id` (`fk_projectstatus_id`)
) ENGINE=InnoDB  DEFAULT CHARSET=utf8 COLLATE=utf8_unicode_ci AUTO_INCREMENT=3 ;

--
-- Dumping data for table `project`
--

INSERT INTO `project` (`project_id`, `title`, `description`, `cover`, `created_date`, `published_date`, `updated_date`, `fk_user_id`, `fk_projectstatus_id`) VALUES
(1, 'Jack''s Ward', 'Story of the boy guardian.', '1', '2015-05-28 17:45:09', NULL, '2015-06-02 06:07:57', 2, 1),
(2, 'EoSD for Busy Person', 'Imitation of Embodiment of Scarlet Devil for Busy Person', NULL, '2015-06-02 08:09:47', NULL, '2015-06-02 07:11:35', 2, 1);

-- --------------------------------------------------------

--
-- Table structure for table `projectstatus`
--

CREATE TABLE IF NOT EXISTS `projectstatus` (
  `projectstatus_id` int(8) NOT NULL AUTO_INCREMENT,
  `name` varchar(32) COLLATE utf8_unicode_ci NOT NULL,
  PRIMARY KEY (`projectstatus_id`),
  KEY `projectstatus_id` (`projectstatus_id`)
) ENGINE=InnoDB  DEFAULT CHARSET=utf8 COLLATE=utf8_unicode_ci AUTO_INCREMENT=3 ;

--
-- Dumping data for table `projectstatus`
--

INSERT INTO `projectstatus` (`projectstatus_id`, `name`) VALUES
(1, 'unpublished'),
(2, 'published');

-- --------------------------------------------------------

--
-- Table structure for table `resource`
--

CREATE TABLE IF NOT EXISTS `resource` (
  `resource_id` int(16) NOT NULL AUTO_INCREMENT,
  `name` varchar(32) COLLATE utf8_unicode_ci NOT NULL,
  `file_name` varchar(64) COLLATE utf8_unicode_ci NOT NULL,
  `character_name` varchar(32) COLLATE utf8_unicode_ci DEFAULT NULL,
  `figure_name` varchar(32) COLLATE utf8_unicode_ci DEFAULT NULL,
  `expression_name` varchar(32) COLLATE utf8_unicode_ci DEFAULT NULL,
  `fk_resourcetype_id` int(8) NOT NULL,
  `fk_project_id` int(16) NOT NULL,
  PRIMARY KEY (`resource_id`),
  KEY `resource_id` (`resource_id`),
  KEY `fk_resourcetype_id` (`fk_resourcetype_id`,`fk_project_id`),
  KEY `fk_project_id` (`fk_project_id`)
) ENGINE=InnoDB  DEFAULT CHARSET=utf8 COLLATE=utf8_unicode_ci AUTO_INCREMENT=1028 ;

--
-- Dumping data for table `resource`
--

INSERT INTO `resource` (`resource_id`, `name`, `file_name`, `character_name`, `figure_name`, `expression_name`, `fk_resourcetype_id`, `fk_project_id`) VALUES
(1, 'jack0007', '4d86f7fd6fea7f50b937c7869cee89ac.png', 'Jack', 'Standing', 'Normal', 1, 1),
(2, 'jack0008', '1692743ca6db3936d244640039d5b182.png', 'Jack', 'Standing', 'Angry', 1, 1),
(3, 'jack0009', 'c46173cf066f6fb0f84604a7a8db95d0.png', 'Jack', 'Standing', 'Flat', 1, 1),
(5, 'jack0005', '8f77068ec5a499b2f1423fc4e493cad9.png', 'Jack', 'Standing', 'Smile', 1, 1),
(6, 'jack0010', 'f098c5f5cc6143ae21fd1d07993c4092.png', 'Jack', 'Standing', 'Confused', 1, 1),
(11, 'jack0015', 'e0a4623d8ebe9cdccb99624d97d7abe4.png', 'Jack', 'Standing', 'Dislike', 1, 1),
(13, 'jack0002', 'f9650c0001bee6cd2a9b93442404d40e.png', 'Jack', 'Standing', 'Reflect', 1, 1),
(14, 'jack0004', '68165b7b60ded522a180fd8bf64c58b6.png', 'Jack', 'Standing', 'Wonder', 1, 1),
(15, 'jack0003', 'e9a6215e2f4f937e18b223a458c88e9f.png', 'Jack', 'Standing', 'Close', 1, 1),
(16, 'frank0005', 'a15a6474663055f2cb04b63ccbe139a1.png', 'Frank', 'Standing', 'Normal', 1, 1),
(17, 'frank0002', '8db762376cec13dd3f2d748890f3e7be.png', 'Frank', 'Standing', 'Happy', 1, 1),
(18, 'frank0003', '06bd8b91f567b704d4b3065bd597ffdd.png', 'Frank', 'Standing', 'Poker', 1, 1),
(19, 'frank0006', '45bee2ca8044206baa58d9d9fb5beb58.png', 'Frank', 'Standing', 'Angry', 1, 1),
(23, 'frank0008', 'e112bf82438337786a4bd947a4aa7b41.png', 'Frank', 'Standing', 'Confident', 1, 1),
(25, 'frank0010', 'beae17999990eaf2ab7452013b99da9b.png', 'Frank', 'Standing', 'Dislike', 1, 1),
(26, 'gentleman0006', '45b0eb9291f2f3e21be041977d9e6c07.png', 'Gentleman', 'Standing', 'Normal', 1, 1),
(27, 'gentleman0004', '63ef42031f80bf805cd12d0eabddfe69.png', 'Gentleman', 'Standing', 'Open Mouth', 1, 1),
(28, 'gentleman0007', 'f435a013ab73ff2bf1e07be026dbe8ae.png', 'Gentleman', 'Standing', 'Stare', 1, 1),
(29, 'gentleman0005', '0454ad46976123c98d75c5cf3402d8ec.png', 'Gentleman', 'Standing', 'Happy', 1, 1),
(30, 'gentleman0003', '1beb6de3efcd3ba538b28a27349499f4.png', 'Gentleman', 'Standing', 'Smile', 1, 1),
(31, 'gentleman0002', 'f9a9cfc5058ec6a50ba121d086b236a1.png', 'Gentleman', 'Standing', 'Dislike', 1, 1),
(33, 'harding0006', 'd5f86713d9da080a199e42a9e20ddb6f.png', 'Harding', 'Standing', 'Normal', 1, 1),
(34, 'harding0008', '16b29a41921a9634cddd22cf90958e64.png', 'Harding', 'Standing', 'Frown', 1, 1),
(35, 'harding0005', '5d9ac0fb8cb81e4a91ba0822ac393be5.png', 'Harding', 'Standing', 'Happy Closed Eyes', 1, 1),
(36, 'harding0009', '98eb48f27c5cd76ecbc79804e2016309.png', 'Harding', 'Standing', 'Big Smile', 1, 1),
(37, 'harding0007', '6d9e5b379b9fabc2db9e51719774fcd5.png', 'Harding', 'Standing', 'Open Mouth', 1, 1),
(38, 'harding0001', '983aab5b3e1e8f48f74b2688d58a2a51.png', 'Harding', 'Standing', 'Normal Closed Eyes', 1, 1),
(39, 'harding0002', 'ae18b3738b5986b6dbc3c610b222dfa9.png', 'Harding', 'Standing', 'Normal Smile', 1, 1),
(40, 'harding0003', '956281233452c0251a4f7fcff2c69b98.png', 'Harding', 'Standing', 'Smile', 1, 1),
(42, 'rachel0001', '3bdf0fc2fdd4290fbc1086f88715cfa0.png', 'Rachel', 'Standing', 'Normal', 1, 1),
(43, 'rachel0005', '4c212de2d306c1a8cf54fc6a62f6d809.png', 'Rachel', 'Standing', 'Big Smile', 1, 1),
(44, 'rachel0006', '5969e9abb71ec90d48812e805cad2053.png', 'Rachel', 'Standing', 'Smile', 1, 1),
(45, 'rachel0003', 'ce0f49770eea3dc4066f42833d446acd.png', 'Rachel', 'Standing', 'Frown', 1, 1),
(46, 'rachel0002', '8f1b7afe2d73838b4a899f900e49110b.png', 'Rachel', 'Standing', 'Open Mouth', 1, 1),
(47, 'rachel0004', '7031c89fb9cab5511c14a342d6e55444.png', 'Rachel', 'Standing', 'Frown', 1, 1),
(48, 'road', '0fce49b565c8b5a784421712bcf9a4a0.jpg', NULL, NULL, NULL, 2, 1),
(49, 'house', '6f75d7c9aa6348c50fce0601e121740e.jpg', NULL, NULL, NULL, 2, 1),
(50, 'crossing', '411f8094607bb894ae52ec217231a7bb.jpg', NULL, NULL, NULL, 2, 1),
(51, 'Active', '527795851f43374529e8744f70b1421d.mp3', NULL, NULL, NULL, 3, 1),
(52, 'Clam', '667adbed3a185ca14b92e1275b4457b9.mp3', NULL, NULL, NULL, 3, 1),
(53, 'Gentle', 'fd6b3b2798da36c935cd1963e77d0aa5.mp3', NULL, NULL, NULL, 3, 1),
(54, 'Eventide', '9fa892950c5838d3624f3c5d7272371a.mp3', NULL, NULL, NULL, 3, 1),
(55, 'Bound', 'e3420e097dfc2dbe4ef50ddd27dbf362.mp3', NULL, NULL, NULL, 3, 1),
(56, 'punch 2', 'dc97115f17c340e667957c07cd4aff59.ogg', NULL, NULL, NULL, 4, 1),
(57, 'bell', '30073d41848c8df8bd2d561260f145fd.ogg', NULL, NULL, NULL, 4, 1),
(59, 'door close hard', '6b63a5d4baa83a580a6439f2e3278f1d.ogg', NULL, NULL, NULL, 4, 1),
(60, 'shower', 'd44b34a2eee73528a64fd54022673d21.ogg', NULL, NULL, NULL, 4, 1),
(61, 'footstep', '9a8f39ce2c31ec1a953654d7be97cafd.ogg', NULL, NULL, NULL, 4, 1),
(62, 'door open', '8b7efd0bf843ed37e6331d8dde4f8b5c.ogg', NULL, NULL, NULL, 4, 1),
(63, 'drop', 'eca82571356ffcc5f0d0814e3fba05c8.ogg', NULL, NULL, NULL, 4, 1),
(64, 'punch', 'a4b37782c6600fa5302b6eb748597660.ogg', NULL, NULL, NULL, 4, 1),
(65, 'hit', '21c80624cf39230cf7e23e21e343f6bc.ogg', NULL, NULL, NULL, 4, 1),
(66, 'voice_000006', '0f7d736a91f1382042aa34a76794b0d0.ogg', NULL, NULL, NULL, 5, 1),
(67, 'voice_000008', 'ad5415c84c699b2257e72f2d98775a38.ogg', NULL, NULL, NULL, 5, 1),
(68, 'voice_000007', '50447c38137cc2096355bdee1412ce94.ogg', NULL, NULL, NULL, 5, 1),
(69, 'voice_000010', '3ef6871a8499cd0066e79bf4a7c4c205.ogg', NULL, NULL, NULL, 5, 1),
(70, 'voice_000001', '3b6d2764357daad486a3f7fb8de4cbb4.ogg', NULL, NULL, NULL, 5, 1),
(71, 'voice_000009', '49c109204a38f8d1fcf53c115ec6d02c.ogg', NULL, NULL, NULL, 5, 1),
(72, 'voice_000003', '28bbe5edfe9a7e78798d50f4b4c4b494.ogg', NULL, NULL, NULL, 5, 1),
(73, 'voice_000005', 'ec9cc517d897a13f5bb3807bdc2292e6.ogg', NULL, NULL, NULL, 5, 1),
(74, 'voice_000004', 'aea2407b81520dad25785ae52b90b8d1.ogg', NULL, NULL, NULL, 5, 1),
(75, 'voice_000002', '3e79dda34f4519ec116d9c48f689cd6a.ogg', NULL, NULL, NULL, 5, 1),
(76, 'video', 'ddcfe18eae1e38b8677f8fcc82cfbbd2.mp4', NULL, NULL, NULL, 6, 1),
(77, 'alice01-3', '555c78e6a9a122dd8dc948ef8c42a16d.png', 'Alice', '1', '3', 1, 2),
(78, 'alice01-2', 'e756cb04242d82611f77ade3fe398017.png', 'Alice', '1', '2', 1, 2),
(79, 'alice01', '747cf9c8205a0db4b101d3c7dea171c0.png', 'Alice', '1', '1', 1, 2),
(80, 'alice02', 'd23226ff80179669e34fee4d2b54ba23.png', 'Alice', '2', '', 1, 2),
(81, 'alice02XX', '6aca88d1dd29dc431eece676ab088207.png', 'Alice', '2', 'x', 1, 2),
(82, 'alice01XX', '6f15f388712ffe6139e3a23b796128c9.png', 'Alice', '1', 'x', 1, 2),
(83, 'alice03', 'c1128b5e8d5c6fefb0762cb291419161.png', 'Alice', '3', '', 1, 2),
(84, 'alice03XX', '7f98008865c71ac2ea6d241d7cb67bb4.png', 'Alice', '3', 'x', 1, 2),
(85, 'alice04', '5c36fd7c91df101d23a00e00651376bb.png', 'Alice', '4', '', 1, 2),
(86, 'alice04XX', '9b2046016a59bacdea14000a53870907.png', 'Alice', '4', 'x', 1, 2),
(87, 'aya01', '3f4c5bf4d2240e814f175c305d297bf3.png', 'Aya', '1', NULL, 1, 2),
(88, 'aya01XX', 'f834de875adcc2e22a08e1a654a0724f.png', 'Aya', '1', 'x', 1, 2),
(89, 'aya02', 'b9ffe99c82b34681d14b218c678eeedb.png', 'Aya', '2', NULL, 1, 2),
(90, 'aya02XX', 'fec1d478c3f5ba2831d490288fc20ebe.png', 'Aya', '2', 'x', 1, 2),
(91, 'aya03XX', '9946a090be1ccf16a3875400b93c9509.png', 'Aya', '3', 'x', 1, 2),
(92, 'aya03', '547765887dc142265256771616c9b3de.png', 'Aya', '3', '1', 1, 2),
(93, 'aya03-3', 'fd17f32204823c2481c412e10dd931f3.png', 'Aya', '3', '3', 1, 2),
(94, 'aya03-2', '3a54e1aa97a009c61ba27e7db5acb96a.png', 'Aya', '3', '2', 1, 2),
(95, 'aya04', '66865cf0ae7f5adfad91ab04e141c8b7.png', 'Aya', '4', NULL, 1, 2),
(96, 'aya04XX', 'a588a0d5eb017c5b49ccdb272ed6e4fa.png', 'Aya', '4', 'x', 1, 2),
(97, 'chiruno01', '319545e261bdca49eb64bb9311e76a32.png', 'Cirno', '1', NULL, 1, 2),
(98, 'chiruno01XX', 'bbd007bd4ad125a7f4b3f38c2bd3ddf9.png', 'Cirno', '1', 'x', 1, 2),
(99, 'chiruno02', '3d40d269ccefb53195afc3cf2097192a.png', 'Cirno', '2', NULL, 1, 2),
(100, 'chiruno02XX', '1947cf1be87e13e7b96085bc61caeacd.png', 'Cirno', '2', 'x', 1, 2),
(101, 'koakuma01', '88855f8e778e57b50ca91e2c70d32c38.png', 'Koakuma', '1', '1', 1, 2),
(102, 'koakuma01-3', 'b25bb349945d451baa215fa07268e15f.png', 'Koakuma', '1', '3', 1, 2),
(103, 'koakuma01XX', '7bba7b9b8a9433c2b9487eac383bb46a.png', 'Koakuma', '1', 'x', 1, 2),
(104, 'koakuma01-2', 'a5ec5c9777013cbc377d00ef58b4504e.png', 'Koakuma', '1', '2', 1, 2),
(105, 'daiyou01', '0b9165fcf30c83bfc13855a62b951dce.png', 'Daiyou', '1', '1', 1, 2),
(106, 'daiyou01-3', '524c7f817139b3ed073482ff8cde787f.png', 'Daiyou', '1', '3', 1, 2),
(107, 'daiyou01-2', '64b5177f4a35d7bacf59c64f65f1147d.png', 'Daiyou', '1', '2', 1, 2),
(108, 'daiyou01XX', '0b3a9d6fb9d0f1cbc7f72722c198348b.png', 'Daiyou', '1', 'x', 1, 2),
(109, 'daiyou02', '0846bd0551d28d8df21e7548343baa64.png', 'Daiyou', '2', NULL, 1, 2),
(110, 'marisa01-2', '164bfb1c6ad9029ecce51b4b7dbaa8fb.png', 'Marisa', '1', '2', 1, 2),
(111, 'marisa01XX', '5f2a2e8465a781d02fefa1da3dc47e3e.png', 'Marisa', '1', 'x', 1, 2),
(112, 'marisa01-3', 'bc1d163abaa0575375a87bdbccd539e8.png', 'Marisa', '1', '3', 1, 2),
(113, 'marisa01', '35c8fb20761bb2f75bf94e3a7ef1a2ac.png', 'Marisa', '1', '1', 1, 2),
(114, 'marisa02XX', '4d1ad818909fec3b3ca6a1ab60b6413e.png', 'Marisa', '2', 'x', 1, 2),
(115, 'marisa02', '391955f61c8f049760bd8cb4566474bc.png', 'Marisa', '2', NULL, 1, 2),
(116, 'marisa03XX', '992f6d0bd75cb87557778a0eb15171be.png', 'Marisa', '3', 'x', 1, 2),
(117, 'marisa03-3', 'bf69d97314712f390de0bf943e2e25da.png', 'Marisa', '3', '3', 1, 2),
(118, 'marisa03', '5b0bf109f69a75604e83f59cc9729e31.png', 'Marisa', '3', '1', 1, 2),
(119, 'marisa03-2', '16a3befc945e4b8288baf6f98b154c75.png', 'Marisa', '3', '2', 1, 2),
(120, 'marisa04', '4e38fa2fd5762ea61aba9c4a6efbf153.png', 'Marisa', '4', NULL, 1, 2),
(121, 'marisa04XX', 'a27e904dda095f1fb68377bb9b3891e3.png', 'Marisa', '4', 'x', 1, 2),
(122, 'meirin01', '6b7d838131130f2698714974ed09018c.png', 'Meiling', '1', '1', 1, 2),
(123, 'meirin01XX', '3039c07510a07c7a5deb18004e5776f8.png', 'Meiling', '1', 'x', 1, 2),
(124, 'meirin01-3', 'ffd89b53be48a8b004a8415bf2c5546a.png', 'Meiling', '1', '3', 1, 2),
(125, 'meirin01-2', '2cb330f2e4b7bcecf3ccbe7c1377b40e.png', 'Meiling', '1', '2', 1, 2),
(126, 'pache01-2', '07fc5dda93fec6d570498f9296b0bc6c.png', 'Patchouli', '1', '2', 1, 2),
(127, 'pache01-3', '96e0e6c5df29e32bd89ae1d438cb4cf0.png', 'Patchouli', '1', '3', 1, 2),
(128, 'pache01XX', 'd0222810031748479052437f93f46423.png', 'Patchouli', '1', 'x', 1, 2),
(129, 'pache01', '6494ebd84a2c632f823a16a3b63e5c63.png', 'Patchouli', '1', '1', 1, 2),
(130, 'pache02', 'f409fd080d93f43d4d32b9d979755012.png', 'Patchouli', '2', NULL, 1, 2),
(131, 'pache02XX', '38bd8e78bb81505f17801b0ca81e0cd4.png', 'Patchouli', '2', 'x', 1, 2),
(132, 'pache03XX', '74a2b4578a5446b71fa96ab14b07aee9.png', 'Patchouli', '3', 'x', 1, 2),
(133, 'pache03', 'ce29857c8af3688bc20269fbab8522fd.png', 'Patchouli', '3', NULL, 1, 2),
(134, 'reimu01XX', '71f07ef63723d9b0aa8f8ca1b18d6a7f.png', 'Reimu', '1', 'x', 1, 2),
(135, 'reimu01-3', 'd57cb115546ed77a535ad084c1bc23d2.png', 'Reimu', '1', '3', 1, 2),
(136, 'reimu01', '526ed118c60dc791df20b2ae53704b70.png', 'Reimu', '1', '1', 1, 2),
(137, 'reimu01-2', 'e5cd96e8b0bbd878220f64009664132a.png', 'Reimu', '1', '2', 1, 2),
(138, 'reimu02XX', '248b514454f1e07aabb2cc44a08219d1.png', 'Reimu', '2', 'x', 1, 2),
(139, 'reimu02-2', 'b825de4b639e77c5a5739324f8479d25.png', 'Reimu', '2', '2', 1, 2),
(140, 'reimu02', '2aecf9600756a0a54c665914ce41bbbd.png', 'Reimu', '2', '1', 1, 2),
(141, 'reimu02-3', 'b402aae2ad1cb52770ef98b8d78b72d0.png', 'Reimu', '2', '3', 1, 2),
(142, 'reimu03XX', '225a3855aece4e6e59ae28e70edd6035.png', 'Reimu', '3', 'x', 1, 2),
(143, 'reimu03', '4532a3e01e351063cd707dc05d5114d4.png', 'Reimu', '3', NULL, 1, 2),
(144, 'reimu04', '0e6b40cc583f4b833aaf1e8108831abe.png', 'Reimu', '4', '1', 1, 2),
(145, 'reimu04-3', '41544aa89a4d934e96a7f5cef236efb3.png', 'Reimu', '4', '3', 1, 2),
(146, 'reimu04-2', '713a8040b5ce8f93f1a009bdac39caab.png', 'Reimu', '4', '2', 1, 2),
(147, 'reimu04XX', '8afe40cd8d428b9c6d92b461ee152992.png', 'Reimu', '4', 'x', 1, 2),
(148, 'remi01-3', '961475280c84e8cafb3b9b79d10ab91c.png', 'Remilia', '1', '3', 1, 2),
(149, 'remi01-2', 'ec87c2a68b35f22d60b71e4efb4c3762.png', 'Remilia', '1', '2', 1, 2),
(150, 'remi01XX', 'f7483e99cf9fa2c137f3522ffaae106c.png', 'Remilia', '1', 'x', 1, 2),
(151, 'remi01', '095927425e99a440e413626a7928405e.png', 'Remilia', '1', '1', 1, 2),
(152, 'remi02XX', 'c4f6e2ef9100acbd691c8f5ea938622d.png', 'Remilia', '2', 'x', 1, 2),
(153, 'remi02', 'e02c7583ddc7f446cb6ae4f92e7d7643.png', 'Remilia', '2', NULL, 1, 2),
(154, 'remi03XX', '55ab32b887e3de6efb1c405a39cfc177.png', 'Remilia', '3', 'x', 1, 2),
(155, 'remi03', 'a70f3312975e65ae2afd5f38b5a78d12.png', 'Remilia', '3', NULL, 1, 2),
(156, 'rumia01', 'eb3fafe9436969afd3756cae2a906866.png', 'Rumia', '1', '1', 1, 2),
(157, 'rumia01-2', '1f1dc39f3fe954fb6bce7f67a49324a9.png', 'Rumia', '1', '2', 1, 2),
(158, 'rumia01-3', '01b281474e161316f7302721364a3a97.png', 'Rumia', '1', '3', 1, 2),
(159, 'rumia01XX', '41bc1a31b7c2c7557a1463601e3c3254.png', 'Rumia', '1', 'x', 1, 2),
(160, 'sakuya01XX', '47056bb9cf43182e644656a6b4d2b206.png', 'Sakuya', '1', 'x', 1, 2),
(161, 'sakuya01-3', 'cf3fc4bb944c9bdb96c117a54e9268d9.png', 'Sakuya', '1', '3', 1, 2),
(162, 'sakuya01-2', '578c5a22f40991f9860c77be566c9aac.png', 'Sakuya', '1', '2', 1, 2),
(163, 'sakuya01', '20f2abc7c03982fffc1d4954eff3e131.png', 'Sakuya', '1', '1', 1, 2),
(164, 'bg04', 'cddfe9050e11e8a101e03487968f39a2.jpg', NULL, NULL, NULL, 2, 2),
(165, 'bg06', '784c930f393406b949147996c4501a9b.jpg', NULL, NULL, NULL, 2, 2),
(166, 'bg05', 'e93fdb635495d9faf3ee080c23c20a80.jpg', NULL, NULL, NULL, 2, 2),
(167, 'bg03', '2caa8a849af581eab76894517aef4884.jpg', NULL, NULL, NULL, 2, 2),
(168, 'bg02', 'd955b052237778a24c339fb267c5f848.jpg', NULL, NULL, NULL, 2, 2),
(169, 'bg01', '1f20aa7d04de511186593861d9fe232d.jpg', NULL, NULL, NULL, 2, 2),
(170, 'bg07', '304424634feda76a3dba2d915a2fdcea.jpg', NULL, NULL, NULL, 2, 2),
(171, 'bg08', '221b7e29b1e4a18da520f726fccdb8ec.jpg', NULL, NULL, NULL, 2, 2),
(172, 'bg09', '2a0fae63154c601414cba6a60b128b34.jpg', NULL, NULL, NULL, 2, 2),
(173, 'bg10', 'b6e1298528b7fd4f8a1493cd06523f7c.jpg', NULL, NULL, NULL, 2, 2),
(174, 'bg11', 'd7d52c52fa48fdf9ecbd45085aed4185.jpg', NULL, NULL, NULL, 2, 2),
(175, 'bg12', '12aac2ea724d3e61518fd849b41cf426.jpg', NULL, NULL, NULL, 2, 2),
(176, 'Title', '23a8f24a8bb61d2fc27f775ca97ba82b.ogg', NULL, NULL, NULL, 3, 2),
(177, 'Reimu', 'ab5ef271397dd8b5bb8ad1b1795e91c1.ogg', NULL, NULL, NULL, 3, 2),
(178, 'Cirno', '357585a0835d62a040c62d6aff9e4a76.ogg', NULL, NULL, NULL, 3, 2),
(179, 'Marisa', '1fe5c28b371ef150cc26339b13066c8f.ogg', NULL, NULL, NULL, 3, 2),
(180, 'Remilia', '747d57b98863b5cb88701fcdf8d74b16.ogg', NULL, NULL, NULL, 3, 2),
(181, 'The Joke', '8779d6dac14373e428a5ec7b65c6ab10.ogg', NULL, NULL, NULL, 3, 2),
(182, 'Alice', '2281c569a17e82a4a531f816c4b7bd98.ogg', NULL, NULL, NULL, 3, 2),
(183, 'Patchouli', 'cfd6a76aca4696eae29b29b90586c1eb.ogg', NULL, NULL, NULL, 3, 2),
(184, 'Title Roll', 'f19ac4ae51d885976b7b23e186f8ea23.ogg', NULL, NULL, NULL, 3, 2),
(185, 'Surprised', 'f0c675be49e8cc8a05c997574d3960fb.ogg', NULL, NULL, NULL, 3, 2),
(186, 'akuma_no_koe', 'ab5da339b818efdf9df1f83c4b0be378.ogg', NULL, NULL, NULL, 4, 2),
(187, 'beam_small_2', '56d9047d1d52c1324f6bef085ea2c971.ogg', NULL, NULL, NULL, 4, 2),
(188, 'ban', 'b45030e8637b22821ae837f0811003b1.ogg', NULL, NULL, NULL, 4, 2),
(189, 'beam_large', '6b58e9729a5e2e132de8c4ce7a1a42f7.ogg', NULL, NULL, NULL, 4, 2),
(190, 'beam_large_2', '794c75fab86fb3a788f5f27c0fd4160e.ogg', NULL, NULL, NULL, 4, 2),
(191, 'beam_small', '139497a88b91262fc04df9f53b4fb660.ogg', NULL, NULL, NULL, 4, 2),
(192, 'bii', 'a35e4e4a87b4597180c2667ae0545111.ogg', NULL, NULL, NULL, 4, 2),
(193, 'button', '35c4c7e3be2bccf33c15fab58233e6ae.ogg', NULL, NULL, NULL, 4, 2),
(194, 'buzzer', '7769a8b8632066e10a8ae8e5d56019c6.ogg', NULL, NULL, NULL, 4, 2),
(195, 'camera', '45501ce07dd7c4ff9b20e3fc89445118.ogg', NULL, NULL, NULL, 4, 2),
(196, 'chensor', '969e495a333a5f02ba3c027ad08d8942.ogg', NULL, NULL, NULL, 4, 2),
(197, 'chime', '2eb79bb94a5c98b3ddfd23596ce80008.ogg', NULL, NULL, NULL, 4, 2),
(198, 'clackson', '195a636aa8b9072d7a2e3b740a4ed1c4.ogg', NULL, NULL, NULL, 4, 2),
(199, 'crow', 'd5e7c3e1be9381dc51c821a80b70be8b.ogg', NULL, NULL, NULL, 4, 2),
(200, 'cymbal', '81d786d44133178de52f789b0cdf2d90.ogg', NULL, NULL, NULL, 4, 2),
(201, 'depart_call', 'ae9fd36591fba97b6498e2f2dd4582ee.ogg', NULL, NULL, NULL, 4, 2),
(202, 'door_knob', 'f838fd71b7d579c89619d1856eaaa143.ogg', NULL, NULL, NULL, 4, 2),
(203, 'door_knock', 'a2f1d585461e4362203ce84b166bfc43.ogg', NULL, NULL, NULL, 4, 2),
(204, 'door_open_1', '88f18336453575ae62979ea0f791a4f5.ogg', NULL, NULL, NULL, 4, 2),
(205, 'door_open_2', '581dc6cbef471684fa8f0925e9c190c3.ogg', NULL, NULL, NULL, 4, 2),
(206, 'drink_gulp', '575797ff4a0df413b140fc5bd9c5f9fb.ogg', NULL, NULL, NULL, 4, 2),
(207, 'drink', 'e12d50c1b6000ddc6c6fe216025e8f33.ogg', NULL, NULL, NULL, 4, 2),
(208, 'eat_potato', '423d1775a498a74ab61c9061c5587476.ogg', NULL, NULL, NULL, 4, 2),
(209, 'eat', '765a14710564203673646fd442702000.ogg', NULL, NULL, NULL, 4, 2),
(210, 'eerie', 'f08ece03ba9501265d0499b2aed5ea64.ogg', NULL, NULL, NULL, 4, 2),
(211, 'effect_1', '3ad5513b2347f2c94dc0146e1c37a99b.ogg', NULL, NULL, NULL, 4, 2),
(212, 'effect_2', 'fb2696a6d5df87aadffb1a9ddff2b2b1.ogg', NULL, NULL, NULL, 4, 2),
(213, 'effect_3', '219067efb9810cd0f77141233d65cfb4.ogg', NULL, NULL, NULL, 4, 2),
(214, 'effect_4', '9cb34b738d5c205d31e9055335ed36d0.ogg', NULL, NULL, NULL, 4, 2),
(215, 'effect_5', 'b89a68fd9b92fa86ef6a3721f98eba4c.ogg', NULL, NULL, NULL, 4, 2),
(216, 'effect_6', 'd6f3633d5b196a090bf9b37480543606.ogg', NULL, NULL, NULL, 4, 2),
(217, 'effect_7', 'c7f2181ce3971b1d13c7eda2752c8631.ogg', NULL, NULL, NULL, 4, 2),
(218, 'electric', 'da715b4cb4ab59cb432f67b545b163f0.ogg', NULL, NULL, NULL, 4, 2),
(219, 'geppu', '639c6efee1780dfb354e328ad665c467.ogg', NULL, NULL, NULL, 4, 2),
(220, 'geru', '3aec4533c0ebba7c69371dd788361746.ogg', NULL, NULL, NULL, 4, 2),
(221, 'glass_2', '4e9e88903cfdb0d1879f21d8c7260269.ogg', NULL, NULL, NULL, 4, 2),
(222, 'glass_1', '5bc0c1e2e2d3dc38bf8769855703bf10.ogg', NULL, NULL, NULL, 4, 2),
(223, 'glass_3', 'f732a00063b1b3a041fc2ddc8bf3b547.ogg', NULL, NULL, NULL, 4, 2),
(224, 'gong_1', '4836c9bdbb6fa92a1183856633e038f5.ogg', NULL, NULL, NULL, 4, 2),
(225, 'gong_2', 'd0265b73b770bd1fc48b7eb55d3d80aa.ogg', NULL, NULL, NULL, 4, 2),
(226, 'gonn', 'c2640a28a378effe76fdbfa6a4319461.ogg', NULL, NULL, NULL, 4, 2),
(227, 'heartbeat', '2d32077bfef9b7ae5d3f27403e49cb01.ogg', NULL, NULL, NULL, 4, 2),
(228, 'habataki', '246657c9105e91b5290f96ef9d3e61c8.ogg', NULL, NULL, NULL, 4, 2),
(229, 'hirameki', 'dfdbbbe11bf06a2f6b5c06278d313ef4.ogg', NULL, NULL, NULL, 4, 2),
(230, 'hit_1', '68f09e74b7c7f9fc2a54fc8b389d950c.ogg', NULL, NULL, NULL, 4, 2),
(231, 'hit_2', '2f903a8cb93fa7805aa3117e67e83840.ogg', NULL, NULL, NULL, 4, 2),
(232, 'hit_3', '087cea2202323fc41e96ff685ee32a87.ogg', NULL, NULL, NULL, 4, 2),
(233, 'hit_4', 'ca13d97e1891014df506fda7f198b070.ogg', NULL, NULL, NULL, 4, 2),
(234, 'hit_5', '0602617e620cecb85d1354fd3f08b081.ogg', NULL, NULL, NULL, 4, 2),
(235, 'hit_6', '3705b13d45731b7ea5d9d9c7cc7dbbcd.ogg', NULL, NULL, NULL, 4, 2),
(236, 'hit_7', '5473c01fca23a6dccd69a70347e4e1cd.ogg', NULL, NULL, NULL, 4, 2),
(237, 'hit_8', 'e0d416e13392ad87b8c0e86e89a54d97.ogg', NULL, NULL, NULL, 4, 2),
(238, 'jump', '9d6e7039c5964bd176a81942f602af97.ogg', NULL, NULL, NULL, 4, 2),
(239, 'jyajyan', 'f91aea15a0639ce2e422b18185c35aca.ogg', NULL, NULL, NULL, 4, 2),
(240, 'jyan', '68c3b7095bc1130016b20a743e60befe.ogg', NULL, NULL, NULL, 4, 2),
(241, 'kira', 'c39f29d52fcdcfb87209291a4c5415da.ogg', NULL, NULL, NULL, 4, 2),
(242, 'kiran', '43c6a69745171d88058f5a0b7f4e8d07.ogg', NULL, NULL, NULL, 4, 2),
(243, 'kirarin', '5eb8d62e27f9dd9a5a27c8b45e363d88.ogg', NULL, NULL, NULL, 4, 2),
(244, 'laser_beam', 'dbcccba71bea1a2b9aea95edb762b316.ogg', NULL, NULL, NULL, 4, 2),
(245, 'machine_gun', '5266b3b6b352b81ed4afdcab29a1f378.ogg', NULL, NULL, NULL, 4, 2),
(246, 'mekuru', 'd3bfd03c7cc2ddf954212bf612ca08a2.ogg', NULL, NULL, NULL, 4, 2),
(247, 'plate_shatter_2', '4d0cf22e8a36185b5b34938553975668.ogg', NULL, NULL, NULL, 4, 2),
(248, 'plate_shatter', 'fd0887496225816aa317eb6b7079fbd2.ogg', NULL, NULL, NULL, 4, 2),
(249, 'plater_shatter_3', '584200bbf3e9da7b2f3b27d91f9838a3.ogg', NULL, NULL, NULL, 4, 2),
(250, 'pomp', '7da9ae7d2ea357e6596d699fcaac2701.ogg', NULL, NULL, NULL, 4, 2),
(251, 'ponn_1', '0ff8609decef5cd1348898f21a3431de.ogg', NULL, NULL, NULL, 4, 2),
(252, 'ponn_2', 'c023f16185902d6237e7c6413f6801cc.ogg', NULL, NULL, NULL, 4, 2),
(253, 'poyon', 'e7325a243f4b8561063b97f773559e09.ogg', NULL, NULL, NULL, 4, 2),
(254, 'puin', '2f57260448f41ab013ee10f40c051625.ogg', NULL, NULL, NULL, 4, 2),
(255, 'poyoyo', 'b80d3e8444983c3a98b88782f209da28.ogg', NULL, NULL, NULL, 4, 2),
(256, 'pyon_1', '8fd1523d392fa4612d167335e635414d.ogg', NULL, NULL, NULL, 4, 2),
(257, 'pyon_2', '829f186e9070e9c9f3ae63af0e790492.ogg', NULL, NULL, NULL, 4, 2),
(258, 'pyon_3', 'c1a9c117728e1d31d9c0e73373642f44.ogg', NULL, NULL, NULL, 4, 2),
(259, 'pyon_4', '5afe817c02d889d6a63df57728eb23c4.ogg', NULL, NULL, NULL, 4, 2),
(260, 'pyon_5', '4e67f0b95f94ed0702adf69f5974cf83.ogg', NULL, NULL, NULL, 4, 2),
(261, 'pyon_6', '39fa420eed0e568a0b6e45861b71bed3.ogg', NULL, NULL, NULL, 4, 2),
(262, 'pyuui', 'e9c2c5640c90d9a05539f0359a890fc7.ogg', NULL, NULL, NULL, 4, 2),
(263, 'ray_1', '6692a9add196ab5859cfa1ec41c0606a.ogg', NULL, NULL, NULL, 4, 2),
(264, 'ray_2', '7606bebc9b9f03554a1dd3605661e82f.ogg', NULL, NULL, NULL, 4, 2),
(265, 'reel', '9f7fb7b46648f42c45d28abcc2ff1d04.ogg', NULL, NULL, NULL, 4, 2),
(266, 'reji', '3b882aa0377612093ebd0090032d76e3.ogg', NULL, NULL, NULL, 4, 2),
(267, 'ring_1', 'f9a8b8cb692105f08346734796297a49.ogg', NULL, NULL, NULL, 4, 2),
(268, 'ring_2', 'd15e926c55a68bae1a74f3514768e709.ogg', NULL, NULL, NULL, 4, 2),
(269, 'scouter', '2b2a9f6e6fcce41da7ce941e281eae8b.ogg', NULL, NULL, NULL, 4, 2),
(270, 'scream', 'cc7ec86533267ce94757da05333cf19e.ogg', NULL, NULL, NULL, 4, 2),
(271, 'shock_1', '7a3e6546f3c248e83e88507e48e37be8.ogg', NULL, NULL, NULL, 4, 2),
(272, 'shock_2', '9e14764a2df08ccb31c3ac4269874e0a.ogg', NULL, NULL, NULL, 4, 2),
(273, 'single', 'd47d148755f454331a2e9634fce0a760.ogg', NULL, NULL, NULL, 4, 2),
(274, 'siren', 'fab9a15a3044c8243488dd5a527f828c.ogg', NULL, NULL, NULL, 4, 2),
(275, 'snore', 'a126ce1191692949d94db14597c4cb68.ogg', NULL, NULL, NULL, 4, 2),
(276, 'stakorasasadme', '00f0ac560de5459dffaa570b27aa64b7.ogg', NULL, NULL, NULL, 4, 2),
(277, 'step', '085f582dee04c4d2df077765b2d8d362.ogg', NULL, NULL, NULL, 4, 2),
(278, 'train_2', '88740d064806c2b54a68acc6123c838d.ogg', NULL, NULL, NULL, 4, 2),
(279, 'tweet', 'c94c00c17486b2686674648481489222.ogg', NULL, NULL, NULL, 4, 2),
(280, 'warp', 'e4ff8c8e1207f0bad8aa477a01006fcd.ogg', NULL, NULL, NULL, 4, 2),
(281, 'toilet_water', 'bafc30cf80897af816361f81778779c1.ogg', NULL, NULL, NULL, 4, 2),
(282, 'train_1', '090de4f3f1724e568fc2bd37c7053ed1.ogg', NULL, NULL, NULL, 4, 2),
(283, 'yarareru', 'c892619100abe8bd46fcb6517c29d47d.ogg', NULL, NULL, NULL, 4, 2),
(284, 'zipper', '1f0311be0b5fad7a3f8c98efcb3aeb6e.ogg', NULL, NULL, NULL, 4, 2),
(285, 'zukkoke', '39242a57669d8c601608aa8b775a48b6.ogg', NULL, NULL, NULL, 4, 2),
(286, 'ali_0047', '496c3be377c49a831ea0c96f5121bc23.ogg', NULL, NULL, NULL, 5, 2),
(287, 'ali_0000', 'cb80a5d588fca4735cce5a2588d31355.ogg', NULL, NULL, NULL, 5, 2),
(288, 'ali_0049', '30d8498db0b8220dd6cc3e3b3dff722e.ogg', NULL, NULL, NULL, 5, 2),
(289, 'ali_0046a', '62f9f1278812524feb8e3b186728b57d.ogg', NULL, NULL, NULL, 5, 2),
(290, 'ali_0050', '7e29028973af7789cfff55ac977a04b9.ogg', NULL, NULL, NULL, 5, 2),
(291, 'ali_0048', '5f0a6deb1db5360fbab454c08784bcae.ogg', NULL, NULL, NULL, 5, 2),
(292, 'ali_0001', 'c96cc51fcb409cd489fb02a83e1cfedc.ogg', NULL, NULL, NULL, 5, 2),
(293, 'ali_0002', 'b71ab6628b259be39b5958ca45acc19e.ogg', NULL, NULL, NULL, 5, 2),
(294, 'ali_0003', '97351f7efd4bb91a277699b278401933.ogg', NULL, NULL, NULL, 5, 2),
(295, 'ali_0004', '38cd69337b45d58997a4544923ea1ab8.ogg', NULL, NULL, NULL, 5, 2),
(296, 'ali_0005', 'e63ca517454a72c0c6a7c9507c2b005e.ogg', NULL, NULL, NULL, 5, 2),
(297, 'ali_0006', 'ab66f6d967d91dff96916b9f127d5f37.ogg', NULL, NULL, NULL, 5, 2),
(298, 'ali_0007', '7c61d514c66bd37b5e657d9b12fe55d4.ogg', NULL, NULL, NULL, 5, 2),
(299, 'ali_0008', '71b9b3ba5f7ecba992b1ac735a7e7b7b.ogg', NULL, NULL, NULL, 5, 2),
(300, 'ali_0009', '69eecb2c582394bd17dfdba83a721953.ogg', NULL, NULL, NULL, 5, 2),
(301, 'ali_0010', '34a609af02d5f1698af6d05d01a4416b.ogg', NULL, NULL, NULL, 5, 2),
(302, 'ali_0011', '2cabd44ef32c0b78b9312f8e99868ff3.ogg', NULL, NULL, NULL, 5, 2),
(303, 'ali_0012', '31cf954df8e832db7d76e4e182b5fc9d.ogg', NULL, NULL, NULL, 5, 2),
(304, 'ali_0013', '10dac2f8f682586de854b14a46e0c24e.ogg', NULL, NULL, NULL, 5, 2),
(305, 'ali_0014', 'ca978678758032c19ae708384999c5b9.ogg', NULL, NULL, NULL, 5, 2),
(306, 'ali_0015', '1429da98243db656a098a9979692bc1e.ogg', NULL, NULL, NULL, 5, 2),
(307, 'ali_0016', 'ca518c3bc4308bb50ac22c52b37454cf.ogg', NULL, NULL, NULL, 5, 2),
(308, 'ali_0017', '6a06e2cdd4dc1e0aa71b42309f386717.ogg', NULL, NULL, NULL, 5, 2),
(309, 'ali_0018', 'e85131f2b3da04c45f6905c2499b8bd5.ogg', NULL, NULL, NULL, 5, 2),
(310, 'ali_0019', 'e822d3c07223074c55d0d4e042ccf5be.ogg', NULL, NULL, NULL, 5, 2),
(311, 'ali_0020', 'a6eaf419f215782bc5d466aa0bff0048.ogg', NULL, NULL, NULL, 5, 2),
(312, 'ali_0021', '1a0057ac8b4c9b821f033c01aeb114c8.ogg', NULL, NULL, NULL, 5, 2),
(313, 'ali_0022', '16a5f85f76f60b284e53a9eb8c89da04.ogg', NULL, NULL, NULL, 5, 2),
(314, 'ali_0023', '0d3a07307b05d17004c5379583c5348c.ogg', NULL, NULL, NULL, 5, 2),
(315, 'ali_0024', '8575b93414d6e82818b42171fc23d545.ogg', NULL, NULL, NULL, 5, 2),
(316, 'ali_0025', '05cb8a5318f4eabff7a89ea87fb1bdd2.ogg', NULL, NULL, NULL, 5, 2),
(317, 'ali_0026', 'cd3b23208912d9e22b47dcde799f66d8.ogg', NULL, NULL, NULL, 5, 2),
(318, 'ali_0027', '90fe838232a5c35a7b774a7c74b5fdba.ogg', NULL, NULL, NULL, 5, 2),
(319, 'ali_0028', '0cd3a0a996e967269686d30bb081c28b.ogg', NULL, NULL, NULL, 5, 2),
(320, 'ali_0029', '2be2629ea94e35b2c0c560f2d9805dde.ogg', NULL, NULL, NULL, 5, 2),
(321, 'ali_0030', 'b13454ae786af6b90af4c6a5fcd8db8b.ogg', NULL, NULL, NULL, 5, 2),
(322, 'ali_0031', 'bec654fd214cac4cd8f509b7cda995e9.ogg', NULL, NULL, NULL, 5, 2),
(323, 'ali_0032', '627f66230c1148714c9e7ec12824ab50.ogg', NULL, NULL, NULL, 5, 2),
(324, 'ali_0033', 'fd76e53590a79a8e74cd2e114d7bc03b.ogg', NULL, NULL, NULL, 5, 2),
(325, 'ali_0034', '256bcfef26cf03ecc37b936c03dbcdf3.ogg', NULL, NULL, NULL, 5, 2),
(326, 'ali_0035', '6a3e1893aee78d696cbcc5d56affd0d7.ogg', NULL, NULL, NULL, 5, 2),
(327, 'ali_0036', '7f18376238faeaccedac578a8eb6c578.ogg', NULL, NULL, NULL, 5, 2),
(328, 'ali_0037', '23b1f01bf70431ddc77c57283ce437ea.ogg', NULL, NULL, NULL, 5, 2),
(329, 'ali_0038', '75b7418ace773c45fe363d91c8d4862b.ogg', NULL, NULL, NULL, 5, 2),
(330, 'ali_0039', '65c8a12c377dbfe0b3b5b6cd457711e7.ogg', NULL, NULL, NULL, 5, 2),
(331, 'ali_0040', '955163d45576d537c1fa94cc50c5f833.ogg', NULL, NULL, NULL, 5, 2),
(332, 'ali_0041', 'f2bd3fa71c97850cafc4b5066fb3b46c.ogg', NULL, NULL, NULL, 5, 2),
(333, 'ali_0042', '4c2b122d973d92bd65ee90aab4a6b304.ogg', NULL, NULL, NULL, 5, 2),
(334, 'ali_0043', 'f1109308629442494178019c555c37c1.ogg', NULL, NULL, NULL, 5, 2),
(335, 'ali_0044', 'c1ffd693524dc6a5fc3c67f7d1e570e5.ogg', NULL, NULL, NULL, 5, 2),
(336, 'ali_0045', '0bfa8fc85902ea3c2f11605f48b8650c.ogg', NULL, NULL, NULL, 5, 2),
(337, 'ali_0046', '0a43277139b519901809e50c6707c279.ogg', NULL, NULL, NULL, 5, 2),
(338, 'aya_0048', 'a6044c503076047d4ffb0444a73056be.ogg', NULL, NULL, NULL, 5, 2),
(339, 'aya_0000', 'b819300e808cfed6e2bc7e86951dd22e.ogg', NULL, NULL, NULL, 5, 2),
(340, 'aya_0050', '93b587a0c3237b191e79ef76a9e1e223.ogg', NULL, NULL, NULL, 5, 2),
(341, 'aya_0049', '39f1e4dd5b8940792f57c696e65e223e.ogg', NULL, NULL, NULL, 5, 2),
(342, 'aya_0002', '6c8c9fe372a45bcb71fa330d5e024707.ogg', NULL, NULL, NULL, 5, 2),
(343, 'aya_0001', '4558259a8bd531166e14dc87c6d51276.ogg', NULL, NULL, NULL, 5, 2),
(344, 'aya_0003', 'fc8b7b582e7782f76c0f3ad294ab7190.ogg', NULL, NULL, NULL, 5, 2),
(345, 'aya_0004', '77b75eb0be0fe1c1b3db54a57a15a4d7.ogg', NULL, NULL, NULL, 5, 2),
(346, 'aya_0005', '2615cadb387981c57126daab9a553b06.ogg', NULL, NULL, NULL, 5, 2),
(347, 'aya_0006', '7b54f0284d3c2644a93ced8c6ee00557.ogg', NULL, NULL, NULL, 5, 2),
(348, 'aya_0007', '95dc27cb06d79ef21559d12a2a1f49e5.ogg', NULL, NULL, NULL, 5, 2),
(349, 'aya_0008', '013be95934262cfbf6c81945697c3d1b.ogg', NULL, NULL, NULL, 5, 2),
(350, 'aya_0009', 'b7e2876dfeb70170e95c6a16cc9b445a.ogg', NULL, NULL, NULL, 5, 2),
(351, 'aya_0010', '0f9dfd0f7921a5e2b3de0cac5704bb29.ogg', NULL, NULL, NULL, 5, 2),
(352, 'aya_0011', '05c55bc9a3fa8dc318e674018b7fd0ae.ogg', NULL, NULL, NULL, 5, 2),
(353, 'aya_0012', 'ce56f53671dbfa67c1315dc49724132d.ogg', NULL, NULL, NULL, 5, 2),
(354, 'aya_0013', 'e85b5c285cb540fdb047bfc54951f4ec.ogg', NULL, NULL, NULL, 5, 2),
(355, 'aya_0014', '7282f928bbeaaf5d3f5c6b6495446bf6.ogg', NULL, NULL, NULL, 5, 2),
(356, 'aya_0015', '7fdc39218bd0b5aa9c3e25353894612a.ogg', NULL, NULL, NULL, 5, 2),
(357, 'aya_0016', '4dce4929e2ec2e496b1c503da9b34eb9.ogg', NULL, NULL, NULL, 5, 2),
(358, 'aya_0017', 'c244cfcd997442403bddd2f8b56eeef6.ogg', NULL, NULL, NULL, 5, 2),
(359, 'aya_0018', 'bf6a94a546abd08f0d8429f4a9fdaa20.ogg', NULL, NULL, NULL, 5, 2),
(360, 'aya_0019', '317efccf9e9fcc058298c126859f6cc7.ogg', NULL, NULL, NULL, 5, 2),
(361, 'aya_0020', '4751bc14bf5d5e68bce9f56dfe5c22b7.ogg', NULL, NULL, NULL, 5, 2),
(362, 'aya_0021', '185db36f4dff1347d6ab81870ab5c2d2.ogg', NULL, NULL, NULL, 5, 2),
(363, 'aya_0022', 'cb034c51531aa462626baf72ff24cc1d.ogg', NULL, NULL, NULL, 5, 2),
(364, 'aya_0023', '3a5e37cd06ea85284faab32b99ec1cf8.ogg', NULL, NULL, NULL, 5, 2),
(365, 'aya_0024', '44d4763b5765b15de80cd98227c21b97.ogg', NULL, NULL, NULL, 5, 2),
(366, 'aya_0025', 'de01d992e2db9fa8d16fdab210f7e365.ogg', NULL, NULL, NULL, 5, 2),
(367, 'aya_0026', '141c5cc74360652a95b84931a7b461e7.ogg', NULL, NULL, NULL, 5, 2),
(368, 'aya_0027', '5beb69be663da8d35f8c102feec3f45c.ogg', NULL, NULL, NULL, 5, 2),
(369, 'aya_0028', '00c534a5e3c36202a7ea8153d5326f00.ogg', NULL, NULL, NULL, 5, 2),
(370, 'aya_0029', 'd6c96f594919baacc94de2e092269507.ogg', NULL, NULL, NULL, 5, 2),
(371, 'aya_0030', '38da7943c29d610c118de8218cf3e783.ogg', NULL, NULL, NULL, 5, 2),
(372, 'aya_0031', '2be5e684038d6c72da621915561a49b6.ogg', NULL, NULL, NULL, 5, 2),
(373, 'aya_0032', 'b4b3f4ba1642787f5fb0326a4436bce7.ogg', NULL, NULL, NULL, 5, 2),
(374, 'aya_0033', 'd80ec533c3e8f32c5ac272204e7a9b14.ogg', NULL, NULL, NULL, 5, 2),
(375, 'aya_0034', '54fa78cc5fd06b9db0ec65d726dc34db.ogg', NULL, NULL, NULL, 5, 2),
(376, 'aya_0035', '3b4ef65919cff19c5af9851d4e41c78a.ogg', NULL, NULL, NULL, 5, 2),
(377, 'aya_0036', '62c4977f947cd0bc96d042a3ebc4928d.ogg', NULL, NULL, NULL, 5, 2),
(378, 'aya_0037', '447784feba0bf04d478d2d0772372c67.ogg', NULL, NULL, NULL, 5, 2),
(379, 'aya_0038', '8106fe7fe06a1b3f8f14eab5641298f4.ogg', NULL, NULL, NULL, 5, 2),
(380, 'aya_0039', 'b8b388c68e4b594b337af7b0ef1e4016.ogg', NULL, NULL, NULL, 5, 2),
(381, 'aya_0040', '8351a5f5fcf88fcab1a827018cac6fd7.ogg', NULL, NULL, NULL, 5, 2),
(382, 'aya_0041', '768c3578e4110f5520c8c62c197d1114.ogg', NULL, NULL, NULL, 5, 2),
(383, 'aya_0042', 'a40109da6318b6f2225754a1ce086d5e.ogg', NULL, NULL, NULL, 5, 2),
(384, 'aya_0043', '00ede5367954c3d3362d6984a4433e8e.ogg', NULL, NULL, NULL, 5, 2),
(385, 'aya_0044', 'e19689bcc0b48fbaace1c8fce9a70c37.ogg', NULL, NULL, NULL, 5, 2),
(386, 'aya_0045', '44b2dab81429f592f9707b4aa10aeb79.ogg', NULL, NULL, NULL, 5, 2),
(387, 'aya_0046', '175d39ae470256a9027b8b547b79cde2.ogg', NULL, NULL, NULL, 5, 2),
(388, 'aya_0047', '706857ff1d38541bee31cdb8d0477c87.ogg', NULL, NULL, NULL, 5, 2),
(389, 'chi_0000', 'de9870fa0a491d64dfa1105ea5096923.ogg', NULL, NULL, NULL, 5, 2),
(390, 'chi_0001', '6b7a27f2d581428410f49818ab14d349.ogg', NULL, NULL, NULL, 5, 2),
(391, 'chi_0002', '03f197bdfed4529c691aa3034acdffec.ogg', NULL, NULL, NULL, 5, 2),
(392, 'chi_0003', '0015cc94ffd1fc540981345530630cd5.ogg', NULL, NULL, NULL, 5, 2),
(393, 'chi_0004', 'b3cf981d77f0c66ac3bfe363aab14ec4.ogg', NULL, NULL, NULL, 5, 2),
(394, 'chi_0005', '5dd79a3f7a8a718d76969934d3bf2616.ogg', NULL, NULL, NULL, 5, 2),
(395, 'chi_0006', '089480c13d0040f133a7e228518bf18d.ogg', NULL, NULL, NULL, 5, 2),
(396, 'chi_0007', 'a792e7275a7fa3ff5ebc651b1bc8c3a0.ogg', NULL, NULL, NULL, 5, 2),
(397, 'chi_0008', '9a4b476b9247ff9a3f12f53820bc63a0.ogg', NULL, NULL, NULL, 5, 2),
(398, 'chi_0009', 'ba81211602bcecc08ae108b2a754ee59.ogg', NULL, NULL, NULL, 5, 2),
(399, 'chi_0010', 'a3d40ddaa4fd23719e35ab2e9fdb8962.ogg', NULL, NULL, NULL, 5, 2),
(400, 'chi_0011', '59cf2577958538ae4cdb78306ed4829a.ogg', NULL, NULL, NULL, 5, 2),
(401, 'chi_0012', '25b21024415b4afb9c3b84ce127c9e31.ogg', NULL, NULL, NULL, 5, 2),
(402, 'chi_0013', '98a1e67f2d2dec1b4560a6bc90a149c1.ogg', NULL, NULL, NULL, 5, 2),
(403, 'chi_0014', '53f64f521670ab652148d59adbb877bb.ogg', NULL, NULL, NULL, 5, 2),
(404, 'chi_0015', 'ef6e24b78fc01da8e4095de76d40a61e.ogg', NULL, NULL, NULL, 5, 2),
(405, 'chi_0016', '1d34eedf6e2b79fd4328d41659652b96.ogg', NULL, NULL, NULL, 5, 2),
(406, 'chi_0017', 'ddf3fd1432796fcbf6d0f8fbd759a880.ogg', NULL, NULL, NULL, 5, 2),
(407, 'chi_0018', '2e21385b565abeedc13531f1624e08c2.ogg', NULL, NULL, NULL, 5, 2),
(408, 'chi_0019', '9308fdb1aa05b4c4a78fdbc1816e25f0.ogg', NULL, NULL, NULL, 5, 2),
(409, 'chi_0020', '19f18eb9d75b5882f18a6f34db890a2c.ogg', NULL, NULL, NULL, 5, 2),
(410, 'chi_0021', '9721de51ebdbe162a8b320902518346f.ogg', NULL, NULL, NULL, 5, 2),
(411, 'chi_0022', '30bd094ecd09ba0df0308082b8bc91f4.ogg', NULL, NULL, NULL, 5, 2),
(412, 'chi_0023', 'e8695ce773c355f1fa63a92c38b3ff68.ogg', NULL, NULL, NULL, 5, 2),
(413, 'chi_0024', '61e7a6a1efa06a0d4de93e0a7c840719.ogg', NULL, NULL, NULL, 5, 2),
(414, 'chi_0025', '812bf559814507682a9919c869a49265.ogg', NULL, NULL, NULL, 5, 2),
(415, 'chi_0026', 'f603465da506aedb136d1445f2485daa.ogg', NULL, NULL, NULL, 5, 2),
(416, 'chi_0027', '167c5fff41c263bc2897fafb5e7ea0fd.ogg', NULL, NULL, NULL, 5, 2),
(417, 'chi_0028', '48148d25fd042cbbf3d322999ab4027d.ogg', NULL, NULL, NULL, 5, 2),
(418, 'chi_0029', 'ffc0d8543971b47581cd9c2a93066bef.ogg', NULL, NULL, NULL, 5, 2),
(419, 'chi_0030', '964f9a2a0c9342b7ee64fdc8996dc530.ogg', NULL, NULL, NULL, 5, 2),
(420, 'chi_0031', 'cd41fe8f93e5bb957b5ba73d21108d3e.ogg', NULL, NULL, NULL, 5, 2),
(421, 'chi_0032', '26ebc0efb98a011717b373914c70fcda.ogg', NULL, NULL, NULL, 5, 2),
(422, 'chi_0033', 'c41aa5d69261f87f1efa8947424a8186.ogg', NULL, NULL, NULL, 5, 2),
(423, 'chi_0034', '7a5ff47337de270cb669afe87b66420b.ogg', NULL, NULL, NULL, 5, 2),
(424, 'chi_0035', '26dbfa5d044bd3a07a6249dae49d93c3.ogg', NULL, NULL, NULL, 5, 2),
(425, 'chi_0036', '2c74375a9cb88f460ca17bd36e883ec5.ogg', NULL, NULL, NULL, 5, 2),
(426, 'chi_0037', 'f69ffab13d6db66b81b41d11e34983a7.ogg', NULL, NULL, NULL, 5, 2),
(427, 'chi_0038', '57c3944d222ece4f5e17a9de0f448c5a.ogg', NULL, NULL, NULL, 5, 2),
(428, 'chi_0039', '8136b14a29899802ca5cdc4ffb3c725b.ogg', NULL, NULL, NULL, 5, 2),
(429, 'chi_0040', '979e9e43247f96c8e0cd73f085c70072.ogg', NULL, NULL, NULL, 5, 2),
(430, 'chi_0041', '9f59e5fb4d4320eb65877eb7cc752f2a.ogg', NULL, NULL, NULL, 5, 2),
(431, 'chi_0042', '2637e224342cf7ee8f55c2fc0a47cd61.ogg', NULL, NULL, NULL, 5, 2),
(432, 'chi_0043', 'e416991341c1a97032679133e6ac4c16.ogg', NULL, NULL, NULL, 5, 2),
(433, 'chi_0044', '70865e6600e7652cc017975e98156f72.ogg', NULL, NULL, NULL, 5, 2),
(434, 'chi_0045', '58a950c07eb8840959669b912512fba9.ogg', NULL, NULL, NULL, 5, 2),
(435, 'chi_0046', 'bf179dfadb98437898aa9d809463037c.ogg', NULL, NULL, NULL, 5, 2),
(436, 'chi_0047', '9bf55f11e5873d69666c59ede42fdea9.ogg', NULL, NULL, NULL, 5, 2),
(437, 'chi_0048', '75cceb24a7a5f2f43c4f8f4c99ccbaee.ogg', NULL, NULL, NULL, 5, 2),
(438, 'chi_0049', '0c0cf16eacac1cecfc91f298eb71bec8.ogg', NULL, NULL, NULL, 5, 2),
(439, 'chi_0050', '8f69f057e6ad789abfd08506123540a9.ogg', NULL, NULL, NULL, 5, 2),
(440, 'etc_9999', 'dbb995faadbe80dd294654120f79357b.ogg', NULL, NULL, NULL, 5, 2),
(441, 'dai_0000', '1eb9a0367186f2fac59a75ffab092d77.ogg', NULL, NULL, NULL, 5, 2),
(442, 'dai_0001', '08ea8dca211109720563de803cdfd5ee.ogg', NULL, NULL, NULL, 5, 2),
(443, 'dai_0002', '62a6754d7b70267b3c513a8190bc45fb.ogg', NULL, NULL, NULL, 5, 2),
(444, 'dai_0003', 'ca1befd872c3e6e4c746c1fe32a4ddd8.ogg', NULL, NULL, NULL, 5, 2),
(445, 'dai_0004', '9eb8a577ab386477630961d01013b435.ogg', NULL, NULL, NULL, 5, 2),
(446, 'dai_0005', 'eb00ed3048987a5455554e90550d7e97.ogg', NULL, NULL, NULL, 5, 2),
(447, 'dai_0006', 'a48e009b8024d5a2a9bfbc9577467ac5.ogg', NULL, NULL, NULL, 5, 2),
(448, 'dai_0007', '82cabf3f897029ed90c37d7272c36b4a.ogg', NULL, NULL, NULL, 5, 2),
(449, 'dai_0008', 'd44caffa19c8419fe402e294eb6fd2de.ogg', NULL, NULL, NULL, 5, 2),
(450, 'dai_0009', 'e500716a1fb10d26484dc244ed609d64.ogg', NULL, NULL, NULL, 5, 2),
(451, 'dai_0010', '6fb059340bdd7fdd9964bb4a55a194bc.ogg', NULL, NULL, NULL, 5, 2),
(452, 'dai_0011', '22ddbef76b6994ebe42b6ecc63163773.ogg', NULL, NULL, NULL, 5, 2),
(453, 'dai_0012', '210e64073b1af5c1735a8a692566b7f7.ogg', NULL, NULL, NULL, 5, 2),
(454, 'dai_0013', '962e5d56177d61d01808d2958753a802.ogg', NULL, NULL, NULL, 5, 2),
(455, 'dai_0014', 'b125a5e473a437a0f0e4bc4d14b635c6.ogg', NULL, NULL, NULL, 5, 2),
(456, 'dai_0015', 'bcc8a8d0b665590adb8f22277c921aa6.ogg', NULL, NULL, NULL, 5, 2),
(457, 'dai_0016', '1077ee0ee6d0ab8e5a12d42b2b174772.ogg', NULL, NULL, NULL, 5, 2),
(458, 'etc_0000', '08b16c6e694374cabe2549cdec9170e0.ogg', NULL, NULL, NULL, 5, 2),
(459, 'etc_0001_m', '18f9514e0cddac4f15a0952cac4a0b27.ogg', NULL, NULL, NULL, 5, 2),
(460, 'etc_0001', 'eada8f510666b4a9ae9d6e4840b08ea3.ogg', NULL, NULL, NULL, 5, 2),
(461, 'etc_0002', 'b3ed4fd72aab3e492f778e6ea8846953.ogg', NULL, NULL, NULL, 5, 2),
(462, 'etc_0003', '22fe27d1a00b6c283ce595dd0796a0f8.ogg', NULL, NULL, NULL, 5, 2),
(463, 'etc_0004', '3026117e620259a0a3fa19c215df4296.ogg', NULL, NULL, NULL, 5, 2),
(464, 'etc_0005', 'e34dc731f2a17785c523e163d648a651.ogg', NULL, NULL, NULL, 5, 2),
(465, 'etc_0006', '05af93d2d324a32d9cc37facb6b65795.ogg', NULL, NULL, NULL, 5, 2),
(466, 'etc_0007', '2208d4d1e0fd35d7b42b67b9929266a7.ogg', NULL, NULL, NULL, 5, 2),
(467, 'etc_0008', 'ecb56340aac2e895ce670b43143021ca.ogg', NULL, NULL, NULL, 5, 2),
(468, 'etc_0009', '7b1ef71b10311d67a63b3d26d63b3082.ogg', NULL, NULL, NULL, 5, 2),
(469, 'etc_0010', 'eae86a36c188f6bee48074ae1d703fed.ogg', NULL, NULL, NULL, 5, 2),
(470, 'etc_0011', '6ffacc68b9cb33a4b7d1e4afeee9c2d2.ogg', NULL, NULL, NULL, 5, 2),
(471, 'etc_0012', '25679357dc6ae4ef225b4e66eec3a1ef.ogg', NULL, NULL, NULL, 5, 2),
(472, 'etc_0013', 'ce02892769ca35e535b17c1fd0a001a4.ogg', NULL, NULL, NULL, 5, 2),
(473, 'etc_0014', '573f342a466b7c9b346668ba6c2df513.ogg', NULL, NULL, NULL, 5, 2),
(474, 'etc_0015', 'ce844894e53fa441d47910138b4aaed6.ogg', NULL, NULL, NULL, 5, 2),
(475, 'etc_0016', '123da4c272788c7e3d92401cc1eb7506.ogg', NULL, NULL, NULL, 5, 2),
(476, 'etc_0017_yanase', '341137611fe8262ba35adfd42fc2c244.ogg', NULL, NULL, NULL, 5, 2),
(477, 'etc_0017', '2f27788409cb95b8a6c7397e5fb2a1a6.ogg', NULL, NULL, NULL, 5, 2),
(478, 'etc_0018', '398c9532001742d3f3fb7b489ecfba91.ogg', NULL, NULL, NULL, 5, 2),
(479, 'etc_0019', 'd4f0830531a8d0c3c0d0ade56d581ea8.ogg', NULL, NULL, NULL, 5, 2),
(480, 'etc_0020', '39a3e0d0846e34c98992ff2f8b7834fd.ogg', NULL, NULL, NULL, 5, 2),
(481, 'etc_0021', 'ee72b23151f0e4a33d6a47e86f6122e6.ogg', NULL, NULL, NULL, 5, 2),
(482, 'etc_0022', '5c163a242f9fb2c0c27fbdb1800fe76e.ogg', NULL, NULL, NULL, 5, 2),
(483, 'etc_0023', '50ec139b0df7920636cb8e7d1600f8a7.ogg', NULL, NULL, NULL, 5, 2),
(484, 'gameover1', 'db71565d46f5bccbe4428f147f4e57ba.ogg', NULL, NULL, NULL, 5, 2),
(485, 'gameover2', '293dedd14358748f2189ea7b367c7e99.ogg', NULL, NULL, NULL, 5, 2),
(486, 'gameover3', '6869d7c708ff1d384f1f101e6ec96c1c.ogg', NULL, NULL, NULL, 5, 2),
(487, 'gameover4', '284197279501f7bcbb91cb646cafeb5e.ogg', NULL, NULL, NULL, 5, 2),
(488, 'koa_0048', 'f485e7968e57880e5bc454ab2f9a8a59.ogg', NULL, NULL, NULL, 5, 2),
(489, 'koa_0049', '20ae7f48cb8fd74a87ce879f361c1b77.ogg', NULL, NULL, NULL, 5, 2),
(490, 'hou_0001', 'c4bbd910fb6a815754658d42cddb83a6.ogg', NULL, NULL, NULL, 5, 2),
(491, 'hou_0002', '289f303981e88b4362ec3c9d9dc9e6a9.ogg', NULL, NULL, NULL, 5, 2),
(492, 'koa_0050', '3443f355065b559447ce65db59582ecc.ogg', NULL, NULL, NULL, 5, 2),
(493, 'koa_0000', 'd9669b8f18ff53aa1be91effad3b518b.ogg', NULL, NULL, NULL, 5, 2),
(494, 'koa_0001', '09b7cdba229674d683f245980a33f973.ogg', NULL, NULL, NULL, 5, 2),
(495, 'koa_0002', '896b5080ef9ef90d194afc1191290c33.ogg', NULL, NULL, NULL, 5, 2),
(496, 'koa_0003', 'c8de358f67fed42557b7ff3ffae20bb4.ogg', NULL, NULL, NULL, 5, 2),
(497, 'koa_0004', '6e517070dca3f214263596d5eba106ab.ogg', NULL, NULL, NULL, 5, 2),
(498, 'koa_0005', 'f5b2535cf9a94ba823ebf33b16616762.ogg', NULL, NULL, NULL, 5, 2),
(499, 'koa_0006', '93d1f90df00d98b96088c9fa10854b67.ogg', NULL, NULL, NULL, 5, 2),
(500, 'koa_0007', '20521863574ef4dfaab4c93dee047e02.ogg', NULL, NULL, NULL, 5, 2),
(501, 'koa_0008', '9d264891c3de5aae2d6b352b88c99537.ogg', NULL, NULL, NULL, 5, 2),
(502, 'koa_0009', '597074019efd717b6cf2bbe929739d17.ogg', NULL, NULL, NULL, 5, 2),
(503, 'koa_0010', '9a690be282f1b4e4c281b29adaa14fb0.ogg', NULL, NULL, NULL, 5, 2),
(504, 'koa_0011', '885e40c74265ccb01d877707ed428019.ogg', NULL, NULL, NULL, 5, 2),
(505, 'koa_0012', '1cc072d417d8a4bb127204efb7b5529b.ogg', NULL, NULL, NULL, 5, 2),
(506, 'koa_0013', '5a8790db01dadaeee1d649c208b343e7.ogg', NULL, NULL, NULL, 5, 2),
(507, 'koa_0014', '56b93a082c13ca7b4e8bd959461b3a06.ogg', NULL, NULL, NULL, 5, 2),
(508, 'koa_0015', '6a9c713e738fa7358ea290ea29d405ac.ogg', NULL, NULL, NULL, 5, 2),
(509, 'koa_0016', '1afe3ce2ee2192e4d2c843667965872f.ogg', NULL, NULL, NULL, 5, 2),
(510, 'koa_0017', '68b71f3733174c1bdd96eb8cebd49182.ogg', NULL, NULL, NULL, 5, 2),
(511, 'koa_0018', '2c594ac865620220cd05d6d676b6f36c.ogg', NULL, NULL, NULL, 5, 2),
(512, 'koa_0019', '8054a0a6aec975139d91a3a48b96b363.ogg', NULL, NULL, NULL, 5, 2),
(513, 'koa_0021', 'ffce76fd22b1037c65e3908acea9d08c.ogg', NULL, NULL, NULL, 5, 2),
(514, 'koa_0022', '192261bf17182efb8ec050d09ec3f503.ogg', NULL, NULL, NULL, 5, 2),
(515, 'koa_0023', 'd1907151051a491e83ab81608c0e07a8.ogg', NULL, NULL, NULL, 5, 2),
(516, 'koa_0024', '0819db42fbd5d54dd25a1fc0264a90af.ogg', NULL, NULL, NULL, 5, 2),
(517, 'koa_0025', '3cb94c5b1e1cde764d4ade9424e9f385.ogg', NULL, NULL, NULL, 5, 2),
(518, 'koa_0026', '8467573d34ade647bc004ea133f37b06.ogg', NULL, NULL, NULL, 5, 2),
(519, 'koa_0027', '6e4321648d1a6ecf43eee3c6e5a18afc.ogg', NULL, NULL, NULL, 5, 2),
(520, 'koa_0028', '3ef89cf150ec67c5f7d8281b6299496c.ogg', NULL, NULL, NULL, 5, 2),
(521, 'koa_0020', '5e33a7edb336dee6e257670be8b4ac26.ogg', NULL, NULL, NULL, 5, 2),
(522, 'koa_0029', '4f8abcb8f8b8ce391bc7f8e6b5f0357b.ogg', NULL, NULL, NULL, 5, 2),
(523, 'koa_0030', '77a8711cd63a2b2254c9300d7fe9cf38.ogg', NULL, NULL, NULL, 5, 2),
(524, 'koa_0031', '13d384cbec3994b294568107bc4fe9eb.ogg', NULL, NULL, NULL, 5, 2),
(525, 'koa_0032', 'f333a3c2cde2d9fb04b6fa9ecc493382.ogg', NULL, NULL, NULL, 5, 2),
(526, 'koa_0033', '7b889cdfa89972575b6dedee753a1b63.ogg', NULL, NULL, NULL, 5, 2),
(527, 'koa_0034', 'a9b15e6bb41eff585f9f8b13cff69784.ogg', NULL, NULL, NULL, 5, 2),
(528, 'koa_0035', '1ada6a9a66370e3c8b9217dbfa00c3ef.ogg', NULL, NULL, NULL, 5, 2),
(529, 'koa_0036', '89ddef58d7b0b43b4004a74d5ce5a99b.ogg', NULL, NULL, NULL, 5, 2),
(530, 'koa_0037', '6fa8e25d80941bdfa56fd22ba84a4b51.ogg', NULL, NULL, NULL, 5, 2),
(531, 'koa_0038', '7cbd973ab8bc3947d5b88e46076bbd47.ogg', NULL, NULL, NULL, 5, 2),
(532, 'koa_0039', 'a1f8e46a2db2f3531b7c6815ebf6febf.ogg', NULL, NULL, NULL, 5, 2),
(533, 'koa_0040', '14001b09012dad68d0a6dcb150e8fa74.ogg', NULL, NULL, NULL, 5, 2),
(534, 'koa_0041', '9e05fe46f71a961f2b24bbe5f3b9ef94.ogg', NULL, NULL, NULL, 5, 2),
(535, 'koa_0042', '0204d7a7ccf4276e0fc12cbcf3ad3316.ogg', NULL, NULL, NULL, 5, 2),
(536, 'koa_0043', 'a7e2ea3fd4080479dba83e89ea730a41.ogg', NULL, NULL, NULL, 5, 2),
(537, 'koa_0044', '8f8111b6e9b63cec8aa6b683ce295fdc.ogg', NULL, NULL, NULL, 5, 2),
(538, 'koa_0045', 'cf992982cf5453cd8a7dfa1cbe3a65e7.ogg', NULL, NULL, NULL, 5, 2),
(539, 'koa_0046', 'd469d6ea8aa8db36751e223d83939c22.ogg', NULL, NULL, NULL, 5, 2),
(540, 'koa_0047', '6ca630542cd6a28154d6be599c0ee619.ogg', NULL, NULL, NULL, 5, 2),
(541, 'mar_0050', 'd138bf40cedd17ef81a4aa3d6a34c5bb.ogg', NULL, NULL, NULL, 5, 2),
(542, 'maa_0003', '59a40ebbd294060c8dee63584f87fc9d.ogg', NULL, NULL, NULL, 5, 2),
(543, 'maa_0001', '6484580197393bb326debef86dfadf1d.ogg', NULL, NULL, NULL, 5, 2),
(544, 'maa_0002', '639de77eae1aecd989f7ab450d1730e7.ogg', NULL, NULL, NULL, 5, 2),
(545, 'maa_0000', '0a613f77a60c7edcdf02a0310958ca64.ogg', NULL, NULL, NULL, 5, 2),
(546, 'maa_0004', 'c85aa73e63eca67eb43a65584555f0a9.ogg', NULL, NULL, NULL, 5, 2),
(547, 'maa_0005', 'dc509273978f0f0da96d3de3ac6dcf01.ogg', NULL, NULL, NULL, 5, 2),
(548, 'mab_0000', 'eb31797ac91ac0acd3fcf04d8e160e06.ogg', NULL, NULL, NULL, 5, 2),
(549, 'mab_0001', '4f20464d0ee31199d4b632f258daae5e.ogg', NULL, NULL, NULL, 5, 2),
(550, 'mab_0002', '67400caa0ed5cd18fc0d0f58a2b27a74.ogg', NULL, NULL, NULL, 5, 2),
(551, 'mab_0003', '63a7adeed4f61ba83181189e9a294e91.ogg', NULL, NULL, NULL, 5, 2),
(552, 'mab_0004', '5e2624bbee60706a80900e1e4b3fa342.ogg', NULL, NULL, NULL, 5, 2),
(553, 'mab_0005', '5f77278681bdf59268f28d32ca61198d.ogg', NULL, NULL, NULL, 5, 2),
(554, 'mar_0000', 'a1c88d2d9d81b55a80eb1ba5d913c5c9.ogg', NULL, NULL, NULL, 5, 2),
(555, 'mar_0001', '613543d29bd358ab237fed4f1fc6656e.ogg', NULL, NULL, NULL, 5, 2),
(556, 'mar_0002', '62cc666bd4c7a124f6d3f7e2ed7dfd6b.ogg', NULL, NULL, NULL, 5, 2),
(557, 'mar_0003', '7d45fbbe2cebee95f6d15e878bb03e57.ogg', NULL, NULL, NULL, 5, 2),
(558, 'mar_0004', 'ac18c2d19d981138b3c3fb4889de98d8.ogg', NULL, NULL, NULL, 5, 2),
(559, 'mar_0005', '513f7b55288e8c19cc3021d02a168875.ogg', NULL, NULL, NULL, 5, 2),
(560, 'mar_0006', '0253321ee71db7382dcd25f31d5886e5.ogg', NULL, NULL, NULL, 5, 2),
(561, 'mar_0007', 'c5ba550ea20c549998b6ddf80968acae.ogg', NULL, NULL, NULL, 5, 2),
(562, 'mar_0008', 'fef4dc0a955d84b5f17fa5e7b95a2c58.ogg', NULL, NULL, NULL, 5, 2),
(563, 'mar_0009', 'c676eca4a32b2fd27e0c11fdf6dd88f8.ogg', NULL, NULL, NULL, 5, 2),
(564, 'mar_0010', 'a30553a89b6a79c2999e98bcb7ff1eee.ogg', NULL, NULL, NULL, 5, 2),
(565, 'mar_0011', 'ccc29252e109e5f2e71855e4bfb51c4a.ogg', NULL, NULL, NULL, 5, 2),
(566, 'mar_0012', '81f61852e516e63f17a10d478b389c57.ogg', NULL, NULL, NULL, 5, 2),
(567, 'mar_0013', '3ae5e57a39bd4939859dbfe62d3195ec.ogg', NULL, NULL, NULL, 5, 2),
(568, 'mar_0014', '919c5c84b78ed778b566b83f9abec5cc.ogg', NULL, NULL, NULL, 5, 2),
(569, 'mar_0015', '9318152ca7f0b9e37b5c96f929974bac.ogg', NULL, NULL, NULL, 5, 2),
(570, 'mar_0016', 'c9f1246effdbd19fcaeaa53ea6a336e3.ogg', NULL, NULL, NULL, 5, 2),
(571, 'mar_0017', 'ff4967fef71b4fe219db574db8ba7ea7.ogg', NULL, NULL, NULL, 5, 2),
(572, 'mar_0018', '4b528acbfc0329b4d34c37d68a175e7e.ogg', NULL, NULL, NULL, 5, 2),
(573, 'mar_0019', 'be5cdee8cd5996f6d6e0ee08c27a332d.ogg', NULL, NULL, NULL, 5, 2),
(574, 'mar_0020', '456c706e07ebbff124173808684c2d9c.ogg', NULL, NULL, NULL, 5, 2),
(575, 'mar_0021', '3558e451246dd33d5b3b1c465b67ad01.ogg', NULL, NULL, NULL, 5, 2),
(576, 'mar_0022', 'c02c05df6eeec6927c114436973ec693.ogg', NULL, NULL, NULL, 5, 2),
(577, 'mar_0023', '17da9859864ad249eb39c34e73b23b3c.ogg', NULL, NULL, NULL, 5, 2),
(578, 'mar_0024', 'e86f8bb94d31a58c22f5e624b2416b07.ogg', NULL, NULL, NULL, 5, 2),
(579, 'mar_0025', 'c4220e11c9193b5649eed3b72784378e.ogg', NULL, NULL, NULL, 5, 2),
(580, 'mar_0026', '0ef89b15ac6d6beda38e3d0faded921b.ogg', NULL, NULL, NULL, 5, 2),
(581, 'mar_0027', '03956d775d70d9d45e5fd9833cb4e34e.ogg', NULL, NULL, NULL, 5, 2),
(582, 'mar_0028', '93755bafa50a405ee3c096d98c30a18e.ogg', NULL, NULL, NULL, 5, 2),
(583, 'mar_0029', 'ee5bde17a3d16d226557755e4800caca.ogg', NULL, NULL, NULL, 5, 2),
(584, 'mar_0030', '8a9568ea73b65424f99d1a30974eb464.ogg', NULL, NULL, NULL, 5, 2),
(585, 'mar_0031', '7953e9fdc40692719b5d38f8e1dc3f4b.ogg', NULL, NULL, NULL, 5, 2),
(586, 'mar_0032', '97806f73ed8b3153378d6e069122584c.ogg', NULL, NULL, NULL, 5, 2),
(587, 'mar_0033', '96e003e7ff47f6388151e067e2855626.ogg', NULL, NULL, NULL, 5, 2),
(588, 'mar_0034', 'f8f28619f9770775e6e533700a3c6dc5.ogg', NULL, NULL, NULL, 5, 2),
(589, 'mar_0035', '962686da501478460aeb17f183324d84.ogg', NULL, NULL, NULL, 5, 2),
(590, 'mar_0036', '882a4c2fb307bdc2fd0d05798270681b.ogg', NULL, NULL, NULL, 5, 2),
(591, 'mar_0037', '600d587ed2e68335c15e86c11c9b1a35.ogg', NULL, NULL, NULL, 5, 2),
(592, 'mar_0038', '38b32f7264e098dac6d07e3493309a1f.ogg', NULL, NULL, NULL, 5, 2),
(593, 'mar_0039', 'feaaeabfe27777168f636814bb5594b7.ogg', NULL, NULL, NULL, 5, 2),
(594, 'mar_0040', 'ab0ea953b6741425ce482a88b0f255e4.ogg', NULL, NULL, NULL, 5, 2),
(595, 'mar_0041', 'b114fd559e24af6426269a702ddc44d6.ogg', NULL, NULL, NULL, 5, 2),
(596, 'mar_0042', '8be5fc347bb8eb7c41146b9cc60e2fac.ogg', NULL, NULL, NULL, 5, 2),
(597, 'mar_0043', '81dd932ae13a1fd0e1805ae07065de86.ogg', NULL, NULL, NULL, 5, 2),
(598, 'mar_0044', 'e09074ff84c9d24a6e01c01a05f2e321.ogg', NULL, NULL, NULL, 5, 2),
(599, 'mar_0045', 'fd9dd6fd8872bb72e7e2dd924d5afa79.ogg', NULL, NULL, NULL, 5, 2),
(600, 'mar_0046', '65f118d2542ed1b041b1b4defa139b9d.ogg', NULL, NULL, NULL, 5, 2),
(601, 'mar_0047', '21bff6d3735df221f58ba0135e7d24b3.ogg', NULL, NULL, NULL, 5, 2),
(602, 'mar_0048', '328b043a45798a4a6ca5655ef4b38d7c.ogg', NULL, NULL, NULL, 5, 2),
(603, 'mar_0049', '966f3713a87576e3e9ce91c92aae2150.ogg', NULL, NULL, NULL, 5, 2),
(604, 'mei_0048', '7e96357dd0d267eb8420e432fcfb6d84.ogg', NULL, NULL, NULL, 5, 2),
(605, 'mei_0049', 'e2cac28f2d043c98c37599f8dcdda68a.ogg', NULL, NULL, NULL, 5, 2),
(606, 'mei_0050', '75e0f75347043fca953a136486afec44.ogg', NULL, NULL, NULL, 5, 2),
(607, 'mei_0000', 'fcd6ad0cbb6efada54c091f86ccc24dd.ogg', NULL, NULL, NULL, 5, 2),
(608, 'mei_0001', '9bbb06ad07a9f66082a9804012fb04a0.ogg', NULL, NULL, NULL, 5, 2),
(609, 'mei_0002', '1744fca80ac46fab88a36a8a087d7c01.ogg', NULL, NULL, NULL, 5, 2),
(610, 'mei_0003', '411360e198bcf5c3afff2e5c25f76969.ogg', NULL, NULL, NULL, 5, 2),
(611, 'mei_0004', '081848c48a2f127bc9a65bc1a8e0aa53.ogg', NULL, NULL, NULL, 5, 2),
(612, 'mei_0005', 'e8b90c3029eff56a2dcc8f9772556a5d.ogg', NULL, NULL, NULL, 5, 2),
(613, 'mei_0006', '50a704608611be5e4c11c778e041f4a7.ogg', NULL, NULL, NULL, 5, 2),
(614, 'mei_0007', '729f6c5cf6e58435f8f8cbeb59147e60.ogg', NULL, NULL, NULL, 5, 2),
(615, 'mei_0008', '8597eddf113a379a6336a655061ce940.ogg', NULL, NULL, NULL, 5, 2),
(616, 'mei_0009', 'ada7aca90a078482523bb7a7408dec20.ogg', NULL, NULL, NULL, 5, 2),
(617, 'mei_0010', '8e76419d28e2e51d8c10bb87d6eeae33.ogg', NULL, NULL, NULL, 5, 2),
(618, 'mei_0011', '6459921fd40815c2e47e0d50a7987248.ogg', NULL, NULL, NULL, 5, 2),
(619, 'mei_0012', '0022971c614122cfe4c425c113e143da.ogg', NULL, NULL, NULL, 5, 2),
(620, 'mei_0013', 'b61286a9e52d6f63c29c437bfddc1e0d.ogg', NULL, NULL, NULL, 5, 2),
(621, 'mei_0014', '9d779a19539430736462da99c5f63b9a.ogg', NULL, NULL, NULL, 5, 2);
INSERT INTO `resource` (`resource_id`, `name`, `file_name`, `character_name`, `figure_name`, `expression_name`, `fk_resourcetype_id`, `fk_project_id`) VALUES
(622, 'mei_0015', '8691ece98ae503f52c7edc1370919d86.ogg', NULL, NULL, NULL, 5, 2),
(623, 'mei_0016', 'f46304f0f59c6fe5d20912f3b06edf9f.ogg', NULL, NULL, NULL, 5, 2),
(624, 'mei_0017', '09427e3c62b68bca4b2a26beb5c7d1f6.ogg', NULL, NULL, NULL, 5, 2),
(625, 'mei_0018', 'd3e78a769ddd1cea4ed118a552e13c7f.ogg', NULL, NULL, NULL, 5, 2),
(626, 'mei_0019', '13375d5af0f1e23c970201976af728bd.ogg', NULL, NULL, NULL, 5, 2),
(627, 'mei_0020', 'e6292fcee487fc0d57cea5f05f3e15aa.ogg', NULL, NULL, NULL, 5, 2),
(628, 'mei_0021', '9cdbc358e0c7fa73bee407fec49d5137.ogg', NULL, NULL, NULL, 5, 2),
(629, 'mei_0022', '67ca81b9bc07a293e62c4959814a3e73.ogg', NULL, NULL, NULL, 5, 2),
(630, 'mei_0023', 'e83b9fdccf4647e8d110a14415e8f45d.ogg', NULL, NULL, NULL, 5, 2),
(631, 'mei_0024', 'd0693daee5c716f4a9d01781c29f17da.ogg', NULL, NULL, NULL, 5, 2),
(632, 'mei_0025', 'f76c221bfb9fc5fc07493438962f5b99.ogg', NULL, NULL, NULL, 5, 2),
(633, 'mei_0026', 'aa4845a7f5c4aa88f2e6d88290363a7e.ogg', NULL, NULL, NULL, 5, 2),
(634, 'mei_0027', 'c801bc1c33ae403522d9a05d741269d5.ogg', NULL, NULL, NULL, 5, 2),
(635, 'mei_0028', '801dd37953402e1992433f5c83bd826e.ogg', NULL, NULL, NULL, 5, 2),
(636, 'mei_0029', '558c5cfa292c404d21157bd04d5a496d.ogg', NULL, NULL, NULL, 5, 2),
(637, 'mei_0030', '823c736dab7d7419714d146706e17864.ogg', NULL, NULL, NULL, 5, 2),
(638, 'mei_0031', '228724a20163cb0cbc1433e0cc78f99f.ogg', NULL, NULL, NULL, 5, 2),
(639, 'mei_0032', 'a13cd792c26981d2a304923a8375f3dd.ogg', NULL, NULL, NULL, 5, 2),
(640, 'mei_0033', '9ffc97c7b2c9579962467959e2e40804.ogg', NULL, NULL, NULL, 5, 2),
(641, 'mei_0034', 'b2726d03cb51aa9a3b71ad010f623ae3.ogg', NULL, NULL, NULL, 5, 2),
(642, 'mei_0035', 'b9c8b60dd47142949f80c2ec5db09226.ogg', NULL, NULL, NULL, 5, 2),
(643, 'mei_0036', '4f57a5af3711d34e9b5c05f52acedf22.ogg', NULL, NULL, NULL, 5, 2),
(644, 'mei_0037', 'e68f6d5e1398a918f2dbf704fba55682.ogg', NULL, NULL, NULL, 5, 2),
(645, 'mei_0038', 'bd112dc901c21b3c4172af7dcb4d58e8.ogg', NULL, NULL, NULL, 5, 2),
(646, 'mei_0039', 'f126965bc142f6cc019cc262a7f6b11c.ogg', NULL, NULL, NULL, 5, 2),
(647, 'mei_0040', '873772279c36c97f0477fadded93575e.ogg', NULL, NULL, NULL, 5, 2),
(648, 'mei_0041', '077b633d9ee0d47f13dbe7bd1a923b00.ogg', NULL, NULL, NULL, 5, 2),
(649, 'mei_0042', '4ea0f699d346920dbea089cde6ff509c.ogg', NULL, NULL, NULL, 5, 2),
(650, 'mei_0043', '9754425a22cad25f03e5d49f598ba7fd.ogg', NULL, NULL, NULL, 5, 2),
(651, 'mei_0044', '8899ab499bdd864e2297fd12f0e2c130.ogg', NULL, NULL, NULL, 5, 2),
(652, 'mei_0045', '7d0bf502af291651b929740519a7aee7.ogg', NULL, NULL, NULL, 5, 2),
(653, 'mei_0046', '72a20f1362dac5b23260d623cac98a8a.ogg', NULL, NULL, NULL, 5, 2),
(654, 'mei_0047', 'a8844a9db179de710c26c271760fbb35.ogg', NULL, NULL, NULL, 5, 2),
(655, 'pac_0000', 'b69aacd4448e887fcd9640d9f3b39f6b.ogg', NULL, NULL, NULL, 5, 2),
(656, 'pac_0001', '8860cdd5e220de24d7f2b0d916f1a9cc.ogg', NULL, NULL, NULL, 5, 2),
(657, 'pac_0004', 'ad8a4c4cb3e3b8e277f146114ded6731.ogg', NULL, NULL, NULL, 5, 2),
(658, 'pac_0005', 'e7b5dd558be515b5bee12bc86c7e7d13.ogg', NULL, NULL, NULL, 5, 2),
(659, 'pac_0003', '646a42e3bd6b73c6a781b47c396273ed.ogg', NULL, NULL, NULL, 5, 2),
(660, 'pac_0002', '6b5839e60338958da098c17592525244.ogg', NULL, NULL, NULL, 5, 2),
(661, 'pac_0006', 'efb6d9f5ed3ded49d92a27e1ef15fe8e.ogg', NULL, NULL, NULL, 5, 2),
(662, 'pac_0007', 'b94766c50fb9954406a34b19dcff1e90.ogg', NULL, NULL, NULL, 5, 2),
(663, 'pac_0008', '1293a1950ddf27770437c5e9e8be6206.ogg', NULL, NULL, NULL, 5, 2),
(664, 'pac_0009', 'fffaee9086f1d601698cca92038e7913.ogg', NULL, NULL, NULL, 5, 2),
(665, 'pac_0010', '7c0bd1f70647e418f4221f04bc506913.ogg', NULL, NULL, NULL, 5, 2),
(666, 'pac_0011', 'd29de95ac91c76d086f930afbe27f82f.ogg', NULL, NULL, NULL, 5, 2),
(667, 'pac_0012', 'c91a3115efd8e44d2d0b250856cb8a98.ogg', NULL, NULL, NULL, 5, 2),
(668, 'pac_0013', '62ada4de77b8c56efda63c51e2b27f36.ogg', NULL, NULL, NULL, 5, 2),
(669, 'pac_0014', '8f6c87ecff87e89ab2177e3c12abac51.ogg', NULL, NULL, NULL, 5, 2),
(670, 'pac_0015', '6a3adfbe008110ddf844a7a2966cf3fc.ogg', NULL, NULL, NULL, 5, 2),
(671, 'pac_0016', '65a3594e9e4e79225a495473af09c57c.ogg', NULL, NULL, NULL, 5, 2),
(672, 'pac_0017', '832c2f925e3903340c41a218f6d3c32d.ogg', NULL, NULL, NULL, 5, 2),
(673, 'pac_0018', '5535628b6b2170241e33f6ff6b064bfd.ogg', NULL, NULL, NULL, 5, 2),
(674, 'pac_0019', '368034608b8fd1a858c3b3d3cf97fca1.ogg', NULL, NULL, NULL, 5, 2),
(675, 'pac_0020', '5599e57cbf3bd92f24da94843c87e169.ogg', NULL, NULL, NULL, 5, 2),
(676, 'pac_0021', '01f2f6ab02caaa5d996700700a169680.ogg', NULL, NULL, NULL, 5, 2),
(677, 'pac_0022', '72d73ad06b447e520875feb2378c0fb0.ogg', NULL, NULL, NULL, 5, 2),
(678, 'pac_0023', '4178dd845b588faf6758eb8f8b1e2aa3.ogg', NULL, NULL, NULL, 5, 2),
(679, 'pac_0024', '8b6cc00aa2a867200904c7ed5839dbc6.ogg', NULL, NULL, NULL, 5, 2),
(680, 'pac_0025', 'c2aa0f180f5a9da0e5f2d356dc55de00.ogg', NULL, NULL, NULL, 5, 2),
(681, 'pac_0026', '1b7a6815095a3a8cf4e1f9253c770a49.ogg', NULL, NULL, NULL, 5, 2),
(682, 'pac_0027', '21d89a2efc9ebbef09dbd8847229a6d8.ogg', NULL, NULL, NULL, 5, 2),
(683, 'pac_0028', '28f678c91c85eceef200653fb9cebb97.ogg', NULL, NULL, NULL, 5, 2),
(684, 'pac_0029', '1342bff1f3f3599fc27cc394608e1d56.ogg', NULL, NULL, NULL, 5, 2),
(685, 'pac_0030', 'd39bf9daac4271fda103d3fccc2759b3.ogg', NULL, NULL, NULL, 5, 2),
(686, 'pac_0031', 'a8fdad1c967397adfec192823e61bf26.ogg', NULL, NULL, NULL, 5, 2),
(687, 'pac_0032', '8dac56d05ebfaab24ab501647935b161.ogg', NULL, NULL, NULL, 5, 2),
(688, 'pac_0033', 'fe2ac09e634b7fbd2e3fc120d2500a6f.ogg', NULL, NULL, NULL, 5, 2),
(689, 'pac_0034', '5b123dcbc60022970e82c5fb8190e5e4.ogg', NULL, NULL, NULL, 5, 2),
(690, 'pac_0035', '644f76db5768a3b2bf4bd31a261eeb28.ogg', NULL, NULL, NULL, 5, 2),
(691, 'pac_0036', '0a517c80996846d7bae928d6c8e1c958.ogg', NULL, NULL, NULL, 5, 2),
(692, 'pac_0037', '9f071c42f2661fb105ef6df8e18071f9.ogg', NULL, NULL, NULL, 5, 2),
(693, 'pac_0038', 'eae770db9610fe4ca0ea5903cc7132ea.ogg', NULL, NULL, NULL, 5, 2),
(694, 'pac_0039', '6407df1deb204f138df9c028f4f1ee10.ogg', NULL, NULL, NULL, 5, 2),
(695, 'pac_0040', '367cb9f33d4abff3d179556d97024fb7.ogg', NULL, NULL, NULL, 5, 2),
(696, 'pac_0041', '3ab3d043a3b2f2bc86524758f2e01fc8.ogg', NULL, NULL, NULL, 5, 2),
(697, 'pac_0042', 'd28f0b1856ede706133e829abd95cad4.ogg', NULL, NULL, NULL, 5, 2),
(698, 'pac_0043', '77c3587cc8b0fbbe33d0c523eb8f0632.ogg', NULL, NULL, NULL, 5, 2),
(699, 'pac_0044', '130401c6ec8cc3b0329f049ea4f1641b.ogg', NULL, NULL, NULL, 5, 2),
(700, 'pac_0045', '9ed8ed783be72d556474d5ff6e9b8bad.ogg', NULL, NULL, NULL, 5, 2),
(701, 'pac_0046', 'df35db5315ba608ce116667db6468af5.ogg', NULL, NULL, NULL, 5, 2),
(702, 'pac_0047', 'f6e0c8c04046fa07dfc03213b789dfa9.ogg', NULL, NULL, NULL, 5, 2),
(703, 'pac_0048', '7dea1b481870da5100ba3f877c4a8d83.ogg', NULL, NULL, NULL, 5, 2),
(704, 'pac_0049', 'da5f922612b6fc42e3e5f31cab768740.ogg', NULL, NULL, NULL, 5, 2),
(705, 'pac_0050', '325962eca220eb58df488e42b0c1d6b0.ogg', NULL, NULL, NULL, 5, 2),
(706, 'rei_0047', 'a7d1157ebbacc931140a7c089065d438.ogg', NULL, NULL, NULL, 5, 2),
(707, 'rei_0048', 'e620a3995bf0d72f3e361254d0ad6509.ogg', NULL, NULL, NULL, 5, 2),
(708, 'rei_0049', '6bd35804db5840302b6cbcb50560268e.ogg', NULL, NULL, NULL, 5, 2),
(709, 'rei_0050', 'c827743bc06198c80fa06cb28c6ea902.ogg', NULL, NULL, NULL, 5, 2),
(710, 'rei_0000', '925ab632fac67b2c147f68e5ea3ea814.ogg', NULL, NULL, NULL, 5, 2),
(711, 'rei_0001', 'f84729a0d14b1fee52e96604b54c430e.ogg', NULL, NULL, NULL, 5, 2),
(712, 'rei_0002', '070c46790a5c37e3a65d5a74179b64af.ogg', NULL, NULL, NULL, 5, 2),
(713, 'rei_0003', '4ab4c45b40b332318d6dffb5f6b1afa0.ogg', NULL, NULL, NULL, 5, 2),
(714, 'rei_0004', '4a351704782a26690f0a16a7fa30fa2e.ogg', NULL, NULL, NULL, 5, 2),
(715, 'rei_0005', 'bbc58a6180a8311b299df004fc23a13e.ogg', NULL, NULL, NULL, 5, 2),
(716, 'rei_0006', '930cdf1ca8c5bf68cd15adb1c0eee9eb.ogg', NULL, NULL, NULL, 5, 2),
(717, 'rei_0007', '910116fd961f1f4ac7b26c8012fe91ad.ogg', NULL, NULL, NULL, 5, 2),
(718, 'rei_0008', '93cac6cb2cdb7ea29827b1309aaa6b61.ogg', NULL, NULL, NULL, 5, 2),
(719, 'rei_0009', '9e9e898db53e9ef7d8ff2ec0185a0cd7.ogg', NULL, NULL, NULL, 5, 2),
(720, 'rei_0010', '2346ab32168286d7d3b6eb157d119b19.ogg', NULL, NULL, NULL, 5, 2),
(721, 'rei_0011', '14a38bad98d84a17cc0eb6d9578e8027.ogg', NULL, NULL, NULL, 5, 2),
(722, 'rei_0012', '2563b3c960c644521f89d0ba1bcf832f.ogg', NULL, NULL, NULL, 5, 2),
(723, 'rei_0013', '615ec11bd9b389413087715afd84a69d.ogg', NULL, NULL, NULL, 5, 2),
(724, 'rei_0014', 'a565e149953b906563a5dd799bcfd943.ogg', NULL, NULL, NULL, 5, 2),
(725, 'rei_0015', '4ed5cb00a9354d6490fb9cdebed394eb.ogg', NULL, NULL, NULL, 5, 2),
(726, 'rei_0016', 'f7f322731c227947fd01ecd06408da72.ogg', NULL, NULL, NULL, 5, 2),
(727, 'rei_0017', 'f910c535b16f604b114b75161ec98098.ogg', NULL, NULL, NULL, 5, 2),
(728, 'rei_0018', '09b6b6d01a84dc73e82e9b915edfbf8c.ogg', NULL, NULL, NULL, 5, 2),
(729, 'rei_0019', 'b9b0a4e2d0a9c6f496f53924267cc7b0.ogg', NULL, NULL, NULL, 5, 2),
(730, 'rei_0020', '5b490810826d8be7cfc34446606e16e8.ogg', NULL, NULL, NULL, 5, 2),
(731, 'rei_0021', 'f04cf20a8b4693c485748502cd1e28a8.ogg', NULL, NULL, NULL, 5, 2),
(732, 'rei_0022', 'bac1e3d2b833edd625851962adc2f31e.ogg', NULL, NULL, NULL, 5, 2),
(733, 'rei_0023', '26f4d2cbec05c74e81bf77d6c9f6eed4.ogg', NULL, NULL, NULL, 5, 2),
(734, 'rei_0024', 'ae786601115094beaa10b364aeaae87f.ogg', NULL, NULL, NULL, 5, 2),
(735, 'rei_0025', '1b68a89c6815971830957437781a9c0c.ogg', NULL, NULL, NULL, 5, 2),
(736, 'rei_0026', 'f4ed2646e44b725131759f8d64d541f6.ogg', NULL, NULL, NULL, 5, 2),
(737, 'rei_0027', '99e79a8ac161ac58580d8120a1d0227f.ogg', NULL, NULL, NULL, 5, 2),
(738, 'rei_0028', 'ece09af9cd98ffe8e95f8f11b6cc7efc.ogg', NULL, NULL, NULL, 5, 2),
(739, 'rei_0029', 'cfe8370c3c8391c4efed59547a281b39.ogg', NULL, NULL, NULL, 5, 2),
(740, 'rei_0030', 'b3c4fdbdfae74bcad28c145cb9e18681.ogg', NULL, NULL, NULL, 5, 2),
(741, 'rei_0031', '69bf5f443ada1adadd9097e38e952613.ogg', NULL, NULL, NULL, 5, 2),
(742, 'rei_0032', 'c9bc809912364e8bde812c56940ac7a3.ogg', NULL, NULL, NULL, 5, 2),
(743, 'rei_0033', '03bac10bf26e37ad595d705ddfe6e999.ogg', NULL, NULL, NULL, 5, 2),
(744, 'rei_0034', '6e1e03ada0f9fcde0198cd6d4a944a7a.ogg', NULL, NULL, NULL, 5, 2),
(745, 'rei_0035', 'ee5823377ea8d08011ae626f5af16815.ogg', NULL, NULL, NULL, 5, 2),
(746, 'rei_0036', 'aab059e0365b95364a45518b57bcc4bf.ogg', NULL, NULL, NULL, 5, 2),
(747, 'rei_0037', 'e5c0b4806d9c6c88df30c4745c32a9bf.ogg', NULL, NULL, NULL, 5, 2),
(748, 'rei_0038', '0b9aa00f911d06874070215401837420.ogg', NULL, NULL, NULL, 5, 2),
(749, 'rei_0039', 'b28541e6cdecb1465ec40ccfcb4675ca.ogg', NULL, NULL, NULL, 5, 2),
(750, 'rei_0040', 'fff86ed4bd2c03c4fae574aac95950cc.ogg', NULL, NULL, NULL, 5, 2),
(751, 'rei_0041', '71dbfbe18b20ae4f1c7513d4d29820e4.ogg', NULL, NULL, NULL, 5, 2),
(752, 'rei_0042', 'b4d24f061f7aaa42efa4ddab57044a21.ogg', NULL, NULL, NULL, 5, 2),
(753, 'rei_0043', '5deb0f9a09c4af08bcc80f0be510b898.ogg', NULL, NULL, NULL, 5, 2),
(754, 'rei_0044', '8b5b43e54efac681642103d08b0814e9.ogg', NULL, NULL, NULL, 5, 2),
(755, 'rei_0045', '11f77d604863ca99c5bb6fa120500bee.ogg', NULL, NULL, NULL, 5, 2),
(756, 'rei_0046', '703a4b703564b169550c6fefc03f0076.ogg', NULL, NULL, NULL, 5, 2),
(757, 'rem_0049', 'b3efbddb131b27b752afee740a07265f.ogg', NULL, NULL, NULL, 5, 2),
(758, 'rem_0050', '9dc545a338e1ad3c4902e47cb9da5562.ogg', NULL, NULL, NULL, 5, 2),
(759, 'rem_0000', '6c49806a17d34b515ab0e87fd2204b64.ogg', NULL, NULL, NULL, 5, 2),
(760, 'rem_0001', '44cb25de2cc7055c3177941bc353251e.ogg', NULL, NULL, NULL, 5, 2),
(761, 'rem_0002', 'a0a75c72da0c94354b2603b0b6810e62.ogg', NULL, NULL, NULL, 5, 2),
(762, 'rem_0003', 'b360d7b2ca654035d979caecbc0ef99d.ogg', NULL, NULL, NULL, 5, 2),
(763, 'rem_0004', '093f528ab84a2e6b0033e6c64cbf75b8.ogg', NULL, NULL, NULL, 5, 2),
(764, 'rem_0005', '5f205a24c4986e245cab7fcfa1abf519.ogg', NULL, NULL, NULL, 5, 2),
(765, 'rem_0006', '2caef6a31b8ceaa0d50d103bc76fec21.ogg', NULL, NULL, NULL, 5, 2),
(766, 'rem_0007', '5f84e47211686ca9cb26494743a5b4d9.ogg', NULL, NULL, NULL, 5, 2),
(767, 'rem_0008', 'e5d6b47a8632f7c1b8d3e23284d5e7a9.ogg', NULL, NULL, NULL, 5, 2),
(768, 'rem_0009', '37d1b12e2d01498ea870c5ec099471b3.ogg', NULL, NULL, NULL, 5, 2),
(769, 'rem_0010', '5abfb88e9a9851ef7bd59b29d5b9260f.ogg', NULL, NULL, NULL, 5, 2),
(770, 'rem_0011', 'dbf7836ec7b98d408983a33a027eee1d.ogg', NULL, NULL, NULL, 5, 2),
(771, 'rem_0012', '4dd3ab941db09040844a259439056baf.ogg', NULL, NULL, NULL, 5, 2),
(772, 'rem_0013', '7f02be8d6024681a887e600ffe74182c.ogg', NULL, NULL, NULL, 5, 2),
(773, 'rem_0014', 'c1e1c05238b57cb65f59bff867a6bbd5.ogg', NULL, NULL, NULL, 5, 2),
(774, 'rem_0015', '7849503fc842e367e3a1a65e56c07441.ogg', NULL, NULL, NULL, 5, 2),
(775, 'rem_0016_m', '550c4aef97d4772e9f670656ee5a9943.ogg', NULL, NULL, NULL, 5, 2),
(776, 'rem_0016', '793ed766cbfa155cfbc43de26a771e4a.ogg', NULL, NULL, NULL, 5, 2),
(777, 'rem_0017', '7e84f95cea2fdabba6999be57e68ef2b.ogg', NULL, NULL, NULL, 5, 2),
(778, 'rem_0018', '5a23d5ded4ffdbe38575b6bb5ca9ab3f.ogg', NULL, NULL, NULL, 5, 2),
(779, 'rem_0019', 'dccf14bdb29e91bf856f40764ca7e1a0.ogg', NULL, NULL, NULL, 5, 2),
(780, 'rem_0020', '6a5e7efaad2b13638737128f4adab1bf.ogg', NULL, NULL, NULL, 5, 2),
(781, 'rem_0021', '8c81af94ea0a3799cef109cda4fc068a.ogg', NULL, NULL, NULL, 5, 2),
(782, 'rem_0022', '0796d45eb44f9d00ad19f6aa9a1bcc1f.ogg', NULL, NULL, NULL, 5, 2),
(783, 'rem_0023', '4a44748b7a5cb1ace08a25499dd712d9.ogg', NULL, NULL, NULL, 5, 2),
(784, 'rem_0024', '5918caddfed664e0e59e98058e5379eb.ogg', NULL, NULL, NULL, 5, 2),
(785, 'rem_0025', 'f041305671ca6cbb17a8706287db8bad.ogg', NULL, NULL, NULL, 5, 2),
(786, 'rem_0026', '1ed5ce6b1f2133cd8a915f3417df2c0a.ogg', NULL, NULL, NULL, 5, 2),
(787, 'rem_0027', '57b64cb636c37bde559af966b9b852e6.ogg', NULL, NULL, NULL, 5, 2),
(788, 'rem_0028', 'be0740fc72a2e1b1e12f4485922cd59b.ogg', NULL, NULL, NULL, 5, 2),
(789, 'rem_0029', '63c65cdcf3b3dfb601699b85522bdb0e.ogg', NULL, NULL, NULL, 5, 2),
(790, 'rem_0030', '323786f004d63a158ee526a748d2673e.ogg', NULL, NULL, NULL, 5, 2),
(791, 'rem_0031', 'c37845e1871d3afbebcc207073e6d3d0.ogg', NULL, NULL, NULL, 5, 2),
(792, 'rem_0032', '8d5d906731bae08b533b730684c6a1bd.ogg', NULL, NULL, NULL, 5, 2),
(793, 'rem_0033', '2a30e54f7dac7c99314cf144858a1012.ogg', NULL, NULL, NULL, 5, 2),
(794, 'rem_0034', '488de95640e1563fc92c191a69b0acc4.ogg', NULL, NULL, NULL, 5, 2),
(795, 'rem_0035', 'f67e6f118f12b7c83cef86a4a4197cb4.ogg', NULL, NULL, NULL, 5, 2),
(796, 'rem_0036', '469bfbb331af8c64fbce355764b98117.ogg', NULL, NULL, NULL, 5, 2),
(797, 'rem_0037', '8b79656ab339711eb0f284dabe9d7635.ogg', NULL, NULL, NULL, 5, 2),
(798, 'rem_0038', '086625f82f6cd16378ee22421d50b7af.ogg', NULL, NULL, NULL, 5, 2),
(799, 'rem_0039', 'dd9e6339717b2aee7ee501991c63c871.ogg', NULL, NULL, NULL, 5, 2),
(800, 'rem_0040', '1f930e94f708ea8f3ecc8ee63ec90895.ogg', NULL, NULL, NULL, 5, 2),
(801, 'rem_0041', '632c0e87598266866584003138dc468f.ogg', NULL, NULL, NULL, 5, 2),
(802, 'rem_0042', 'd8cd0d18f2c01a5ed5bc0d69ae048ed2.ogg', NULL, NULL, NULL, 5, 2),
(803, 'rem_0043', 'c2b533896658ef9218be260831da9455.ogg', NULL, NULL, NULL, 5, 2),
(804, 'rem_0044', 'ac914792be1b7f5d0c0bd492eaffa24e.ogg', NULL, NULL, NULL, 5, 2),
(805, 'rem_0045', 'a7faa1bac67c4c747832a230f4906b44.ogg', NULL, NULL, NULL, 5, 2),
(806, 'rem_0046', '27ca6bdda3ef05c6f77da77b06e03e22.ogg', NULL, NULL, NULL, 5, 2),
(807, 'rem_0047', 'ed71f3f47da7579b055cdca379cf40b7.ogg', NULL, NULL, NULL, 5, 2),
(808, 'rem_0048', 'a94e51f7e8fb419d80a90cf01cdd0da0.ogg', NULL, NULL, NULL, 5, 2),
(809, 'rum_0000', '5c64c9f3d55f22e4e9702c993f5bff1b.ogg', NULL, NULL, NULL, 5, 2),
(810, 'rum_0001', '06126f935f9e494c8e5d5865ae575cf6.ogg', NULL, NULL, NULL, 5, 2),
(811, 'sak_0050', '9e5f44ed278142372423eeab90f92fc0.ogg', NULL, NULL, NULL, 5, 2),
(812, 'rum_0002', 'e552f04eb16cafa9e7279678a5b28e5c.ogg', NULL, NULL, NULL, 5, 2),
(813, 'rum_0003', '7c6fdfa472bfe7a8876e840af64408d1.ogg', NULL, NULL, NULL, 5, 2),
(814, 'rum_0004', 'ef292fcf869bcfebccc465d764c38992.ogg', NULL, NULL, NULL, 5, 2),
(815, 'rum_0005', '53576982d4502e4561faeb30f5b1cbcd.ogg', NULL, NULL, NULL, 5, 2),
(816, 'rum_0006', '2278d09510666109442a313156ccf173.ogg', NULL, NULL, NULL, 5, 2),
(817, 'rum_0007', '35b374fbe2897deadc74e70c914a468a.ogg', NULL, NULL, NULL, 5, 2),
(818, 'rum_0008', '431b58eac79b86cd0ba3f35f0536d7ba.ogg', NULL, NULL, NULL, 5, 2),
(819, 'rum_0009', '40b97a0f54941ad405ce5976d90847e8.ogg', NULL, NULL, NULL, 5, 2),
(820, 'rum_0010', '950b4af1043baf76ea40d5c1111d36d3.ogg', NULL, NULL, NULL, 5, 2),
(821, 'rum_0011', 'f1eb434ef434cf148413c2c134da627a.ogg', NULL, NULL, NULL, 5, 2),
(822, 'rum_0012', 'e022b2eb5a286220d36392cd4fc566a0.ogg', NULL, NULL, NULL, 5, 2),
(823, 'rum_0013', 'e4a000c4de3399024636ce82fb693949.ogg', NULL, NULL, NULL, 5, 2),
(824, 'rum_0014', '4fe3fb3e97dcae98626db48e4cd0a35d.ogg', NULL, NULL, NULL, 5, 2),
(825, 'rum_0015', '8d74bca6df6c55fa152c867c3faa86e2.ogg', NULL, NULL, NULL, 5, 2),
(826, 'rum_0016', 'c9a345607ae06ee283c59a291ff934cf.ogg', NULL, NULL, NULL, 5, 2),
(827, 'rum_0017', '9aa25593fe6c57196983a35e06623c77.ogg', NULL, NULL, NULL, 5, 2),
(828, 'rum_0018', 'c88e77c0b3fb529d19ce462b66f7e5ea.ogg', NULL, NULL, NULL, 5, 2),
(829, 'rum_0019', '23c11863675b9342f579273092c66d41.ogg', NULL, NULL, NULL, 5, 2),
(830, 'rum_0020', '37565fd7a3a0a0957304322ae7d33941.ogg', NULL, NULL, NULL, 5, 2),
(831, 'rum_0021', '08524a74cd9e8f2930c66f142900954d.ogg', NULL, NULL, NULL, 5, 2),
(832, 'rum_0022', '54a6e6c0fce90b53587f655818d69028.ogg', NULL, NULL, NULL, 5, 2),
(833, 'rum_0023', 'c790a643d4e58e34f0dffbee05bee630.ogg', NULL, NULL, NULL, 5, 2),
(834, 'rum_0024', 'd31516592132e86bd18b12aef012880f.ogg', NULL, NULL, NULL, 5, 2),
(835, 'rum_0025', '20a55649bb600043e0d4cc74526f029f.ogg', NULL, NULL, NULL, 5, 2),
(836, 'rum_0026', 'fc8f1ff23a023a12dbb5b56b24c96181.ogg', NULL, NULL, NULL, 5, 2),
(837, 'rum_0027', '90509bbcd62533391dc714a8173b52af.ogg', NULL, NULL, NULL, 5, 2),
(838, 'rum_0028', 'e53eadd76aae41e1cf5a26fad08108f9.ogg', NULL, NULL, NULL, 5, 2),
(839, 'rum_0029', 'fe00a3659043219266af6408177219b7.ogg', NULL, NULL, NULL, 5, 2),
(840, 'rum_0030', 'a087b5d83c2e33d478e3333f8bab60e4.ogg', NULL, NULL, NULL, 5, 2),
(841, 'rum_0031', '343ad9795132f80fa1416e489c0af5a7.ogg', NULL, NULL, NULL, 5, 2),
(842, 'rum_0032', '427356e7a3d35abf2488638b21aea440.ogg', NULL, NULL, NULL, 5, 2),
(843, 'rum_0033', 'b30502920c398e82dc354aa5fa96ab19.ogg', NULL, NULL, NULL, 5, 2),
(844, 'rum_0034', '76f269e204e32bdedd29662dffa9f547.ogg', NULL, NULL, NULL, 5, 2),
(845, 'rum_0035', '56720d6949d04a07004437e8e9b081ea.ogg', NULL, NULL, NULL, 5, 2),
(846, 'rum_0036', '00fcc82b15454367a3ef168df50ab1c6.ogg', NULL, NULL, NULL, 5, 2),
(847, 'rum_0037', '39aeb4725ffc033090fec011eab711e7.ogg', NULL, NULL, NULL, 5, 2),
(848, 'rum_0038', 'ebccce01feeb0b7d0a952d00b1ad9071.ogg', NULL, NULL, NULL, 5, 2),
(849, 'rum_0039', '6a5f8f25d8ef57dc5a987275c5f5dd11.ogg', NULL, NULL, NULL, 5, 2),
(850, 'rum_0040', 'f19103f6ee6633cc3107a187eb35cdcf.ogg', NULL, NULL, NULL, 5, 2),
(851, 'rum_0041', 'a2c45d3dbe0947c9292b869568711ecc.ogg', NULL, NULL, NULL, 5, 2),
(852, 'rum_0042', '560da95c22debbd2521d4b8653382a97.ogg', NULL, NULL, NULL, 5, 2),
(853, 'rum_0043', '7ecb24e66c31a622fecfbf2efbd1d374.ogg', NULL, NULL, NULL, 5, 2),
(854, 'rum_0044', '6bd8c305c071ef339fc8bdb81d6b8ddc.ogg', NULL, NULL, NULL, 5, 2),
(855, 'rum_0045', '99abcfbc234af5951ed1af2cf10c6c2b.ogg', NULL, NULL, NULL, 5, 2),
(856, 'rum_0046', '3eed25e171974e11d61e4a81ef871ec3.ogg', NULL, NULL, NULL, 5, 2),
(857, 'rum_0047', '94728a01a7c200eebe0bea5ce3c2494f.ogg', NULL, NULL, NULL, 5, 2),
(858, 'rum_0049', 'b474b6843cb6dc939aec64526ef7420d.ogg', NULL, NULL, NULL, 5, 2),
(859, 'rum_0050', 'a28c5023d5a7e4aa3b5d2ed4e590c750.ogg', NULL, NULL, NULL, 5, 2),
(860, 'rum_0051', 'e8ebf8a1c1fc154ef1ac9919520818fb.ogg', NULL, NULL, NULL, 5, 2),
(861, 'rum_0052', '369d2a38c69cd350dc659896d8a1d9a3.ogg', NULL, NULL, NULL, 5, 2),
(862, 'rum_0053', '72de54293893fa599d5cee4e0bfbe8fb.ogg', NULL, NULL, NULL, 5, 2),
(863, 'rum_0054', '50aa5189b9aca2bab8ec5fa9b86c36aa.ogg', NULL, NULL, NULL, 5, 2),
(864, 'rum_0055', 'e8f1fc13158a530583e2279bf5ab5710.ogg', NULL, NULL, NULL, 5, 2),
(865, 'rum_0056', '1e90728e0ad8276bdf3efbb8a2b637fe.ogg', NULL, NULL, NULL, 5, 2),
(866, 'rum_0057', 'a17804821e18a44e66057bf9aa86375d.ogg', NULL, NULL, NULL, 5, 2),
(867, 'rum_0058', 'e608a70a6366501e885ac33d1f9fd470.ogg', NULL, NULL, NULL, 5, 2),
(868, 'sak_0000_m', '688a8a7a41d8ebc78334c75245cf7071.ogg', NULL, NULL, NULL, 5, 2),
(869, 'sak_0000', '7cce55a2e2624b3a3de720a22eee3574.ogg', NULL, NULL, NULL, 5, 2),
(870, 'sak_0001', 'f924913d306dc9f2c0cc649dd8a17189.ogg', NULL, NULL, NULL, 5, 2),
(871, 'sak_0002', '38414bc26cc1debec7fc69a88f1533fe.ogg', NULL, NULL, NULL, 5, 2),
(872, 'sak_0003', '5e0a4484f770027abf5faed12b6f9363.ogg', NULL, NULL, NULL, 5, 2),
(873, 'sak_0004', '8c45493a3c2019d338a65818f4c84549.ogg', NULL, NULL, NULL, 5, 2),
(874, 'sak_0005', '9b40f452d0c851f5ed3e1dd9a204e19c.ogg', NULL, NULL, NULL, 5, 2),
(875, 'sak_0006', 'dbce28e73884e9d491983eb8259967e8.ogg', NULL, NULL, NULL, 5, 2),
(876, 'sak_0007', '27e83474ab4dfbad3bb0024a3baabff5.ogg', NULL, NULL, NULL, 5, 2),
(877, 'sak_0008', '1c0d2b714799995b8b85fdb2a80bdbd6.ogg', NULL, NULL, NULL, 5, 2),
(878, 'sak_0009', '036b98936063c676a1905106f67c3349.ogg', NULL, NULL, NULL, 5, 2),
(879, 'sak_0010', '20d065837411087089b31b2065bfa23a.ogg', NULL, NULL, NULL, 5, 2),
(880, 'sak_0011', '2d4101d84a9c70ba40ea4a992a2a465e.ogg', NULL, NULL, NULL, 5, 2),
(881, 'sak_0012', '6c519c2b55fc9044a4c3af21025f1c8c.ogg', NULL, NULL, NULL, 5, 2),
(882, 'sak_0013', '9142ea36268639ac835db0e8081be597.ogg', NULL, NULL, NULL, 5, 2),
(883, 'sak_0014', '881617a3976a77d363fbc3fda122dd98.ogg', NULL, NULL, NULL, 5, 2),
(884, 'sak_0015', 'f79ef618c04ce78291e96f542f9bea68.ogg', NULL, NULL, NULL, 5, 2),
(885, 'sak_0016', 'd5f184d1b0f9e1151d34830dee8b1a18.ogg', NULL, NULL, NULL, 5, 2),
(886, 'sak_0017', '035741839c7c21659565a0681722a749.ogg', NULL, NULL, NULL, 5, 2),
(887, 'sak_0018', 'd5db3c72a7d5bb50c26273a6adcdf336.ogg', NULL, NULL, NULL, 5, 2),
(888, 'sak_0019', 'ba05a8d5ff84527d93be45ba708960d0.ogg', NULL, NULL, NULL, 5, 2),
(889, 'sak_0020', 'fd90d888132fdd0b94bcbfcf714f7008.ogg', NULL, NULL, NULL, 5, 2),
(890, 'sak_0021', '3c8641afbdbbd24aec844b856cc3cf82.ogg', NULL, NULL, NULL, 5, 2),
(891, 'sak_0022', '200613f4a0413fb0f19b448e2a13c58b.ogg', NULL, NULL, NULL, 5, 2),
(892, 'sak_0023', '082278e8d353398832c19d1c961b92ae.ogg', NULL, NULL, NULL, 5, 2),
(893, 'sak_0024', '9aa79328403b302c78a51e9ec68871ff.ogg', NULL, NULL, NULL, 5, 2),
(894, 'sak_0025', 'dcc93a2ec58566069133a018be70c555.ogg', NULL, NULL, NULL, 5, 2),
(895, 'sak_0026', 'a30e8abfa57d7d472e36a7f59ac17e3c.ogg', NULL, NULL, NULL, 5, 2),
(896, 'sak_0027', '23dcda4edd5bfdafeec6601091995255.ogg', NULL, NULL, NULL, 5, 2),
(897, 'sak_0028', '9e8b93562f94fb3de521d86a5f2b65b3.ogg', NULL, NULL, NULL, 5, 2),
(898, 'sak_0029', '603b331ff775e08e7e11c1414b51b08b.ogg', NULL, NULL, NULL, 5, 2),
(899, 'sak_0030', '83e1b99cc4131c3e4e265dd9dd1367d7.ogg', NULL, NULL, NULL, 5, 2),
(900, 'sak_0031', '4e2057b5195925e21779fb4d1d063e54.ogg', NULL, NULL, NULL, 5, 2),
(901, 'sak_0032', 'a49dd5e4e6d97902da2b43a2d2f2ef0b.ogg', NULL, NULL, NULL, 5, 2),
(902, 'sak_0033', 'bf93fd89b05d2fe613fadead60cbd54b.ogg', NULL, NULL, NULL, 5, 2),
(903, 'sak_0034', 'c25db90cc32c68f9ae5642b454acb160.ogg', NULL, NULL, NULL, 5, 2),
(904, 'sak_0035', 'a7b1e814fbfa531e9baea00ed16980f9.ogg', NULL, NULL, NULL, 5, 2),
(905, 'sak_0036', 'a9194def45e5d7ea6edcbbbdbfa4945b.ogg', NULL, NULL, NULL, 5, 2),
(906, 'sak_0038', 'ca00d1ddbe36b99164cfb9225bcb99b3.ogg', NULL, NULL, NULL, 5, 2),
(907, 'sak_0039', '297ac8cc594551f21005151950f0b821.ogg', NULL, NULL, NULL, 5, 2),
(908, 'sak_0040', '27ff40458ecf6d2448b96fd2efddfe1d.ogg', NULL, NULL, NULL, 5, 2),
(909, 'sak_0041', '0560995b10687306560c78940266ece5.ogg', NULL, NULL, NULL, 5, 2),
(910, 'sak_0042', '62cc46e9f5298417b9f68a154995e4d1.ogg', NULL, NULL, NULL, 5, 2),
(911, 'sak_0037', 'c3c1103dd5e5572033f06e76b4f3523e.ogg', NULL, NULL, NULL, 5, 2),
(912, 'sak_0043', '6cc93244cc209c66eb70b77d30e4c09a.ogg', NULL, NULL, NULL, 5, 2),
(913, 'sak_0044', 'e959111f7c6582aaeb362d1e60f9d908.ogg', NULL, NULL, NULL, 5, 2),
(914, 'sak_0045', '42610128dc7c519da33dc03d2759d5d1.ogg', NULL, NULL, NULL, 5, 2),
(915, 'sak_0046', 'dce1971a25a1d8fd7916906ff2943fce.ogg', NULL, NULL, NULL, 5, 2),
(916, 'sak_0047', '933fe56cc335abc7326edff60e178270.ogg', NULL, NULL, NULL, 5, 2),
(917, 'sak_0048', '392dcde5d8aeb67361a18855b946f401.ogg', NULL, NULL, NULL, 5, 2),
(918, 'sak_0049', '3016ae75ce5be52e4c8df0e8b16778ca.ogg', NULL, NULL, NULL, 5, 2),
(919, 'rum_0048', '49e5b490baf12858b5a5a16f3f8f07e5.ogg', NULL, NULL, NULL, 5, 2),
(920, 'tuu_0036', 'e15b49baef988dce4514acbc5ea85c16.ogg', NULL, NULL, NULL, 5, 2),
(921, 'tuu_0037', 'ade16f45dd020f77bc304fe83a007fbc.ogg', NULL, NULL, NULL, 5, 2),
(922, 'sha_0000', '64d2f8cf00e51f94992e93d4d654a53d.ogg', NULL, NULL, NULL, 5, 2),
(923, 'tuu_0038', '2feb5901ccd79d5b173740387690a104.ogg', NULL, NULL, NULL, 5, 2),
(924, 'yur_0000', '223dd428c93d2f7fb4759ba13b95a15c.ogg', NULL, NULL, NULL, 5, 2),
(925, 'yua_0000', 'cdf649d20f9ddb174d6c37c255eafcd2.ogg', NULL, NULL, NULL, 5, 2),
(926, 'sha_0001', 'f8b1df6580b65c05d00a3cd26410deed.ogg', NULL, NULL, NULL, 5, 2),
(927, 'sha_0002', '66a9f5a359594649812b210885ec124c.ogg', NULL, NULL, NULL, 5, 2),
(928, 'tuu_0000', 'bfc19fe0636be0d0095adf66021752d1.ogg', NULL, NULL, NULL, 5, 2),
(929, 'tuu_0001', 'cca1e96a86b56a3898b9be2c496f952a.ogg', NULL, NULL, NULL, 5, 2),
(930, 'tuu_0002', 'd19d93f428d164f477a4e341f88fa095.ogg', NULL, NULL, NULL, 5, 2),
(931, 'tuu_0003', '8329705ec64e4edb154325ce6105d3cf.ogg', NULL, NULL, NULL, 5, 2),
(932, 'tuu_0004_a', '85575ed3b11803d6140b54d020a720d5.ogg', NULL, NULL, NULL, 5, 2),
(933, 'tuu_0004_b', '0724996995f6990985238521ed8d2cf1.ogg', NULL, NULL, NULL, 5, 2),
(934, 'tuu_0004', '8a8ee1c5babba4f6213ea8f09b849d40.ogg', NULL, NULL, NULL, 5, 2),
(935, 'tuu_0005', '4e37f46b995c757e9ce3c218c64c089a.ogg', NULL, NULL, NULL, 5, 2),
(936, 'tuu_0006', '008c0539617399244112dd6c1ac134a3.ogg', NULL, NULL, NULL, 5, 2),
(937, 'tuu_0007', '916a204e83c976e883dbb8ac7c869070.ogg', NULL, NULL, NULL, 5, 2),
(938, 'tuu_0008', 'd2ba14fcdf891456f5472c62fa142a42.ogg', NULL, NULL, NULL, 5, 2),
(939, 'tuu_0009', 'cec644d90d150bb33ffa17d12cbc0adb.ogg', NULL, NULL, NULL, 5, 2),
(940, 'tuu_0010', 'fd932ced62ff54c0fc2e6cd862510ce2.ogg', NULL, NULL, NULL, 5, 2),
(941, 'tuu_0011', '063ec8f798a2fe57027eb055ef8fb629.ogg', NULL, NULL, NULL, 5, 2),
(942, 'tuu_0012', 'fe9e605705a8a868e2f9c0e1fba2f0f9.ogg', NULL, NULL, NULL, 5, 2),
(943, 'tuu_0013', '5b4e11cfbd4aab8b636ea108d4da2520.ogg', NULL, NULL, NULL, 5, 2),
(944, 'tuu_0014', '37b4ff3c88f488b7903418ed574b4f12.ogg', NULL, NULL, NULL, 5, 2),
(945, 'tuu_0015', 'b0862978f31ccfd425e5cf968574eaa5.ogg', NULL, NULL, NULL, 5, 2),
(946, 'tuu_0016', '446e8d63aece4d762dc04803447956c3.ogg', NULL, NULL, NULL, 5, 2),
(947, 'tuu_0017', 'e3a9d46bfcbbfd6b4e15e44f45eed705.ogg', NULL, NULL, NULL, 5, 2),
(948, 'tuu_0018', 'f4f82aaba256d20b99561d64b6bfc157.ogg', NULL, NULL, NULL, 5, 2),
(949, 'tuu_0019', 'b1a7573ef53e20a21f9cef0917ed675d.ogg', NULL, NULL, NULL, 5, 2),
(950, 'tuu_0020', '8a54fe8c0e406c7352dac3698bc7ea26.ogg', NULL, NULL, NULL, 5, 2),
(951, 'tuu_0021', '4f8284445a67fbd652acb060c5cafc41.ogg', NULL, NULL, NULL, 5, 2),
(952, 'tuu_0022', '3dc1bdd94e301f2562c2b74fd5eb48e5.ogg', NULL, NULL, NULL, 5, 2),
(953, 'tuu_0023', '69f44d362cd40c7ab48aab8a00d949a5.ogg', NULL, NULL, NULL, 5, 2),
(954, 'tuu_0024', 'd7520ef057802d78c0ce127470c0f245.ogg', NULL, NULL, NULL, 5, 2),
(955, 'tuu_0025', 'd665b1fb463351c554e50bc248ec9f6e.ogg', NULL, NULL, NULL, 5, 2),
(956, 'tuu_0026', '065e71c07501820741db70f2923bef6c.ogg', NULL, NULL, NULL, 5, 2),
(957, 'tuu_0027', '0280675083262bfe86d1d9a980556ff8.ogg', NULL, NULL, NULL, 5, 2),
(958, 'tuu_0028', 'd6fb41f966a16afabff97038c178edc8.ogg', NULL, NULL, NULL, 5, 2),
(959, 'tuu_0029', 'a083116de50e155d3089b9836fb419c4.ogg', NULL, NULL, NULL, 5, 2),
(960, 'tuu_0030', '99956fe948c85fb1bc48830963543d74.ogg', NULL, NULL, NULL, 5, 2),
(961, 'tuu_0031', 'd7c2f5a90d213642228c6535bc979c94.ogg', NULL, NULL, NULL, 5, 2),
(962, 'tuu_0032', '3aef58266925d9bb3b608668461955b3.ogg', NULL, NULL, NULL, 5, 2),
(963, 'tuu_0033', '0caae819c05b987135543254006d7858.ogg', NULL, NULL, NULL, 5, 2),
(964, 'tuu_0034', 'bdc85ba8473c0f1102bb3a3b619d8320.ogg', NULL, NULL, NULL, 5, 2),
(965, 'tuu_0035', '0ecb0a3c3297ad57f3c5f319346e77d3.ogg', NULL, NULL, NULL, 5, 2),
(966, 'black', '72cddd188daaa24d7e3a6a5baf4bdb09.jpg', NULL, NULL, NULL, 2, 2),
(967, 'blast_5', '76ac85d1c33343a21d5920d3a07581a0.ogg', NULL, NULL, NULL, 4, 2),
(968, 'blast_8', '1979c330e2f373a7c0b2b0de6c669aa5.ogg', NULL, NULL, NULL, 4, 2),
(969, 'blast_3', 'df2ccde0f0648a5ba4f536de4689813f.ogg', NULL, NULL, NULL, 4, 2),
(970, 'blast_6', '208df75f034330c3c6d191d4a4d5c863.ogg', NULL, NULL, NULL, 4, 2),
(971, 'blast_4', '20e2f42c5661639dab78c2be40674bc0.ogg', NULL, NULL, NULL, 4, 2),
(972, 'blast_7', '9205a9e6fa912913ad7bad7b6b6bb590.ogg', NULL, NULL, NULL, 4, 2),
(973, 'blast_1', '5b2e8cc4b13a859ce0384f9698672720.ogg', NULL, NULL, NULL, 4, 2),
(974, 'blast_2', '7933bb11eb89426fdc5416dbeea252d6.ogg', NULL, NULL, NULL, 4, 2),
(975, 'bad end 2', 'f4b451e8c3448d59ce7518f5487669c4.jpg', NULL, NULL, NULL, 2, 2),
(976, 'aya_0099', 'b30b14ce7a010c281d1919cbb1112986.ogg', NULL, NULL, NULL, 5, 2),
(977, 'aya_0100', '0d45285409f92cafcf53e05e35f09407.ogg', NULL, NULL, NULL, 5, 2),
(978, 'aya_0053', '4c61b326737fcdd3acc15cf7204923dd.ogg', NULL, NULL, NULL, 5, 2),
(979, 'aya_0054', 'f55aec5f71c78cc6d5dd594a181895a7.ogg', NULL, NULL, NULL, 5, 2),
(980, 'aya_0051', 'f452d0227c97d5421f8871f73e3432d2.ogg', NULL, NULL, NULL, 5, 2),
(981, 'aya_0052', 'd43f79c09d45182c2146dde8fa0fe45a.ogg', NULL, NULL, NULL, 5, 2),
(982, 'aya_0055', '050f898467d5de5e1f8935ab50a694e6.ogg', NULL, NULL, NULL, 5, 2),
(983, 'aya_0056', '41fcc3eed0f6ee2877ecc1f2f16a450b.ogg', NULL, NULL, NULL, 5, 2),
(984, 'aya_0057', '3fa6426f7263198661179369355db64c.ogg', NULL, NULL, NULL, 5, 2),
(985, 'aya_0058', 'a5c9434f95e48d4090fdebd528e6bedb.ogg', NULL, NULL, NULL, 5, 2),
(986, 'aya_0059', '974004ac40fd8ccbe82be013873b0a6e.ogg', NULL, NULL, NULL, 5, 2),
(987, 'aya_0060', 'ad348633792660b42bd4e73d7d82a82a.ogg', NULL, NULL, NULL, 5, 2),
(988, 'aya_0061', '1cd99c0a467e0748204e98684c4c4d77.ogg', NULL, NULL, NULL, 5, 2),
(989, 'aya_0062', '4ce52b74d88efe9ec780b843cd0ca43d.ogg', NULL, NULL, NULL, 5, 2),
(990, 'aya_0063', '12acb4a0dae56198dc64177492d92431.ogg', NULL, NULL, NULL, 5, 2),
(991, 'aya_0064', 'e849e1022321e1bed8d9a0c50600a036.ogg', NULL, NULL, NULL, 5, 2),
(992, 'aya_0065', '55288af604e810d081886fb943652da5.ogg', NULL, NULL, NULL, 5, 2),
(993, 'aya_0066', '45ab8ad5cc6e7e19a98d828ddb2dac83.ogg', NULL, NULL, NULL, 5, 2),
(994, 'aya_0067', '5b6f0b93db8e25a0e520d1e59b27e4c7.ogg', NULL, NULL, NULL, 5, 2),
(995, 'aya_0068', '22b967d88282e54ddae9a4151b7cf2b0.ogg', NULL, NULL, NULL, 5, 2),
(996, 'aya_0069', 'dbab71fd5ae7b3e4bac5582908ba7c59.ogg', NULL, NULL, NULL, 5, 2),
(997, 'aya_0070', '490b82144f56358817ac645ca86ce423.ogg', NULL, NULL, NULL, 5, 2),
(998, 'aya_0071', 'bfe3499e56b44effe660f76c694b2c3f.ogg', NULL, NULL, NULL, 5, 2),
(999, 'aya_0072', '23f647a8ae1abc84d1452eecf4fd62e2.ogg', NULL, NULL, NULL, 5, 2),
(1000, 'aya_0073', '9683aa9d15536f482bdaac11bcf7e961.ogg', NULL, NULL, NULL, 5, 2),
(1001, 'aya_0074', '5ddfdada68a6de38acdfdccdfe337193.ogg', NULL, NULL, NULL, 5, 2),
(1002, 'aya_0075', 'c08dcf50a82bade43e20575ea2cd8106.ogg', NULL, NULL, NULL, 5, 2),
(1003, 'aya_0076', 'f1ef902f1f2ddb9631caa1d80ff532fa.ogg', NULL, NULL, NULL, 5, 2),
(1004, 'aya_0077', '683a869adc12a561e17d07d9832961aa.ogg', NULL, NULL, NULL, 5, 2),
(1005, 'aya_0078', 'de43579e0f3ac282a0cbfa36d85e1ebd.ogg', NULL, NULL, NULL, 5, 2),
(1006, 'aya_0079', 'df623648c066920c98239292051c3b97.ogg', NULL, NULL, NULL, 5, 2),
(1007, 'aya_0080', 'eda26b8eb12bffbb64ae477d30c14afb.ogg', NULL, NULL, NULL, 5, 2),
(1008, 'aya_0081', 'ba8127e2c9a36c54cf3c15cff9ec5e70.ogg', NULL, NULL, NULL, 5, 2),
(1009, 'aya_0082', 'caf463779556f502c22015272a7dd705.ogg', NULL, NULL, NULL, 5, 2),
(1010, 'aya_0083', 'bad59da09cf2ea5a2ae8b7d57dc30d46.ogg', NULL, NULL, NULL, 5, 2),
(1011, 'aya_0084', '36401814a48f90f30fc7d3101b728499.ogg', NULL, NULL, NULL, 5, 2),
(1012, 'aya_0085', 'f07b001701cee90a555879f11023198c.ogg', NULL, NULL, NULL, 5, 2),
(1013, 'aya_0086', '5335d818a19ec25c786c39e804209664.ogg', NULL, NULL, NULL, 5, 2),
(1014, 'aya_0087', 'b8714f6ad74d3cdcf966fbc6d7fae0b7.ogg', NULL, NULL, NULL, 5, 2),
(1015, 'aya_0088', 'c572933f60408b7fe10b4a33cf07b874.ogg', NULL, NULL, NULL, 5, 2),
(1016, 'aya_0089', '74a2ebf322d105c2a5d5cb5b8a148147.ogg', NULL, NULL, NULL, 5, 2),
(1017, 'aya_0090', 'db7c6b02e661736759eba9e20af56d11.ogg', NULL, NULL, NULL, 5, 2),
(1018, 'aya_0091', '4011547bc8e658fe84ca803b379311c5.ogg', NULL, NULL, NULL, 5, 2),
(1019, 'aya_0092', '08c1d28fecd5a65bef30ccb12c284ad0.ogg', NULL, NULL, NULL, 5, 2),
(1020, 'aya_0093', 'ea82dd1ad4d8ac2b0a56a3ba9373b745.ogg', NULL, NULL, NULL, 5, 2),
(1021, 'aya_0094', '2d3cd389158691aa8bbcd651106662cd.ogg', NULL, NULL, NULL, 5, 2),
(1022, 'aya_0095', '415246b3c19a44d876c0fffb7a924a90.ogg', NULL, NULL, NULL, 5, 2),
(1023, 'aya_0096', '4a058b54a46d0719d2324bc880b054de.ogg', NULL, NULL, NULL, 5, 2),
(1024, 'aya_0097', 'f4c54463cc7c40bcb54eb9f3a22c48ba.ogg', NULL, NULL, NULL, 5, 2),
(1025, 'aya_0098', 'bb0213d98ee7f323fedfeb0c055077f5.ogg', NULL, NULL, NULL, 5, 2),
(1026, 'curse', '11ea6b8acb582da1eb86521697aac7bb.ogg', NULL, NULL, NULL, 4, 2),
(1027, 'bad end 1', '75716e6acd355b3da8ba05f99403a580.jpg', NULL, NULL, NULL, 2, 2);

-- --------------------------------------------------------

--
-- Table structure for table `resourcetype`
--

CREATE TABLE IF NOT EXISTS `resourcetype` (
  `resourcetype_id` int(8) NOT NULL AUTO_INCREMENT,
  `name` varchar(32) COLLATE utf8_unicode_ci NOT NULL,
  PRIMARY KEY (`resourcetype_id`),
  KEY `resourcetype_id` (`resourcetype_id`)
) ENGINE=InnoDB  DEFAULT CHARSET=utf8 COLLATE=utf8_unicode_ci AUTO_INCREMENT=7 ;

--
-- Dumping data for table `resourcetype`
--

INSERT INTO `resourcetype` (`resourcetype_id`, `name`) VALUES
(1, 'sprite'),
(2, 'background image'),
(3, 'background music'),
(4, 'sound effect'),
(5, 'character voice'),
(6, 'video');

-- --------------------------------------------------------

--
-- Table structure for table `savedata`
--

CREATE TABLE IF NOT EXISTS `savedata` (
  `savedata_id` int(16) NOT NULL AUTO_INCREMENT,
  `save_date` datetime NOT NULL,
  `fk_line_id` int(16) NOT NULL,
  `fk_user_id` int(16) NOT NULL,
  `fk_savedatatype_id` int(8) NOT NULL,
  `fk_project_id` int(16) NOT NULL,
  PRIMARY KEY (`savedata_id`),
  KEY `savedata_id` (`savedata_id`),
  KEY `fk_line_id` (`fk_line_id`),
  KEY `fk_user_id` (`fk_user_id`),
  KEY `fk_savedatatype_id` (`fk_savedatatype_id`),
  KEY `fk_project_id` (`fk_project_id`)
) ENGINE=InnoDB  DEFAULT CHARSET=utf8 COLLATE=utf8_unicode_ci AUTO_INCREMENT=4 ;

--
-- Dumping data for table `savedata`
--

INSERT INTO `savedata` (`savedata_id`, `save_date`, `fk_line_id`, `fk_user_id`, `fk_savedatatype_id`, `fk_project_id`) VALUES
(1, '2015-05-28 22:51:24', 1, 2, 1, 1),
(2, '2015-06-02 11:58:13', 79, 2, 2, 2),
(3, '2015-06-02 13:39:48', 18, 2, 1, 2);

-- --------------------------------------------------------

--
-- Table structure for table `savedatatype`
--

CREATE TABLE IF NOT EXISTS `savedatatype` (
  `savedatatype_id` int(16) NOT NULL AUTO_INCREMENT,
  `name` varchar(32) COLLATE utf8_unicode_ci NOT NULL,
  PRIMARY KEY (`savedatatype_id`),
  KEY `savedatatype_id` (`savedatatype_id`)
) ENGINE=InnoDB  DEFAULT CHARSET=utf8 COLLATE=utf8_unicode_ci AUTO_INCREMENT=3 ;

--
-- Dumping data for table `savedatatype`
--

INSERT INTO `savedatatype` (`savedatatype_id`, `name`) VALUES
(1, 'normal'),
(2, 'quick');

-- --------------------------------------------------------

--
-- Table structure for table `sprite`
--

CREATE TABLE IF NOT EXISTS `sprite` (
  `sprite_id` int(16) NOT NULL AUTO_INCREMENT,
  `fk_resource_id` int(16) DEFAULT NULL,
  `position_x` int(16) DEFAULT NULL,
  `position_y` int(16) DEFAULT NULL,
  `position_z` int(16) DEFAULT NULL,
  `fk_effect_id` int(8) DEFAULT NULL,
  `fk_line_id` int(16) NOT NULL,
  PRIMARY KEY (`sprite_id`),
  KEY `sprite_id` (`sprite_id`),
  KEY `fk_resource_id` (`fk_resource_id`),
  KEY `fk_effect_id` (`fk_effect_id`),
  KEY `fk_line_id` (`fk_line_id`)
) ENGINE=InnoDB  DEFAULT CHARSET=utf8 COLLATE=utf8_unicode_ci AUTO_INCREMENT=189 ;

--
-- Dumping data for table `sprite`
--

INSERT INTO `sprite` (`sprite_id`, `fk_resource_id`, `position_x`, `position_y`, `position_z`, `fk_effect_id`, `fk_line_id`) VALUES
(1, 26, 0, 0, 0, NULL, 1),
(2, 26, 0, 0, 0, NULL, 2),
(3, 1, 4, 1, 0, 6, 2),
(4, 27, 0, 0, 0, 7, 3),
(5, 1, 4, 1, 0, NULL, 3),
(6, 1, 4, 1, 0, NULL, 4),
(7, 16, 0, 1, 0, NULL, 4),
(14, 1, 4, 1, 0, NULL, 9),
(15, 16, 0, 1, 0, NULL, 9),
(16, 11, 4, 1, 0, NULL, 10),
(17, 16, 4, 1, 0, NULL, 10),
(18, 1, 4, 1, 0, NULL, 11),
(19, 25, 0, 1, 0, NULL, 11),
(20, 11, 4, 1, 0, NULL, 12),
(21, 16, 0, 1, 0, NULL, 12),
(22, 3, 2, 1, 0, NULL, 15),
(23, 136, 2, 1, 0, NULL, 32),
(24, 87, 2, 1, 0, NULL, 33),
(25, 87, 4, 1, 0, NULL, 34),
(26, 136, 0, 1, 0, NULL, 34),
(27, 87, 4, 1, 0, NULL, 35),
(28, 136, 0, 1, 0, NULL, 35),
(29, 87, 4, 1, 0, NULL, 36),
(30, 140, 0, 1, 0, NULL, 36),
(31, 87, 4, 1, 0, NULL, 37),
(32, 140, 0, 1, 0, NULL, 37),
(33, 87, 4, 1, 0, NULL, 38),
(34, 136, 0, 1, 0, NULL, 38),
(35, 87, 4, 1, 0, NULL, 39),
(36, 136, 0, 1, 0, NULL, 39),
(37, 87, 4, 1, 0, NULL, 40),
(38, 136, 0, 1, 0, NULL, 40),
(39, 87, 4, 1, 0, NULL, 41),
(40, 136, 0, 1, 0, NULL, 41),
(41, 87, 4, 1, 0, NULL, 42),
(42, 136, 0, 1, 0, NULL, 42),
(43, 89, 4, 1, 0, NULL, 43),
(44, 136, 0, 1, 0, NULL, 43),
(45, 89, 4, 1, 0, NULL, 44),
(46, 143, 0, 1, 0, NULL, 44),
(47, 89, 4, 1, 0, NULL, 45),
(48, 143, 0, 1, 0, NULL, 45),
(49, 89, 4, 1, 0, NULL, 46),
(50, 140, 0, 1, 0, NULL, 46),
(51, 87, 4, 1, 0, NULL, 47),
(52, 140, 0, 1, 0, NULL, 47),
(53, 87, 4, 1, 0, NULL, 48),
(54, 143, 0, 1, 0, NULL, 48),
(55, 92, 4, 1, 0, NULL, 49),
(56, 143, 0, 1, 0, NULL, 49),
(57, 92, 4, 1, 0, NULL, 50),
(58, 140, 0, 1, 0, NULL, 50),
(59, 87, 4, 1, 0, NULL, 51),
(60, 140, 0, 1, 0, NULL, 51),
(61, 87, 4, 1, 0, NULL, 52),
(62, 136, 0, 1, 0, NULL, 52),
(63, 87, 4, 1, 0, NULL, 53),
(64, 136, 0, 1, 0, NULL, 53),
(65, 87, 4, 1, 0, NULL, 54),
(66, 143, 0, 1, 0, NULL, 54),
(67, 89, 4, 1, 0, NULL, 55),
(68, 143, 0, 1, 0, NULL, 55),
(69, 89, 4, 1, 0, NULL, 56),
(70, 140, 0, 1, 0, NULL, 56),
(71, 87, 4, 1, 0, NULL, 57),
(72, 140, 0, 1, 0, NULL, 57),
(73, 87, 4, 1, 0, NULL, 58),
(74, 136, 0, 1, 0, NULL, 58),
(75, 87, 4, 1, 0, NULL, 59),
(76, 136, 0, 1, 0, NULL, 59),
(77, 87, 4, 1, 0, NULL, 60),
(78, 143, 0, 1, 0, NULL, 60),
(79, 87, 4, 1, 0, NULL, 61),
(80, 143, 0, 1, 0, NULL, 61),
(81, 87, 4, 1, 0, NULL, 62),
(82, 143, 0, 1, 0, NULL, 62),
(83, 87, 4, 1, 0, NULL, 63),
(84, 140, 0, 1, 0, NULL, 63),
(85, 87, 4, 1, 0, NULL, 65),
(86, 140, 0, 1, 0, NULL, 65),
(87, 87, 4, 1, 0, NULL, 66),
(88, 140, 0, 1, 0, NULL, 66),
(89, 87, 4, 1, 0, NULL, 67),
(90, 143, 0, 1, 0, NULL, 67),
(91, 92, 4, 1, 0, NULL, 68),
(92, 143, 0, 1, 0, NULL, 68),
(93, 92, 4, 1, 0, NULL, 69),
(94, 136, 0, 1, 0, NULL, 69),
(95, 89, 4, 1, 0, NULL, 70),
(96, 136, 0, 1, 0, NULL, 70),
(97, 89, 4, 1, 0, NULL, 71),
(98, 140, 0, 1, 0, NULL, 71),
(99, 87, 4, 1, 0, NULL, 72),
(100, 140, 0, 1, 0, NULL, 72),
(101, 87, 4, 1, 0, NULL, 73),
(102, 136, 0, 1, 0, NULL, 73),
(103, 95, 4, 1, 0, NULL, 74),
(104, 136, 0, 1, 0, NULL, 74),
(105, 95, 4, 1, 0, NULL, 75),
(106, 140, 0, 1, 0, NULL, 75),
(107, 87, 4, 1, 0, NULL, 76),
(108, 140, 0, 1, 0, NULL, 76),
(109, 87, 4, 1, 0, NULL, 77),
(110, 140, 0, 1, 0, NULL, 77),
(111, 87, 4, 1, 0, NULL, 79),
(112, 140, 0, 1, 0, NULL, 79),
(113, 87, 4, 1, 0, NULL, 80),
(114, 144, 0, 1, 0, NULL, 80),
(115, 87, 4, 1, 0, NULL, 81),
(116, 144, 0, 1, 0, NULL, 81),
(117, 87, 4, 1, 0, NULL, 82),
(118, 143, 0, 1, 0, NULL, 82),
(119, 89, 4, 1, 0, NULL, 83),
(120, 143, 0, 1, 0, NULL, 83),
(121, 89, 4, 1, 0, NULL, 84),
(122, 143, 0, 1, 0, NULL, 84),
(123, 87, 4, 1, 0, NULL, 85),
(124, 143, 0, 1, 0, NULL, 85),
(125, 87, 4, 1, 0, NULL, 86),
(126, 143, 0, 1, 0, NULL, 86),
(127, 87, 4, 1, 0, NULL, 87),
(128, 143, 0, 1, 0, NULL, 87),
(129, 87, 4, 1, 0, NULL, 88),
(130, 143, 0, 1, 0, NULL, 88),
(131, 92, 4, 1, 0, NULL, 89),
(132, 143, 0, 1, 0, NULL, 89),
(133, 92, 4, 1, 0, NULL, 90),
(134, 143, 0, 1, 0, NULL, 90),
(135, 92, 4, 1, 0, NULL, 91),
(136, 143, 0, 1, 0, NULL, 91),
(137, 92, 4, 1, 0, NULL, 92),
(138, 143, 0, 1, 0, NULL, 92),
(139, 95, 4, 1, 0, NULL, 93),
(140, 143, 0, 1, 0, NULL, 93),
(141, 95, 4, 1, 0, NULL, 94),
(142, 144, 0, 1, 0, NULL, 94),
(145, 113, 2, 1, 0, NULL, 98),
(147, 120, 2, 1, 0, NULL, 103),
(148, 120, 2, 1, 0, NULL, 104),
(149, 87, 4, 1, 0, NULL, 106),
(150, 136, 0, 1, 0, NULL, 106),
(151, 87, 4, 1, 0, NULL, 107),
(152, 136, 0, 1, 0, NULL, 107),
(153, 87, 4, 1, 0, NULL, 108),
(154, 140, 0, 1, 0, NULL, 108),
(155, 92, 4, 1, 0, NULL, 109),
(156, 140, 0, 1, 0, NULL, 109),
(157, 92, 4, 1, 0, NULL, 110),
(158, 143, 0, 1, 0, NULL, 110),
(159, 87, 4, 1, 0, NULL, 111),
(160, 143, 0, 1, 0, NULL, 111),
(161, 87, 4, 1, 0, NULL, 112),
(162, 143, 0, 1, 0, NULL, 112),
(163, 87, 4, 1, 0, NULL, 113),
(164, 143, 0, 1, 0, NULL, 113),
(165, 87, 4, 1, 0, 7, 114),
(166, 143, 0, 1, 0, NULL, 114),
(167, 143, 0, 1, 0, NULL, 115),
(168, 143, 2, 1, 0, NULL, 116),
(169, 142, 0, 0, 0, NULL, 117),
(170, 142, 0, 0, 0, NULL, 118),
(171, 142, 0, 0, 0, NULL, 119),
(172, 87, 2, 1, 0, NULL, 124),
(173, 92, 2, 1, 0, NULL, 125),
(174, 85, 2, 1, 0, NULL, 128),
(175, 80, 2, 1, 0, NULL, 132),
(176, 79, 2, 1, 0, NULL, 133),
(177, 79, 2, 1, 0, NULL, 134),
(178, 81, 0, 0, 0, NULL, 135),
(179, 113, 2, 1, 0, NULL, 138),
(180, 143, 2, 1, 0, NULL, 139),
(181, 143, 0, 1, 0, NULL, 140),
(182, 115, 4, 1, 0, NULL, 140),
(183, 136, 0, 1, 0, NULL, 141),
(184, 115, 4, 1, 0, NULL, 141),
(185, 118, 2, 1, 0, NULL, 143),
(186, 143, 0, 1, 0, NULL, 144),
(187, 118, 4, 1, 0, NULL, 144),
(188, 80, 2, 1, 0, NULL, 147);

-- --------------------------------------------------------

--
-- Table structure for table `user`
--

CREATE TABLE IF NOT EXISTS `user` (
  `user_id` int(16) NOT NULL AUTO_INCREMENT,
  `username` varchar(32) COLLATE utf8_unicode_ci NOT NULL,
  `password` char(255) COLLATE utf8_unicode_ci NOT NULL,
  `salt` char(255) COLLATE utf8_unicode_ci NOT NULL,
  `created_date` datetime NOT NULL,
  `updated_date` timestamp NOT NULL DEFAULT CURRENT_TIMESTAMP ON UPDATE CURRENT_TIMESTAMP,
  `fk_permission_id` int(8) NOT NULL,
  PRIMARY KEY (`user_id`),
  KEY `user_id` (`user_id`),
  KEY `fk_permission_id` (`fk_permission_id`)
) ENGINE=InnoDB  DEFAULT CHARSET=utf8 COLLATE=utf8_unicode_ci AUTO_INCREMENT=3 ;

--
-- Dumping data for table `user`
--

INSERT INTO `user` (`user_id`, `username`, `password`, `salt`, `created_date`, `updated_date`, `fk_permission_id`) VALUES
(1, 'admin', '$2a$07$53b701839a43b18214295O8FgSqSXBJWI8kMf8rpdQsRnKBST1lJC', '$2a$07$53b701839a43b18214295bcc44f969fdf2058704bd8ec2aa4077f6ac2b6697d596d9f30b27dc58face8911aff4cb10440d79f698669a8e43d4ec6071f19de965$', '2015-05-28 17:20:32', '2015-05-28 15:20:46', 1),
(2, 'fourleaves', '$2a$07$eedc5708261c69588b422uCfWdVFhlNd8PcobQLOt6c2OFyirkheq', '$2a$07$eedc5708261c69588b4223725e61fb59d222f13eec491c067d20bd2d0a627db73eb0eb8da4e9a591e508b53e5546bb27cde13cbb60e40135a388da76d9f0c7ec$', '2015-05-28 17:32:42', '2015-05-28 15:32:42', 2);

--
-- Constraints for dumped tables
--

--
-- Constraints for table `choice`
--
ALTER TABLE `choice`
  ADD CONSTRAINT `choice_ibfk_1` FOREIGN KEY (`jumpto_line_id`) REFERENCES `line` (`line_id`) ON DELETE CASCADE ON UPDATE NO ACTION,
  ADD CONSTRAINT `choice_ibfk_2` FOREIGN KEY (`fk_line_id`) REFERENCES `line` (`line_id`) ON DELETE CASCADE ON UPDATE NO ACTION;

--
-- Constraints for table `configuration`
--
ALTER TABLE `configuration`
  ADD CONSTRAINT `configuration_ibfk_1` FOREIGN KEY (`fk_fonttype_id`) REFERENCES `fonttype` (`fonttype_id`) ON UPDATE NO ACTION,
  ADD CONSTRAINT `configuration_ibfk_2` FOREIGN KEY (`fk_user_id`) REFERENCES `user` (`user_id`) ON DELETE CASCADE ON UPDATE NO ACTION,
  ADD CONSTRAINT `configuration_ibfk_3` FOREIGN KEY (`fk_project_id`) REFERENCES `project` (`project_id`) ON DELETE CASCADE ON UPDATE NO ACTION;

--
-- Constraints for table `line`
--
ALTER TABLE `line`
  ADD CONSTRAINT `line_ibfk_1` FOREIGN KEY (`jumpto_line_id`) REFERENCES `line` (`line_id`) ON DELETE CASCADE ON UPDATE NO ACTION,
  ADD CONSTRAINT `line_ibfk_2` FOREIGN KEY (`fk_linetype_id`) REFERENCES `linetype` (`linetype_id`) ON UPDATE NO ACTION,
  ADD CONSTRAINT `line_ibfk_3` FOREIGN KEY (`fk_project_id`) REFERENCES `project` (`project_id`) ON DELETE CASCADE ON UPDATE NO ACTION;

--
-- Constraints for table `lineres`
--
ALTER TABLE `lineres`
  ADD CONSTRAINT `lineres_ibfk_1` FOREIGN KEY (`fk_resource_id`) REFERENCES `resource` (`resource_id`) ON DELETE CASCADE ON UPDATE NO ACTION,
  ADD CONSTRAINT `lineres_ibfk_2` FOREIGN KEY (`fk_line_id`) REFERENCES `line` (`line_id`) ON DELETE CASCADE ON UPDATE NO ACTION;

--
-- Constraints for table `project`
--
ALTER TABLE `project`
  ADD CONSTRAINT `project_ibfk_1` FOREIGN KEY (`fk_user_id`) REFERENCES `user` (`user_id`) ON DELETE CASCADE ON UPDATE NO ACTION,
  ADD CONSTRAINT `project_ibfk_2` FOREIGN KEY (`fk_projectstatus_id`) REFERENCES `projectstatus` (`projectstatus_id`) ON UPDATE NO ACTION;

--
-- Constraints for table `resource`
--
ALTER TABLE `resource`
  ADD CONSTRAINT `resource_ibfk_1` FOREIGN KEY (`fk_resourcetype_id`) REFERENCES `resourcetype` (`resourcetype_id`) ON UPDATE NO ACTION,
  ADD CONSTRAINT `resource_ibfk_2` FOREIGN KEY (`fk_project_id`) REFERENCES `project` (`project_id`) ON DELETE CASCADE ON UPDATE NO ACTION;

--
-- Constraints for table `savedata`
--
ALTER TABLE `savedata`
  ADD CONSTRAINT `savedata_ibfk_1` FOREIGN KEY (`fk_line_id`) REFERENCES `line` (`line_id`) ON DELETE CASCADE ON UPDATE NO ACTION,
  ADD CONSTRAINT `savedata_ibfk_2` FOREIGN KEY (`fk_user_id`) REFERENCES `user` (`user_id`) ON DELETE CASCADE ON UPDATE NO ACTION,
  ADD CONSTRAINT `savedata_ibfk_3` FOREIGN KEY (`fk_savedatatype_id`) REFERENCES `savedatatype` (`savedatatype_id`) ON UPDATE NO ACTION,
  ADD CONSTRAINT `savedata_ibfk_4` FOREIGN KEY (`fk_project_id`) REFERENCES `project` (`project_id`) ON DELETE CASCADE ON UPDATE NO ACTION;

--
-- Constraints for table `sprite`
--
ALTER TABLE `sprite`
  ADD CONSTRAINT `sprite_ibfk_1` FOREIGN KEY (`fk_resource_id`) REFERENCES `resource` (`resource_id`) ON DELETE CASCADE,
  ADD CONSTRAINT `sprite_ibfk_2` FOREIGN KEY (`fk_effect_id`) REFERENCES `effect` (`effect_id`),
  ADD CONSTRAINT `sprite_ibfk_3` FOREIGN KEY (`fk_line_id`) REFERENCES `line` (`line_id`) ON DELETE CASCADE;

--
-- Constraints for table `user`
--
ALTER TABLE `user`
  ADD CONSTRAINT `user_ibfk_1` FOREIGN KEY (`fk_permission_id`) REFERENCES `permission` (`permission_id`);

/*!40101 SET CHARACTER_SET_CLIENT=@OLD_CHARACTER_SET_CLIENT */;
/*!40101 SET CHARACTER_SET_RESULTS=@OLD_CHARACTER_SET_RESULTS */;
/*!40101 SET COLLATION_CONNECTION=@OLD_COLLATION_CONNECTION */;
